PitchNo,Date,Time,PAofInning,PitchofPA,Pitcher,PitcherId,PitcherThrows,PitcherTeam,Batter,BatterId,BatterSide,BatterTeam,PitcherSet,Inning,Top/Bottom,Outs,Balls,Strikes,TaggedPitchType,AutoPitchType,PitchCall,KorBB,TaggedHitType,PlayResult,OutsOnPlay,RunsScored,Notes,RelSpeed,VertRelAngle,HorzRelAngle,SpinRate,SpinAxis,Tilt,RelHeight,RelSide,Extension,VertBreak,InducedVertBreak,HorzBreak,PlateLocHeight,PlateLocSide,ZoneSpeed,VertApprAngle,HorzApprAngle,ZoneTime,ExitSpeed,Angle,Direction,HitSpinRate,PositionAt110X,PositionAt110Y,PositionAt110Z,Distance,LastTrackedDistance,Bearing,HangTime,pfxx,pfxz,x0,y0,z0,vx0,vy0,vz0,ax0,ay0,az0,HomeTeam,AwayTeam,Stadium,Level,League,GameID,PitchUID,EffectiveVelo,MaxHeight,MeasuredDuration,SpeedDrop,PitchLastMeasuredX,PitchLastMeasuredY,PitchLastMeasuredZ,ContactPositionX,ContactPositionY,ContactPositionZ,GameUID,UTCDate,UTCTime,LocalDateTime,UTCDateTime,AutoHitType,System,HomeTeamForeignID,AwayTeamForeignID,GameForeignID,Catcher,CatcherId,CatcherThrows,CatcherTeam,PlayID,PitchTrajectoryXc0,PitchTrajectoryXc1,PitchTrajectoryXc2,PitchTrajectoryYc0,PitchTrajectoryYc1,PitchTrajectoryYc2,PitchTrajectoryZc0,PitchTrajectoryZc1,PitchTrajectoryZc2,HitSpinAxis,HitTrajectoryXc0,HitTrajectoryXc1,HitTrajectoryXc2,HitTrajectoryXc3,HitTrajectoryXc4,HitTrajectoryXc5,HitTrajectoryXc6,HitTrajectoryXc7,HitTrajectoryXc8,HitTrajectoryYc0,HitTrajectoryYc1,HitTrajectoryYc2,HitTrajectoryYc3,HitTrajectoryYc4,HitTrajectoryYc5,HitTrajectoryYc6,HitTrajectoryYc7,HitTrajectoryYc8,HitTrajectoryZc0,HitTrajectoryZc1,HitTrajectoryZc2,HitTrajectoryZc3,HitTrajectoryZc4,HitTrajectoryZc5,HitTrajectoryZc6,HitTrajectoryZc7,HitTrajectoryZc8,ThrowSpeed,PopTime,ExchangeTime,TimeToBase,CatchPositionX,CatchPositionY,CatchPositionZ,ThrowPositionX,ThrowPositionY,ThrowPositionZ,BasePositionX,BasePositionY,BasePositionZ,ThrowTrajectoryXc0,ThrowTrajectoryXc1,ThrowTrajectoryXc2,ThrowTrajectoryYc0,ThrowTrajectoryYc1,ThrowTrajectoryYc2,ThrowTrajectoryZc0,ThrowTrajectoryZc1,ThrowTrajectoryZc2,PitchReleaseConfidence,PitchLocationConfidence,PitchMovementConfidence,HitLaunchConfidence,HitLandingConfidence,CatcherThrowCatchConfidence,CatcherThrowReleaseConfidence,CatcherThrowLocationConfidence,Vel,IndVertBrk,HorzBrk,Spin,HorzBrk_norm,xRV,mean_xRV,std_xRV,xRV+,SwStr
1,2025-06-14,17:06:40.65,1,1,"Dudan, Jacob",1000187195,Right,BRE_WHI,"Miller, Cody",811764.0,Right,YAR_RED,Undefined,1,Top,0,0,0,Sinker,Sinker,StrikeSwinging,Undefined,Undefined,Undefined,0,0,,93.98167,0.807156,-2.858649,2247.70086,251.185989,2:15,6.15451,1.89831,8.40146,-22.24064,6.45036,16.32765,5.01614,0.72785,85.82894,-3.541578,0.212915,0.385518,,,,,,,,,,,,-9.85253,3.71681,-1.79094,50.0,6.18222,6.32944,-136.9281,1.50315,-18.66827,30.7988,-25.13158,BRE_WHI,YAR_RED,CCBLBrewster,Cape Cod Baseball League,CCBL,20250614-CCBLBrewster-1,77f302d0-4963-11f0-9ca6-316a2cb06a4e,97.77093,,,8.15273,,,,,,,908373c5-44f8-4d85-b4f8-ea51cc7d743f,2025-06-14,21:06:40.65,2025-06-14T17:06:40.6584832-04:00,2025-06-14T21:06:40.6584832Z,,v3,6096,6104,,"Tinney, Carson",806245,Right,BRE_WHI,24d5d376-7746-497b-92e8-37ed9bf9c74e,52.09684,-137.39893,15.3994,6.15631,1.88734,-12.56579,-1.88988,6.61483,-9.33413,,,,,,,,,,,,,,,,,,,,,,,,,,,,,,,,,,,,,,,,,,,,,,,,,,,High,High,High,,,,,,93.98167,6.45036,16.32765,2247.70086,16.32765,2.2311889432414125,0.15735766770103676,0.3861465535206231,19.441287641987827,1
2,2025-06-14,17:06:59.38,1,2,"Dudan, Jacob",1000187195,Right,BRE_WHI,"Miller, Cody",811764.0,Right,YAR_RED,Undefined,1,Top,0,0,1,Sinker,Sinker,StrikeCalled,Undefined,Undefined,Undefined,0,0,,93.46155,-0.464723,-4.407423,2256.350832,256.646008,2:30,6.14717,1.85446,8.56035,-24.33722,4.51347,15.29178,3.708,-0.76586,85.64775,-5.208856,-1.527845,0.386589,,,,,,,,,,,,-9.73591,3.02559,-1.70177,50.0,6.1302,10.02721,-136.00316,-1.56934,-18.24508,29.67809,-26.50406,BRE_WHI,YAR_RED,CCBLBrewster,Cape Cod Baseball League,CCBL,20250614-CCBLBrewster-1,83247580-4963-11f0-9ca6-316a2cb06a4e,97.50002,,,7.81379,,,,,,,908373c5-44f8-4d85-b4f8-ea51cc7d743f,2025-06-14,21:06:59.38,2025-06-14T17:06:59.3879552-04:00,2025-06-14T21:06:59.3879552Z,,v3,6096,6104,,"Tinney, Carson",806245,Right,BRE_WHI,c2f68ebd-2835-499f-8b55-43ab2f2cc0dd,51.93831,-136.42548,14.83905,6.14985,-1.19219,-13.25203,-1.84631,10.28683,-9.12254,,,,,,,,,,,,,,,,,,,,,,,,,,,,,,,,,,,,,,,,,,,,,,,,,,,High,High,High,,,,,,93.46155,4.51347,15.29178,2256.350832,15.29178,2.0279721791164325,0.15735766770103676,0.3861465535206231,27.335315010826932,0
3,2025-06-14,17:07:23.20,1,3,"Dudan, Jacob",1000187195,Right,BRE_WHI,"Miller, Cody",811764.0,Right,YAR_RED,Undefined,1,Top,0,0,2,Sinker,Four-Seam,StrikeCalled,Strikeout,Undefined,Undefined,1,0,,94.99361,-2.425429,-3.86201,2433.225148,230.795745,1:45,6.58579,1.53294,8.37458,-15.49977,12.69264,14.46914,3.1411,-0.68495,86.93222,-5.490121,-1.145099,0.382153,,,,,,,,,,,,-9.13567,8.09178,-1.38758,50.0,6.49258,8.88298,-138.14962,-6.10067,-17.63629,31.08829,-16.55301,BRE_WHI,YAR_RED,CCBLBrewster,Cape Cod Baseball League,CCBL,20250614-CCBLBrewster-1,9167bc10-4963-11f0-9ca6-316a2cb06a4e,98.63169,,,8.06139,,,,,,,908373c5-44f8-4d85-b4f8-ea51cc7d743f,2025-06-14,21:07:23.20,2025-06-14T17:07:23.2000000-04:00,2025-06-14T21:07:23.2000000Z,,v3,6096,6104,,"Tinney, Carson",806245,Right,BRE_WHI,a0ec140d-e14d-4c11-864e-33fe3ea226dc,52.12402,-138.62677,15.54415,6.58426,-5.84661,-8.27651,-1.52599,9.15367,-8.81814,,,,,,,,,,,,,,,,,,,,,,,,,,,,,60.61238,2.935104,1.792819,1.142285,-2.2812,2.77717,0.75246,-4.37982,8.29546,-2.54105,71.74504,7.32269,-53.02179,-4.32433,72.91403,-5.58733,8.31982,14.23879,-13.2567,-2.56767,-47.36063,2.81995,High,High,High,,,High,High,High,94.99361,12.69264,14.46914,2433.225148,14.46914,2.135551004960388,0.15735766770103676,0.3861465535206231,23.15637731749038,0
4,2025-06-14,17:07:58.27,2,1,"Dudan, Jacob",1000187195,Right,BRE_WHI,"Wright, Garrett ",1000267043.0,Right,YAR_RED,Undefined,1,Top,2,0,0,Sinker,Sinker,StrikeCalled,Undefined,Undefined,Undefined,0,0,,94.05427,-0.625632,-4.373739,2263.174673,252.18197,2:30,6.12875,1.87765,8.38825,-21.62989,7.20552,19.49729,3.77099,-0.37548,85.65595,-4.858624,-0.713548,0.386487,,,,,,,,,,,,-12.07465,4.55796,-1.71302,50.0,6.10346,9.8519,-136.79951,-1.90973,-22.75981,31.676,-23.58262,BRE_WHI,YAR_RED,CCBLBrewster,Cape Cod Baseball League,CCBL,20250614-CCBLBrewster-1,a6593720-4963-11f0-9ca6-316a2cb06a4e,97.52585,,,8.39832,,,,,,,908373c5-44f8-4d85-b4f8-ea51cc7d743f,2025-06-14,21:07:58.27,2025-06-14T17:07:58.2725120-04:00,2025-06-14T21:07:58.2725120Z,,v3,6096,6104,,"Tinney, Carson",806245,Right,BRE_WHI,7d1b9789-ab66-4590-86ec-5f191274ac26,52.11033,-137.28728,15.838,6.13007,-1.54658,-11.79131,-1.86742,10.20238,-11.37991,,,,,,,,,,,,,,,,,,,,,,,,,,,,,,,,,,,,,,,,,,,,,,,,,,,High,High,High,,,,,,94.05427,7.20552,19.49729,2263.174673,19.49729,1.9011081517352535,0.15735766770103676,0.3861465535206231,32.263393206444064,0
5,2025-06-14,17:08:16.00,2,2,"Dudan, Jacob",1000187195,Right,BRE_WHI,"Wright, Garrett ",1000267043.0,Right,YAR_RED,Undefined,1,Top,2,0,1,Slider,Slider,FoulBallNotFieldable,Undefined,Undefined,Undefined,0,0,,86.78522,0.974633,-2.455929,2894.392156,104.000727,9:30,6.11785,2.23036,7.76816,-32.49104,2.00177,-3.83004,4.28416,-0.29002,79.55367,-5.243557,-3.167306,0.422703,,,,,,,,,,,,1.40039,1.18205,-2.11265,50.0,6.15893,5.53747,-126.35769,1.39295,2.26,26.18382,-30.26642,BRE_WHI,YAR_RED,CCBLBrewster,Cape Cod Baseball League,CCBL,20250614-CCBLBrewster-1,b0e5de50-4963-11f0-9ca6-316a2cb06a4e,89.16995,,,7.23155,,,,,,,908373c5-44f8-4d85-b4f8-ea51cc7d743f,2025-06-14,21:08:16.00,2025-06-14T17:08:16.0053248-04:00,2025-06-14T21:08:16.0053248Z,,v3,6096,6104,,"Tinney, Carson",806245,Right,BRE_WHI,fa14d3f3-da5a-474a-84e3-09de4f261e97,52.73092,-126.92233,13.09191,6.12185,2.04563,-15.13321,-2.23154,5.48874,1.13,,,,,,,,,,,,,,,,,,,,,,,,,,,,,,,,,,,,,,,,,,,,,,,,,,,High,High,High,,,,,,86.78522,2.00177,-3.83004,2894.392156,-3.83004,1.3841336684713197,0.15996036246036463,0.40035012296546346,54.13364818237263,0
6,2025-06-14,17:08:46.29,2,3,"Dudan, Jacob",1000187195,Right,BRE_WHI,"Wright, Garrett ",1000267043.0,Right,YAR_RED,Undefined,1,Top,2,0,2,Sinker,Sinker,BallCalled,Undefined,Undefined,Undefined,0,0,,92.77516,-2.492134,-5.339011,2136.800301,261.508649,2:45,6.05498,2.04078,8.3843,-25.91462,3.71295,18.66808,1.67893,-1.14219,85.17054,-7.501269,-1.838852,0.39176,,,,,,,,,,,,-11.93823,3.11083,-1.84112,50.0,5.96015,12.04861,-134.70408,-6.41061,-21.9259,29.37546,-26.46064,BRE_WHI,YAR_RED,CCBLBrewster,Cape Cod Baseball League,CCBL,20250614-CCBLBrewster-1,c2f82e40-4963-11f0-9ca6-316a2cb06a4e,96.21321,,,7.60462,,,,,,,908373c5-44f8-4d85-b4f8-ea51cc7d743f,2025-06-14,21:08:46.29,2025-06-14T17:08:46.2948864-04:00,2025-06-14T21:08:46.2948864Z,,v3,6096,6104,,"Tinney, Carson",806245,Right,BRE_WHI,55f001f4-bf39-4e2a-bb4e-e6ec3d54266c,52.11652,-135.16485,14.68773,6.05745,-5.99556,-13.23032,-2.0328,12.39253,-10.96295,,,,,,,,,,,,,,,,,,,,,,,,,,,,,,,,,,,,,,,,,,,,,,,,,,,High,High,High,,,,,,92.77516,3.71295,18.66808,2136.800301,18.66808,1.7035252046928044,0.15735766770103676,0.3861465535206231,39.9385729500293,0
7,2025-06-14,17:09:06.01,2,4,"Dudan, Jacob",1000187195,Right,BRE_WHI,"Wright, Garrett ",1000267043.0,Right,YAR_RED,Undefined,1,Top,2,1,2,Sinker,Sinker,InPlay,Undefined,GroundBall,Error,0,0,,95.84756,-1.028283,-3.081284,2339.232902,241.596273,2:00,6.34338,1.94046,8.33254,-18.0382,9.60378,16.17859,3.92784,0.55638,87.72717,-4.568633,-0.041683,0.378404,78.34856,-20.527541,-3.056672,,,,,8.17491,5.30501,-7.516911,0.088514,-9.91142,5.95863,-1.82254,50.0,6.3018,7.0277,-139.63253,-2.83534,-19.54474,31.79114,-20.42398,BRE_WHI,YAR_RED,CCBLBrewster,Cape Cod Baseball League,CCBL,20250614-CCBLBrewster-1,ceb258f0-4963-11f0-9ca6-316a2cb06a4e,99.60888,3.58099,,8.12039,,,,-1.44552,3.58099,-0.55946,908373c5-44f8-4d85-b4f8-ea51cc7d743f,2025-06-14,21:09:06.01,2025-06-14T17:09:06.0140544-04:00,2025-06-14T21:09:06.0140544Z,GroundBall,v3,6096,6104,,"Tinney, Carson",806245,Right,BRE_WHI,64afcaf1-4f14-49fa-800e-0dd4372773cd,52.16738,-140.12513,15.89557,6.34328,-2.51887,-10.21199,-1.93377,7.33054,-9.77237,180.0,-1.45168,107.8941,,,,,,,,3.5833,-40.45663,,,,,,,,-0.55913,-5.76151,,,,,,,,,,,,,,,,,,,,,,,,,,,,,,High,High,High,Medium,Medium,,,,95.84756,9.60378,16.17859,2339.232902,16.17859,2.228886519951664,0.15735766770103676,0.3861465535206231,19.530726092315405,0
8,2025-06-14,17:09:55.25,3,1,"Dudan, Jacob",1000187195,Right,BRE_WHI,"Baker, Will",815345.0,Left,YAR_RED,Undefined,1,Top,2,0,0,Sinker,Sinker,BallCalled,Undefined,Undefined,Undefined,2,0,,94.32451,-0.549128,-4.679599,2183.27179,257.914547,2:30,6.22021,2.19882,8.08655,-23.6723,4.83244,19.00859,3.75705,-0.3921,87.48565,-5.102471,-1.134461,0.384264,82.87317,-6.819335,2.902076,,,,,20.69579,14.50051,4.244085,0.186383,-11.67804,3.08,-2.00117,50.0,6.19358,10.6658,-137.28615,-1.84116,-22.61708,26.1825,-26.20895,BRE_WHI,YAR_RED,CCBLBrewster,Cape Cod Baseball League,CCBL,20250614-CCBLBrewster-1,ec0de950-4963-11f0-9ca6-316a2cb06a4e,98.0899,3.45178,,6.83886,,,,-1.29899,3.45178,0.4749,908373c5-44f8-4d85-b4f8-ea51cc7d743f,2025-06-14,21:09:55.25,2025-06-14T17:09:55.2547840-04:00,2025-06-14T21:09:55.2547840Z,GroundBall,v3,6096,6104,,"Tinney, Carson",806245,Right,BRE_WHI,508d09e5-9326-4d58-8adf-8544fd619b90,52.41619,-137.74618,13.09125,6.22188,-1.38067,-13.10448,-2.19206,11.06319,-11.30854,11.404894,-1.29865,120.50758,-15.0606,,,,,,,3.45258,-14.48947,-21.67338,,,,,,,0.47502,6.10204,-2.32726,,,,,,,,,,,,,,,,,,,,,,,,,,,,,High,High,High,High,High,,,,94.32451,4.83244,19.00859,2183.27179,19.00859,1.9191502805706704,0.15735766770103676,0.3861465535206231,31.562540304705564,0
24,2025-06-14,17:21:07.91,1,1,"Dudan, Jacob",1000187195,Right,BRE_WHI,"Hernandez, Alex",815415.0,Right,YAR_RED,Undefined,2,Top,0,0,0,Sinker,Sinker,FoulBallNotFieldable,Undefined,Undefined,Undefined,0,0,,93.22231,0.085711,-2.637938,2052.895422,254.53355,2:30,6.1446,2.10407,8.36859,-23.20249,5.8767,18.10103,4.28702,1.27558,85.54294,-4.433567,0.76732,0.388117,,,,,,,,,,,,-10.85083,3.57725,-2.00438,50.0,6.14551,5.73498,-135.92477,-0.24721,-20.32284,29.48113,-25.47411,BRE_WHI,YAR_RED,CCBLBrewster,Cape Cod Baseball League,CCBL,20250614-CCBLBrewster-1,7cfc9d20-4965-11f0-9ca6-316a2cb06a4e,97.11625,,,7.67937,,,,,,,908373c5-44f8-4d85-b4f8-ea51cc7d743f,2025-06-14,21:21:07.91,2025-06-14T17:21:07.9142912-04:00,2025-06-14T21:21:07.9142912Z,,v3,6096,6104,,"Tinney, Carson",806245,Right,BRE_WHI,83e6c493-11d3-4ff0-aa29-4ff5528f0ac7,52.13204,-136.38641,14.74057,6.14625,0.15168,-12.73706,-2.09667,6.05322,-10.16142,,,,,,,,,,,,,,,,,,,,,,,,,,,,,,,,,,,,,,,,,,,,,,,,,,,High,High,High,,,,,,93.22231,5.8767,18.10103,2052.895422,18.10103,1.633421010539425,0.15735766770103676,0.3861465535206231,42.66179526734185,0
25,2025-06-14,17:21:31.59,1,2,"Dudan, Jacob",1000187195,Right,BRE_WHI,"Hernandez, Alex",815415.0,Right,YAR_RED,Undefined,2,Top,0,0,1,Sinker,Sinker,BallCalled,Undefined,Undefined,Undefined,0,0,,94.2239,0.857811,-3.853115,2259.205093,252.256585,2:30,6.15895,2.01081,8.35506,-21.90296,6.83402,18.46903,5.09507,0.13284,85.7023,-3.42843,-0.386953,0.385826,,,,,,,,,,,,-11.31434,3.90732,-1.86333,50.0,6.1891,8.64325,-137.10847,1.63145,-21.4275,31.76203,-24.77425,BRE_WHI,YAR_RED,CCBLBrewster,Cape Cod Baseball League,CCBL,20250614-CCBLBrewster-1,8b034fe0-4965-11f0-9ca6-316a2cb06a4e,97.69274,,,8.5216,,,,,,,908373c5-44f8-4d85-b4f8-ea51cc7d743f,2025-06-14,21:21:31.59,2025-06-14T17:21:31.5932160-04:00,2025-06-14T21:21:31.5932160Z,,v3,6096,6104,,"Tinney, Carson",806245,Right,BRE_WHI,90582a44-b9ca-452f-8291-d1ca64f7279a,52.14298,-137.604,15.88102,6.16064,2.01797,-12.38713,-2.00078,8.97755,-10.71375,,,,,,,,,,,,,,,,,,,,,,,,,,,,,,,,,,,,,,,,,,,,,,,,,,,High,High,High,,,,,,94.2239,6.83402,18.46903,2259.205093,18.46903,1.9653617889394068,0.15735766770103676,0.3861465535206231,29.767437851475904,0
26,2025-06-14,17:21:51.54,1,3,"Dudan, Jacob",1000187195,Right,BRE_WHI,"Hernandez, Alex",815415.0,Right,YAR_RED,Undefined,2,Top,0,1,1,Sinker,Sinker,BallCalled,Undefined,Undefined,Undefined,0,0,,95.09905,-0.604904,-4.335678,2150.05895,239.308675,2:00,6.13186,1.95289,8.29922,-17.78383,10.41178,16.05461,4.11209,-0.56002,86.88417,-4.100517,-1.328576,0.382175,,,,,,,,,,,,-10.07012,6.28311,-1.78369,50.0,6.1058,9.97131,-138.31588,-1.77797,-19.49624,31.02782,-20.00968,BRE_WHI,YAR_RED,CCBLBrewster,Cape Cod Baseball League,CCBL,20250614-CCBLBrewster-1,96e6fb90-4965-11f0-9ca6-316a2cb06a4e,98.62618,,,8.21488,,,,,,,908373c5-44f8-4d85-b4f8-ea51cc7d743f,2025-06-14,21:21:51.54,2025-06-14T17:21:51.5471360-04:00,2025-06-14T21:21:51.5471360Z,,v3,6096,6104,,"Tinney, Carson",806245,Right,BRE_WHI,f45dd42f-b6c9-4ff6-b0e5-3895384c97ab,52.19889,-138.80828,15.51391,6.13149,-1.46043,-10.00484,-1.94439,10.2807,-9.74812,,,,,,,,,,,,,,,,,,,,,,,,,,,,,,,,,,,,,,,,,,,,,,,,,,,High,High,High,,,,,,95.09905,10.41178,16.05461,2150.05895,16.05461,2.0542500728635407,0.15735766770103676,0.3861465535206231,26.31454089640623,0
27,2025-06-14,17:22:14.17,1,4,"Dudan, Jacob",1000187195,Right,BRE_WHI,"Hernandez, Alex",815415.0,Right,YAR_RED,Undefined,2,Top,0,2,1,Sinker,Sinker,FoulBallNotFieldable,Undefined,Undefined,Undefined,0,0,,94.65491,-0.814876,-4.242997,2193.282713,242.183626,2:00,6.13218,2.08423,8.26832,-19.19277,9.27197,15.90241,3.80795,-0.36102,86.61406,-4.570448,-1.265322,0.383995,78.78578,13.655041,168.119435,,,,,,32.16324,,,-9.96709,5.70677,-1.91676,50.0,6.09759,9.71276,-137.69221,-2.32302,-19.13978,30.49963,-21.21531,BRE_WHI,YAR_RED,CCBLBrewster,Cape Cod Baseball League,CCBL,20250614-CCBLBrewster-1,a46396c0-4965-11f0-9ca6-316a2cb06a4e,98.1588,10.49095,,8.04084,,,,0.04932,3.58484,0.30237,908373c5-44f8-4d85-b4f8-ea51cc7d743f,2025-06-14,21:22:14.17,2025-06-14T17:22:14.1709824-04:00,2025-06-14T21:22:14.1709824Z,,v3,6096,6104,,"Tinney, Carson",806245,Right,BRE_WHI,5ab26d98-e351-43c0-84d5-58d14dcd9986,52.2304,-138.18537,15.24982,6.13238,-1.97998,-10.60765,-2.07631,10.02224,-9.56989,,0.04838,-109.83809,6.98508,,,,,,,3.58486,27.27804,-12.62373,,,,,,,0.30382,23.05115,-7.71533,,,,,,,,,,,,,,,,,,,,,,,,,,,,,High,High,High,Low,Undefined,,,,94.65491,9.27197,15.90241,2193.282713,15.90241,2.115671117721497,0.15735766770103676,0.3861465535206231,23.928618597037214,0
28,2025-06-14,17:22:39.53,1,5,"Dudan, Jacob",1000187195,Right,BRE_WHI,"Hernandez, Alex",815415.0,Right,YAR_RED,Undefined,2,Top,0,2,2,Sinker,Sinker,BallCalled,Undefined,Undefined,Undefined,0,0,,93.18098,-0.391355,-2.062354,2066.091497,258.071136,2:30,6.03947,2.12261,8.24653,-24.45608,4.71205,18.28828,3.65394,1.81573,85.79264,-5.127166,1.372656,0.38871,,,,,,,,,,,,-10.68044,3.05642,-2.03992,50.0,6.02154,4.33297,-135.90125,-1.44229,-20.04643,28.77892,-26.43739,BRE_WHI,YAR_RED,CCBLBrewster,Cape Cod Baseball League,CCBL,20250614-CCBLBrewster-1,b38185e0-4965-11f0-9ca6-316a2cb06a4e,96.96799,,,7.38834,,,,,,,908373c5-44f8-4d85-b4f8-ea51cc7d743f,2025-06-14,21:22:39.53,2025-06-14T17:22:39.5338752-04:00,2025-06-14T21:22:39.5338752Z,,v3,6096,6104,,"Tinney, Carson",806245,Right,BRE_WHI,ab81036a-1860-4068-ab84-e0aacb5de233,52.25375,-136.37768,14.38946,6.04179,-1.00463,-13.21869,-2.1144,4.66483,-10.02322,,,,,,,,,,,,,,,,,,,,,,,,,,,,,,,,,,,,,,,,,,,,,,,,,,,High,High,High,,,,,,93.18098,4.71205,18.28828,2066.091497,18.28828,1.5391404312625556,0.15735766770103676,0.3861465535206231,46.32415785030224,0
29,2025-06-14,17:23:01.53,1,6,"Dudan, Jacob",1000187195,Right,BRE_WHI,"Hernandez, Alex",815415.0,Right,YAR_RED,Undefined,2,Top,0,3,2,Slider,Slider,BallCalled,Walk,Undefined,Undefined,0,0,,86.12717,3.13392,-0.753336,2606.59625,89.888328,9:00,6.13596,2.04806,7.81735,-33.79959,0.98768,-3.67083,6.12685,1.06797,79.07213,-3.338669,-1.436149,0.424504,,,,,,,,,,,,1.79099,0.12941,-2.0127,50.0,6.27838,1.76505,-125.37274,6.07041,2.86522,24.13086,-31.96702,BRE_WHI,YAR_RED,CCBLBrewster,Cape Cod Baseball League,CCBL,20250614-CCBLBrewster-1,c0a44140-4965-11f0-9ca6-316a2cb06a4e,88.79178,,,7.05503,,,,,,,908373c5-44f8-4d85-b4f8-ea51cc7d743f,2025-06-14,21:23:01.53,2025-06-14T17:23:01.5398400-04:00,2025-06-14T21:23:01.5398400Z,,v3,6096,6104,,"Tinney, Carson",806245,Right,BRE_WHI,d2b37cef-7143-40a4-af42-7f49e5d2f82c,52.68086,-125.88767,12.06543,6.14156,6.75257,-15.98351,-2.04971,1.7039,1.43261,,,,,,,,,,,,,,,,,,,,,,,,,,,,,,,,,,,,,,,,,,,,,,,,,,,High,High,High,,,,,,86.12717,0.98768,-3.67083,2606.59625,-3.67083,1.8752968907339984,0.15996036246036463,0.40035012296546346,35.73113520356249,0
30,2025-06-14,17:23:36.71,2,1,"Dudan, Jacob",1000187195,Right,BRE_WHI,"Canon, Cider",835222.0,Right,YAR_RED,Undefined,2,Top,0,0,0,Sinker,Sinker,StrikeCalled,Undefined,Undefined,Undefined,0,0,,94.10422,0.311905,-3.950967,2146.05026,254.232502,2:30,6.1631,1.91376,8.48073,-22.56241,5.82701,17.70214,4.55906,-0.10648,86.49003,-4.087683,-0.620302,0.383486,,,,,,,,,,,,-10.89871,3.5126,-1.7714,50.0,6.17243,8.93716,-137.05883,0.31979,-20.83873,28.82452,-25.4578,BRE_WHI,YAR_RED,CCBLBrewster,Cape Cod Baseball League,CCBL,20250614-CCBLBrewster-1,d596a6b0-4965-11f0-9ca6-316a2cb06a4e,98.28892,,,7.61419,,,,,,,908373c5-44f8-4d85-b4f8-ea51cc7d743f,2025-06-14,21:23:36.71,2025-06-14T17:23:36.7148032-04:00,2025-06-14T21:23:36.7148032Z,,v3,6096,6104,,"Tinney, Carson",806245,Right,BRE_WHI,3ee67159-5896-498b-b7cd-d1c8806bb2bb,52.01918,-137.48282,14.41226,6.16497,0.69426,-12.7289,-1.90511,9.24368,-10.41936,,,,,,,,,,,,,,,,,,,,,,,,,,,,,,,,,,,,,,,,,,,,,,,,,,,High,High,High,,,,,,94.10422,5.82701,17.70214,2146.05026,17.70214,2.053266731422755,0.15735766770103676,0.3861465535206231,26.352739143878082,0
31,2025-06-14,17:24:22.95,2,2,"Dudan, Jacob",1000187195,Right,BRE_WHI,"Canon, Cider",835222.0,Right,YAR_RED,Undefined,2,Top,0,0,1,Sinker,Sinker,FoulBallNotFieldable,Undefined,Undefined,Undefined,0,0,,94.19801,0.973277,-2.81781,2188.586117,257.391319,2:30,6.15387,2.0927,8.32408,-23.26812,5.27158,19.77123,5.07834,1.24161,86.33382,-3.555165,0.896562,0.3845,,,,,,,,,,,,-11.78363,2.98677,-1.9839,50.0,6.18866,6.16123,-137.30498,1.8656,-22.52701,29.99904,-26.46418,BRE_WHI,YAR_RED,CCBLBrewster,Cape Cod Baseball League,CCBL,20250614-CCBLBrewster-1,f14152c0-4965-11f0-9ca6-316a2cb06a4e,98.02978,,,7.86419,,,,,,,908373c5-44f8-4d85-b4f8-ea51cc7d743f,2025-06-14,21:24:22.95,2025-06-14T17:24:22.9591552-04:00,2025-06-14T21:24:22.9591552Z,,v3,6096,6104,,"Tinney, Carson",806245,Right,BRE_WHI,1f72c762-4231-4ff2-9dac-491ceee8c993,52.17665,-137.77973,14.99952,6.15582,2.2844,-13.23209,-2.08423,6.51773,-11.26351,,,,,,,,,,,,,,,,,,,,,,,,,,,,,,,,,,,,,,,,,,,,,,,,,,,High,High,High,,,,,,94.19801,5.27158,19.77123,2188.586117,19.77123,1.7828847291096577,0.15735766770103676,0.3861465535206231,36.855824041876154,0
32,2025-06-14,17:25:07.70,2,3,"Dudan, Jacob",1000187195,Right,BRE_WHI,"Canon, Cider",835222.0,Right,YAR_RED,Undefined,2,Top,0,0,2,Fastball,Four-Seam,StrikeCalled,Strikeout,Undefined,Undefined,0,0,,95.56059,-1.922475,-3.588807,2311.245786,220.544532,1:15,6.61563,1.75168,8.45692,-13.01229,14.74784,11.86347,3.82838,-0.43533,87.31235,-4.527519,-1.357529,0.379212,,,,,,,,,,,,-7.6226,9.11146,-1.62157,50.0,6.54382,8.35715,-139.05383,-4.82923,-14.89533,31.75531,-14.36931,BRE_WHI,YAR_RED,CCBLBrewster,Cape Cod Baseball League,CCBL,20250614-CCBLBrewster-1,0bf17230-4966-11f0-9ca6-316a2cb06a4e,99.39674,,,8.24824,,,,,,,908373c5-44f8-4d85-b4f8-ea51cc7d743f,2025-06-14,21:25:07.70,2025-06-14T17:25:07.7076480-04:00,2025-06-14T21:25:07.7076480Z,,v3,6096,6104,,"Tinney, Carson",806245,Right,BRE_WHI,892d3a5d-98f3-4dbc-81d0-7b88c598e598,52.0408,-139.51911,15.87765,6.61304,-4.61869,-7.18465,-1.74561,8.57539,-7.44767,,,,,,,,,,,,,,,,,,,,,,,,,,,,,,,,,,,,,,,,,,,,,,,,,,,High,High,High,,,,,,95.56059,14.74784,11.86347,2311.245786,11.86347,2.0077473589171766,0.18374319194258007,0.39580054955247945,30.874116937042658,0
33,2025-06-14,17:25:46.17,3,1,"Dudan, Jacob",1000187195,Right,BRE_WHI,"Ortiz, Avery",806499.0,Right,YAR_RED,Undefined,2,Top,1,0,0,Sinker,Sinker,StrikeCalled,Undefined,Undefined,Undefined,0,0,,93.91129,-0.138658,-4.281653,2263.754012,253.098579,2:30,6.20399,2.0786,8.22011,-22.27568,6.77607,19.25285,4.22424,-0.12554,85.64983,-4.478229,-0.679228,0.387934,,,,,,,,,,,,-11.80792,4.14933,-1.90548,50.0,6.19588,9.60174,-136.59363,-0.78809,-22.2428,30.91683,-24.35784,BRE_WHI,YAR_RED,CCBLBrewster,Cape Cod Baseball League,CCBL,20250614-CCBLBrewster-1,22c011b0-4966-11f0-9ca6-316a2cb06a4e,97.16208,,,8.26146,,,,,,,908373c5-44f8-4d85-b4f8-ea51cc7d743f,2025-06-14,21:25:46.17,2025-06-14T17:25:46.1799424-04:00,2025-06-14T21:25:46.1799424Z,,v3,6096,6104,,"Tinney, Carson",806245,Right,BRE_WHI,a12e30d4-f80b-4c90-b4f6-ce9350052f43,52.27855,-137.10839,15.45842,6.20562,-0.38254,-12.17892,-2.06843,9.97208,-11.1214,,,,,,,,,,,,,,,,,,,,,,,,,,,,,,,,,,,,,,,,,,,,,,,,,,,High,High,High,,,,,,93.91129,6.77607,19.25285,2263.754012,19.25285,1.9084169506037691,0.15735766770103676,0.3861465535206231,31.979480318893494,0
34,2025-06-14,17:26:06.37,3,2,"Dudan, Jacob",1000187195,Right,BRE_WHI,"Ortiz, Avery",806499.0,Right,YAR_RED,Undefined,2,Top,1,0,1,Slider,Slider,BallCalled,Undefined,Undefined,Undefined,0,0,,86.43211,0.995831,-3.379459,2618.919162,106.057954,9:30,6.10505,2.10389,7.7375,-32.30643,2.39799,-4.87233,4.30702,-1.33457,79.63871,-5.168731,-4.282179,0.423998,,,,,,,,,,,,1.74347,1.43961,-1.94018,50.0,6.14788,7.58033,-125.75924,1.42576,2.80356,24.52603,-29.85911,BRE_WHI,YAR_RED,CCBLBrewster,Cape Cod Baseball League,CCBL,20250614-CCBLBrewster-1,2ecfd670-4966-11f0-9ca6-316a2cb06a4e,88.89769,,,6.7934,,,,,,,908373c5-44f8-4d85-b4f8-ea51cc7d743f,2025-06-14,21:26:06.37,2025-06-14T17:26:06.3767552-04:00,2025-06-14T21:26:06.3767552Z,,v3,6096,6104,,"Tinney, Carson",806245,Right,BRE_WHI,96069467-9830-4f52-9815-21c78564799b,52.7609,-126.29654,12.26301,6.10948,2.07989,-14.92956,-2.10557,7.51891,1.40178,,,,,,,,,,,,,,,,,,,,,,,,,,,,,,,,,,,,,,,,,,,,,,,,,,,High,High,High,,,,,,86.43211,2.39799,-4.87233,2618.919162,-4.87233,1.8299698422787316,0.15996036246036463,0.40035012296546346,37.42941300548451,0
35,2025-06-14,17:26:28.99,3,3,"Dudan, Jacob",1000187195,Right,BRE_WHI,"Ortiz, Avery",806499.0,Right,YAR_RED,Undefined,2,Top,1,1,1,Slider,Slider,InPlay,Undefined,GroundBall,Out,1,0,,85.15716,0.592871,-1.937371,2741.42151,80.93435,8:45,6.22316,1.96618,7.83767,-35.22203,0.27201,-4.64453,3.81865,-0.15454,78.6178,-6.129694,-2.802244,0.428795,64.68908,-13.476258,-16.844533,,,,,14.56798,9.54583,-16.183536,0.161288,2.04213,0.33193,-1.87557,50.0,6.24515,4.33351,-124.12384,0.4862,3.1984,23.93218,-31.6542,BRE_WHI,YAR_RED,CCBLBrewster,Cape Cod Baseball League,CCBL,20250614-CCBLBrewster-1,3c60e400-4966-11f0-9ca6-316a2cb06a4e,87.90325,3.58679,,6.53936,,,,-0.3345,3.58679,0.27687,908373c5-44f8-4d85-b4f8-ea51cc7d743f,2025-06-14,21:26:28.99,2025-06-14T17:26:28.9941504-04:00,2025-06-14T21:26:28.9941504Z,GroundBall,v3,6096,6104,,"Tinney, Carson",806245,Right,BRE_WHI,80aa8121-cd31-46a4-b95d-6a7eb142bf6b,52.66287,-124.6362,11.96609,6.22748,1.16389,-15.8271,-1.96762,4.26504,1.5992,180.0,-0.34777,88.81755,,,,,,,,3.59011,-22.23844,,,,,,,,0.28089,-26.89094,,,,,,,,,,,,,,,,,,,,,,,,,,,,,,High,High,High,High,High,,,,85.15716,0.27201,-4.64453,2741.42151,-4.64453,1.2690370606389958,0.15996036246036463,0.40035012296546346,58.445996345767085,0
36,2025-06-14,17:27:08.56,4,1,"Dudan, Jacob",1000187195,Right,BRE_WHI,"Brunson, Chase",815313.0,Right,YAR_RED,Undefined,2,Top,2,0,0,Sinker,Sinker,BallCalled,Undefined,Undefined,Undefined,0,0,,94.93464,0.614394,-2.34406,2199.201171,245.532785,2:15,6.27488,2.01772,8.11862,-19.14977,9.25756,18.42036,5.22612,1.46627,86.71142,-3.131498,1.103988,0.383607,,,,,,,,,,,,-10.75705,5.26425,-1.91862,50.0,6.29744,5.04926,-138.32327,1.10567,-20.80783,31.3152,-21.99117,BRE_WHI,YAR_RED,CCBLBrewster,Cape Cod Baseball League,CCBL,20250614-CCBLBrewster-1,53d81f90-4966-11f0-9ca6-316a2cb06a4e,98.25792,,,8.22322,,,,,,,908373c5-44f8-4d85-b4f8-ea51cc7d743f,2025-06-14,21:27:08.56,2025-06-14T17:27:08.5669376-04:00,2025-06-14T21:27:08.5669376Z,,v3,6096,6104,,"Tinney, Carson",806245,Right,BRE_WHI,38ed39dd-be0a-46d1-8589-543ac0a7ff13,52.37983,-138.861,15.6576,6.27521,1.48329,-10.99559,-2.00839,5.40656,-10.40391,,,,,,,,,,,,,,,,,,,,,,,,,,,,,,,,,,,,,,,,,,,,,,,,,,,High,High,High,,,,,,94.93464,9.25756,18.42036,2199.201171,18.42036,1.890310856315463,0.15735766770103676,0.3861465535206231,32.68281798136495,0
37,2025-06-14,17:27:29.23,4,2,"Dudan, Jacob",1000187195,Right,BRE_WHI,"Brunson, Chase",815313.0,Right,YAR_RED,Undefined,2,Top,2,1,0,Sinker,Sinker,InPlay,Undefined,GroundBall,Out,1,0,,93.39057,0.062714,-4.430536,2182.880751,261.535514,2:45,6.02459,1.94371,8.17788,-25.50852,3.80591,19.55399,3.95478,-0.37156,85.54749,-4.870364,-0.775254,0.389684,,,,,,,,,,,,-12.09701,2.40642,-1.76296,50.0,6.0242,9.93544,-135.88198,-0.40154,-22.63572,29.5475,-27.67123,BRE_WHI,YAR_RED,CCBLBrewster,Cape Cod Baseball League,CCBL,20250614-CCBLBrewster-1,60419d10-4966-11f0-9ca6-316a2cb06a4e,96.72572,,,7.84308,,,,,,,908373c5-44f8-4d85-b4f8-ea51cc7d743f,2025-06-14,21:27:29.23,2025-06-14T17:27:29.2396032-04:00,2025-06-14T21:27:29.2396032Z,,v3,6096,6104,,"Tinney, Carson",806245,Right,BRE_WHI,01a20d52-0e6f-453c-9c16-189d9b9fe0d0,52.32336,-136.38626,14.77375,6.02702,0.07072,-13.83561,-1.93582,10.32176,-11.31786,,,,,,,,,,,,,,,,,,,,,,,,,,,,,,,,,,,,,,,,,,,,,,,,,,,High,High,High,,,,,,93.39057,3.80591,19.55399,2182.880751,19.55399,1.7637743098066054,0.15735766770103676,0.3861465535206231,37.59817506620163,0
44,2025-06-14,17:34:27.23,1,1,"Dudan, Jacob",1000187195,Right,BRE_WHI,"Carreras, Yomar",827330.0,Left,YAR_RED,Undefined,3,Top,0,0,0,Sinker,Sinker,InPlay,Undefined,LineDrive,Out,1,0,,91.54714,0.053474,-4.008133,2029.406226,245.15969,2:15,6.02121,1.95628,8.28656,-20.51977,10.22304,19.78757,4.35876,0.04548,82.74424,-3.99135,-0.299683,0.399065,89.57631,19.784849,-11.840437,2305.748461,105.76544,34.83945,-30.22587,288.08405,279.92129,-21.34782,3.352644,-12.22449,6.03536,-1.79902,50.0,6.02045,8.71908,-133.14096,-0.23647,-21.65847,32.04378,-21.48109,BRE_WHI,YAR_RED,CCBLBrewster,Cape Cod Baseball League,CCBL,20250614-CCBLBrewster-1,59736800-4967-11f0-9ca6-316a2cb06a4e,94.45196,38.6571,,8.8029,,,,,,,908373c5-44f8-4d85-b4f8-ea51cc7d743f,2025-06-14,21:34:27.23,2025-06-14T17:34:27.2346112-04:00,2025-06-14T21:34:27.2346112Z,LineDrive,v3,6096,6104,,"Tinney, Carson",806245,Right,BRE_WHI,300264e7-febd-4890-8f71-74e325603ab3,52.21153,-133.67216,16.02189,6.02142,0.11963,-10.74054,-1.94654,9.07812,-10.82924,135.34225,-2.04859,120.9931,-21.6715,4.90971,-0.99738,0.18506,-0.02919,0.00292,-0.0001,4.12999,44.46839,-14.78751,0.185,0.14068,-0.06215,0.01325,-0.00052,-0.00011,-0.05431,-25.35973,-4.63449,1.82174,-0.61309,0.20406,-0.05457,0.00875,-0.00059,,,,,,,,,,,,,,,,,,,,,,,High,High,High,High,High,,,,91.54714,10.22304,19.78757,2029.406226,19.78757,0.861884674980934,0.15735766770103676,0.3861465535206231,72.6323982103493,0
45,2025-06-14,17:35:00.01,2,1,"Dudan, Jacob",1000187195,Right,BRE_WHI,"Soldra, AJ",831004.0,Left,YAR_RED,Undefined,3,Top,1,0,0,Sinker,Sinker,BallCalled,Undefined,Undefined,Undefined,0,0,,94.96522,0.226761,-2.440311,2338.839174,237.211476,2:00,6.36499,1.87007,8.4906,-15.88229,12.25493,17.59607,5.24191,1.18,86.23901,-2.939216,0.877229,0.381779,,,,,,,,,,,,-10.46686,7.11118,-1.78086,50.0,6.37031,5.33696,-138.3708,0.32463,-20.12938,33.19855,-18.49811,BRE_WHI,YAR_RED,CCBLBrewster,Cape Cod Baseball League,CCBL,20250614-CCBLBrewster-1,6cdd0a90-4967-11f0-9ca6-316a2cb06a4e,98.72844,,,8.72621,,,,,,,908373c5-44f8-4d85-b4f8-ea51cc7d743f,2025-06-14,21:35:00.01,2025-06-14T17:35:00.0122368-04:00,2025-06-14T21:35:00.0122368Z,,v3,6096,6104,,"Tinney, Carson",806245,Right,BRE_WHI,11b09ce0-7100-4e10-a655-4af32fdab097,52.00609,-138.85127,16.59928,6.36367,0.59234,-9.24906,-1.86021,5.62829,-10.06469,,,,,,,,,,,,,,,,,,,,,,,,,,,,,,,,,,,,,,,,,,,,,,,,,,,High,High,High,,,,,,94.96522,12.25493,17.59607,2338.839174,17.59607,1.9324852614273835,0.15735766770103676,0.3861465535206231,31.044538237803735,0
46,2025-06-14,17:35:18.60,2,2,"Dudan, Jacob",1000187195,Right,BRE_WHI,"Soldra, AJ",831004.0,Left,YAR_RED,Undefined,3,Top,1,1,0,Sinker,Sinker,StrikeSwinging,Undefined,Undefined,Undefined,0,0,,93.45024,-0.707294,-2.906892,2261.09594,261.456129,2:45,6.05903,2.12565,8.29114,-25.30029,3.78803,19.31611,3.32274,1.15584,85.73404,-5.608969,0.722505,0.388178,,,,,,,,,,,,-11.45749,2.66874,-2.01087,50.0,6.02967,6.3041,-136.17233,-2.22318,-21.51179,29.92052,-27.16339,BRE_WHI,YAR_RED,CCBLBrewster,Cape Cod Baseball League,CCBL,20250614-CCBLBrewster-1,77f48ca0-4967-11f0-9ca6-316a2cb06a4e,97.10096,,,7.7162,,,,,,,908373c5-44f8-4d85-b4f8-ea51cc7d743f,2025-06-14,21:35:18.60,2025-06-14T17:35:18.6030592-04:00,2025-06-14T21:35:18.6030592Z,,v3,6096,6104,,"Tinney, Carson",806245,Right,BRE_WHI,ae274170-b670-4c30-b2a1-5244b342d497,52.20826,-136.65668,14.96026,6.0621,-1.78346,-13.58169,-2.11574,6.65233,-10.7559,,,,,,,,,,,,,,,,,,,,,,,,,,,,,,,,,,,,,,,,,,,,,,,,,,,High,High,High,,,,,,93.45024,3.78803,19.31611,2261.09594,19.31611,1.836282588612611,0.15735766770103676,0.3861465535206231,34.78156522681846,1
47,2025-06-14,17:35:39.51,2,3,"Dudan, Jacob",1000187195,Right,BRE_WHI,"Soldra, AJ",831004.0,Left,YAR_RED,Undefined,3,Top,1,1,1,Sinker,Changeup,FoulBallNotFieldable,Undefined,Undefined,Undefined,0,0,,87.84427,-0.669184,-3.821578,1663.437382,253.313202,2:30,5.81045,2.20898,8.42373,-27.94872,4.71721,12.55249,2.88829,-0.1294,80.98752,-6.085221,-1.461069,0.411357,71.25633,42.393662,-40.369391,4887.078714,71.70925,66.72079,-83.41282,216.50288,96.64244,-55.657759,4.153824,-8.08296,3.1611,-2.06917,50.0,5.7837,8.21645,-127.94774,-2.01335,-13.45659,25.33769,-26.91137,BRE_WHI,YAR_RED,CCBLBrewster,Cape Cod Baseball League,CCBL,20250614-CCBLBrewster-1,84889c90-4967-11f0-9ca6-316a2cb06a4e,91.62953,67.10413,,6.85675,,,,-0.84659,2.8216,0.25985,908373c5-44f8-4d85-b4f8-ea51cc7d743f,2025-06-14,21:35:39.51,2025-06-14T17:35:39.5172864-04:00,2025-06-14T21:35:39.5172864Z,FlyBall,v3,6096,6104,,"Tinney, Carson",806245,Right,BRE_WHI,3e653735-5623-4ca0-a882-b11af318d387,52.07699,-128.35839,12.66885,5.8128,-1.5772,-13.45569,-2.2041,8.43454,-6.7283,136.043069,-0.85543,59.04552,-16.52572,6.83991,-3.85199,1.86318,-0.56905,0.09219,-0.00596,2.82245,70.44589,-22.02473,1.82605,-0.25297,0.051,-0.02172,0.00627,-0.00063,0.25521,-49.87928,0.58533,1.74402,-1.27286,0.54403,-0.13193,0.01591,-0.00071,,,,,,,,,,,,,,,,,,,,,,,High,High,High,High,Low,,,,87.84427,4.71721,12.55249,1663.437382,12.55249,1.359870343616042,0.15735766770103676,0.3861465535206231,53.28796806738369,0
48,2025-06-14,17:36:09.68,2,4,"Dudan, Jacob",1000187195,Right,BRE_WHI,"Soldra, AJ",831004.0,Left,YAR_RED,Undefined,3,Top,1,1,2,Sinker,Sinker,StrikeSwinging,Strikeout,Undefined,Undefined,0,0,,93.80074,0.650792,-3.045096,2146.225864,237.137592,2:00,5.97916,2.21188,8.45489,-17.70556,11.13548,15.80914,5.07967,0.83567,85.33783,-2.856171,-0.069163,0.386524,,,,,,,,,,,,-9.65233,6.36792,-2.10023,50.0,5.99997,6.7763,-136.6118,1.2772,-18.14427,31.58489,-20.20376,BRE_WHI,YAR_RED,CCBLBrewster,Cape Cod Baseball League,CCBL,20250614-CCBLBrewster-1,9660c9b0-4967-11f0-9ca6-316a2cb06a4e,97.51639,,,8.46291,,,,,,,908373c5-44f8-4d85-b4f8-ea51cc7d743f,2025-06-14,21:36:09.68,2025-06-14T17:36:09.6850000-04:00,2025-06-14T21:36:09.6850000Z,,v3,6096,6104,,"Tinney, Carson",806245,Right,BRE_WHI,9aaf1fd2-c840-4d5e-b417-3c7a80a2ecab,52.04233,-137.08317,15.79244,5.97866,1.57873,-10.10188,-2.20338,7.04708,-9.07213,,,,,,,,,,,,,,,,,,,,,,,,,,,,,69.3957,2.418254,1.402726,1.015527,-4.98804,4.73124,-0.84895,-4.68925,7.78556,-1.78052,71.86823,11.11331,-52.89184,-4.58233,82.59636,-7.16596,7.82377,16.54542,-13.0876,-1.84079,-54.56654,4.2095,High,High,High,,,High,High,High,93.80074,11.13548,15.80914,2146.225864,15.80914,2.111934416641168,0.15735766770103676,0.3861465535206231,24.07377207748111,1
49,2025-06-14,17:36:44.94,3,1,"Dudan, Jacob",1000187195,Right,BRE_WHI,"Miller, Cody",811764.0,Right,YAR_RED,Undefined,3,Top,2,0,0,Sinker,Sinker,BallCalled,Undefined,Undefined,Undefined,0,0,,93.46932,-1.989196,-3.986242,2137.024304,248.567853,2:15,5.91016,1.98577,8.45531,-20.7771,8.17697,18.56123,2.41583,0.00404,85.78054,-6.049148,-0.4935,0.387281,,,,,,,,,,,,-11.52138,5.46205,-1.84129,50.0,5.83657,8.94825,-136.02982,-5.10658,-21.59794,29.71016,-21.93489,BRE_WHI,YAR_RED,CCBLBrewster,Cape Cod Baseball League,CCBL,20250614-CCBLBrewster-1,ab8080b0-4967-11f0-9ca6-316a2cb06a4e,97.32579,,,7.68877,,,,,,,908373c5-44f8-4d85-b4f8-ea51cc7d743f,2025-06-14,21:36:44.94,2025-06-14T17:36:44.9465344-04:00,2025-06-14T21:36:44.9465344Z,,v3,6096,6104,,"Tinney, Carson",806245,Right,BRE_WHI,06069a6a-80d2-4116-a684-266434e51fb2,52.04522,-136.47579,14.85508,5.91075,-4.77733,-10.96744,-1.97804,9.27244,-10.79897,,,,,,,,,,,,,,,,,,,,,,,,,,,,,,,,,,,,,,,,,,,,,,,,,,,High,High,High,,,,,,93.46932,8.17697,18.56123,2137.024304,18.56123,1.833374043615807,0.15735766770103676,0.3861465535206231,34.894548690102766,0
50,2025-06-14,17:37:05.41,3,2,"Dudan, Jacob",1000187195,Right,BRE_WHI,"Miller, Cody",811764.0,Right,YAR_RED,Undefined,3,Top,2,1,0,Slider,Slider,BallCalled,Undefined,Undefined,Undefined,0,0,,84.80359,1.918249,-0.593741,2639.013113,106.218735,9:30,6.17155,1.88591,7.73474,-33.84073,2.40417,-4.35721,5.07158,0.9906,77.37696,-4.574742,-1.40358,0.433306,,,,,,,,,,,,2.17984,1.20681,-1.85712,50.0,6.259,1.41946,-123.46043,3.3423,3.35052,25.53285,-30.31913,BRE_WHI,YAR_RED,CCBLBrewster,Cape Cod Baseball League,CCBL,20250614-CCBLBrewster-1,b79d8be0-4967-11f0-9ca6-316a2cb06a4e,86.98803,,,7.42663,,,,,,,908373c5-44f8-4d85-b4f8-ea51cc7d743f,2025-06-14,21:37:05.41,2025-06-14T17:37:05.4194688-04:00,2025-06-14T21:37:05.4194688Z,,v3,6096,6104,,"Tinney, Carson",806245,Right,BRE_WHI,6eb32451-d330-4f7e-847c-3d205d000185,52.76199,-124.03032,12.76643,6.17684,4.01902,-15.15957,-1.88796,1.34468,1.67526,,,,,,,,,,,,,,,,,,,,,,,,,,,,,,,,,,,,,,,,,,,,,,,,,,,High,High,High,,,,,,84.80359,2.40417,-4.35721,2639.013113,-4.35721,1.6654881480936157,0.15996036246036463,0.40035012296546346,43.59208230729856,0
51,2025-06-14,17:37:24.45,3,3,"Dudan, Jacob",1000187195,Right,BRE_WHI,"Miller, Cody",811764.0,Right,YAR_RED,Undefined,3,Top,2,2,0,Sinker,Sinker,HitByPitch,Undefined,Undefined,Undefined,0,0,,94.78332,0.394199,-1.588671,2304.242375,246.58192,2:15,6.06827,2.16956,8.26667,-19.62426,8.99764,18.52206,4.78273,2.3035,85.7292,-3.470513,1.890608,0.385053,,,,,,,,,,,,-10.89312,5.21114,-2.10703,50.0,6.08097,3.27153,-138.14378,0.58514,-20.73284,35.10184,-22.25572,BRE_WHI,YAR_RED,CCBLBrewster,Cape Cod Baseball League,CCBL,20250614-CCBLBrewster-1,c3094870-4967-11f0-9ca6-316a2cb06a4e,97.88889,,,9.05412,,,,,,,908373c5-44f8-4d85-b4f8-ea51cc7d743f,2025-06-14,21:37:24.45,2025-06-14T17:37:24.4511232-04:00,2025-06-14T21:37:24.4511232Z,,v3,6096,6104,,"Tinney, Carson",806245,Right,BRE_WHI,5b8537ed-3062-492b-9a10-6f77c100dff0,52.23286,-138.70998,17.55092,6.06864,0.94413,-11.12786,-2.16249,3.60596,-10.36642,,,,,,,,,,,,,,,,,,,,,,,,,,,,,,,,,,,,,,,,,,,,,,,,,,,High,High,High,,,,,,94.78332,8.99764,18.52206,2304.242375,18.52206,1.8602196852170136,0.15735766770103676,0.3861465535206231,33.8517202086708,0
52,2025-06-14,17:38:03.10,4,1,"Dudan, Jacob",1000187195,Right,BRE_WHI,"Wright, Garrett ",1000267043.0,Right,YAR_RED,Undefined,3,Top,2,0,0,Sinker,Sinker,InPlay,Undefined,GroundBall,Out,1,0,,93.87909,-0.953545,-3.614873,2160.151188,247.5593,2:15,6.10296,1.94988,8.3703,-20.15371,8.60989,18.70741,3.57762,0.3046,86.01659,-4.89738,-0.099445,0.386005,83.88671,-13.671764,0.589599,,,,,11.82776,7.29536,-0.799829,0.112759,-11.46745,5.39764,-1.81365,50.0,6.0649,8.08684,-136.72392,-2.64765,-21.70662,30.14591,-21.95689,BRE_WHI,YAR_RED,CCBLBrewster,Cape Cod Baseball League,CCBL,20250614-CCBLBrewster-1,da1454b0-4967-11f0-9ca6-316a2cb06a4e,97.64751,3.28913,,7.86251,,,,,,,908373c5-44f8-4d85-b4f8-ea51cc7d743f,2025-06-14,21:38:03.10,2025-06-14T17:38:03.1012864-04:00,2025-06-14T21:38:03.1012864Z,GroundBall,v3,6096,6104,,"Tinney, Carson",806245,Right,BRE_WHI,ff69d887-c47c-4387-a6e1-82157fdecc63,52.1301,-137.19277,15.07295,6.10343,-2.30616,-10.97844,-1.94205,8.42445,-10.85331,180.0,-1.70088,119.90919,,,,,,,,3.29076,-29.16966,,,,,,,,-0.30431,1.23396,,,,,,,,,,,,,,,,,,,,,,,,,,,,,,High,High,High,High,Medium,,,,93.87909,8.60989,18.70741,2160.151188,18.70741,1.7954430822685723,0.15735766770103676,0.3861465535206231,36.367990353691596,0
63,2025-06-14,17:46:27.42,1,2,"Dudan, Jacob",1000187195,Right,BRE_WHI,"Baker, Will",815345.0,Left,YAR_RED,Undefined,4,Top,0,1,0,Sinker,Sinker,InPlay,Undefined,GroundBall,Single,0,0,,93.73647,-0.830257,-3.131555,2174.709249,241.393681,2:00,6.00948,2.20706,8.14919,-18.73107,10.34776,17.34158,3.70924,0.8652,85.87442,-4.49425,0.114573,0.388114,86.41617,14.763702,-8.649045,2042.385114,107.30513,22.73224,-24.19605,247.29858,247.15866,-16.575624,2.670868,-10.49237,6.28642,-2.07779,50.0,5.97218,6.93579,-136.53126,-2.3348,-19.81056,29.98115,-20.30471,BRE_WHI,YAR_RED,CCBLBrewster,Cape Cod Baseball League,CCBL,20250614-CCBLBrewster-1,06b1ba70-4969-11f0-9ca6-316a2cb06a4e,97.11683,23.34006,,7.86205,,,,-1.0271,3.53338,-0.86742,908373c5-44f8-4d85-b4f8-ea51cc7d743f,2025-06-14,21:46:27.42,2025-06-14T17:46:27.4230000-04:00,2025-06-14T21:46:27.4230000Z,LineDrive,v3,6096,6104,,"Tinney, Carson",806245,Right,BRE_WHI,79da46f6-aef9-460c-bdd9-863cd746e39f,52.35088,-137.04653,14.99057,6.0093,-1.98584,-10.15236,-2.19991,7.27626,-9.90528,130.704841,-1.02709,121.16522,-18.09681,3.4477,-0.55871,0.02114,0.02337,-0.00735,0.00079,3.53339,32.29716,-13.53904,0.28239,-0.03144,0.07322,-0.03868,0.0101,-0.00104,-0.86748,-18.42684,-5.83766,2.01628,-0.49988,0.06667,0.00274,-0.00285,0.00035,,,,,,,,,,,,,,,,,,,,,,,High,High,High,High,High,,,,93.73647,10.34776,17.34158,2174.709249,17.34158,2.074606377050358,0.15735766770103676,0.3861465535206231,25.52379303133185,0
64,2025-06-14,17:47:07.89,2,1,"Dudan, Jacob",1000187195,Right,BRE_WHI,"Hernandez, Alex",815415.0,Right,YAR_RED,Undefined,4,Top,0,0,0,Sinker,Sinker,FoulBallNotFieldable,Undefined,Undefined,Undefined,0,0,,93.29511,-0.546317,-3.622719,2149.754236,251.045394,2:15,6.02353,2.10232,8.07934,-22.20765,7.00461,18.01347,3.68552,0.37382,86.18361,-4.839309,-0.257268,0.389004,,,,,,,,,,,,-10.92914,4.30764,-1.94908,50.0,5.99695,8.06458,-135.91244,-1.7661,-20.63539,27.16187,-24.04075,BRE_WHI,YAR_RED,CCBLBrewster,Cape Cod Baseball League,CCBL,20250614-CCBLBrewster-1,1ecd9a70-4969-11f0-9ca6-316a2cb06a4e,96.89474,,,7.11151,,,,,,,908373c5-44f8-4d85-b4f8-ea51cc7d743f,2025-06-14,21:47:07.89,2025-06-14T17:47:07.8900000-04:00,2025-06-14T21:47:07.8900000Z,,v3,6096,6104,,"Tinney, Carson",806245,Right,BRE_WHI,aa191ca8-cf87-4102-948c-89dba5fa2128,52.42252,-136.39571,13.58094,6.02457,-1.33835,-12.02038,-2.09583,8.43174,-10.3177,,,,,,,,,,,,,,,,,,,,,,,,,,,,,,,,,,,,,,,,,,,,,,,,,,,High,High,High,,,,,,93.29511,7.00461,18.01347,2149.754236,18.01347,1.713335853405218,0.15735766770103676,0.3861465535206231,39.55747481683477,0
65,2025-06-14,17:48:08.00,2,2,"Dudan, Jacob",1000187195,Right,BRE_WHI,"Hernandez, Alex",815415.0,Right,YAR_RED,Undefined,4,Top,0,0,1,Sinker,Sinker,StrikeCalled,Undefined,Undefined,Undefined,0,0,,93.97701,-2.111762,-3.740702,2326.116775,233.813923,1:45,6.39545,1.87334,8.55903,-16.72308,11.85438,14.97536,3.13461,-0.18245,86.00999,-5.420786,-0.917557,0.384754,,,,,,,,,,,,-9.44961,7.59304,-1.74398,50.0,6.32117,8.50741,-136.7624,-5.29715,-17.86989,30.59183,-17.81508,BRE_WHI,YAR_RED,CCBLBrewster,Cape Cod Baseball League,CCBL,20250614-CCBLBrewster-1,42a9e6b0-4969-11f0-9ca6-316a2cb06a4e,97.96502,,,7.96702,,,,,,,908373c5-44f8-4d85-b4f8-ea51cc7d743f,2025-06-14,21:48:08.00,2025-06-14T17:48:08.0050000-04:00,2025-06-14T21:48:08.0050000Z,,v3,6096,6104,,"Tinney, Carson",806245,Right,BRE_WHI,c6d4e15d-f4e7-4326-8bd3-fffd851d6ba8,51.93973,-137.1956,15.29592,6.3944,-5.04488,-8.90754,-1.86624,8.76046,-8.93494,,,,,,,,,,,,,,,,,,,,,,,,,,,,,,,,,,,,,,,,,,,,,,,,,,,High,High,High,,,,,,93.97701,11.85438,14.97536,2326.116775,14.97536,2.068934567874842,0.15735766770103676,0.3861465535206231,25.74411647292952,0
66,2025-06-14,17:48:28.39,2,3,"Dudan, Jacob",1000187195,Right,BRE_WHI,"Hernandez, Alex",815415.0,Right,YAR_RED,Undefined,4,Top,0,0,2,Slider,Slider,StrikeSwinging,Strikeout,Undefined,Undefined,1,0,,86.91833,-0.70089,-3.288692,2784.23089,5.980265,6:15,6.31363,1.77927,7.90052,-33.04447,0.83453,-0.00862,2.93267,-1.16288,80.76306,-6.990293,-3.290294,0.418925,,,,,,,,,,,,-0.81642,0.96913,-1.62951,50.0,6.27681,7.27498,-126.60151,-2.30241,-1.33829,23.42556,-30.58541,BRE_WHI,YAR_RED,CCBLBrewster,Cape Cod Baseball League,CCBL,20250614-CCBLBrewster-1,4ed15220-4969-11f0-9ca6-316a2cb06a4e,89.97416,,,6.15528,,,,,,,908373c5-44f8-4d85-b4f8-ea51cc7d743f,2025-06-14,21:48:28.39,2025-06-14T17:48:28.3990000-04:00,2025-06-14T21:48:28.3990000Z,,v3,6096,6104,,"Tinney, Carson",806245,Right,BRE_WHI,768d9c60-862d-45a8-b918-e4c1a91bf650,52.60009,-127.08171,11.71278,6.31758,-1.67545,-15.2927,-1.77892,7.30241,-0.66915,,,,,,,,,,,,,,,,,,,,,,,,,,,,,,,,,,,,,,,,,,,,,,,,,,,High,High,High,,,,,,86.91833,0.83453,-0.00862,2784.23089,-0.00862,1.14790770833661,0.15996036246036463,0.40035012296546346,62.984374580991265,1
67,2025-06-14,17:49:01.31,3,1,"Dudan, Jacob",1000187195,Right,BRE_WHI,"Canon, Cider",835222.0,Right,YAR_RED,Undefined,4,Top,1,0,0,Slider,Slider,StrikeSwinging,Undefined,Undefined,Undefined,0,0,,86.41722,0.819425,-2.686593,2785.033812,68.756897,8:15,6.28475,1.94948,7.81591,-35.02533,-0.43681,-3.70362,4.10014,-0.76516,79.61692,-5.861874,-3.3751,0.423289,,,,,,,,,,,,1.29209,-0.05752,-1.82314,50.0,6.31826,6.02049,-125.84672,0.96887,2.07806,24.85531,-32.26658,BRE_WHI,YAR_RED,CCBLBrewster,Cape Cod Baseball League,CCBL,20250614-CCBLBrewster-1,625644e0-4969-11f0-9ca6-316a2cb06a4e,89.04654,,,6.8003,,,,,,,908373c5-44f8-4d85-b4f8-ea51cc7d743f,2025-06-14,21:49:01.31,2025-06-14T17:49:01.3150000-04:00,2025-06-14T21:49:01.3150000Z,,v3,6096,6104,,"Tinney, Carson",806245,Right,BRE_WHI,5da0aae3-d3bd-4683-b417-f90586af8903,52.68305,-126.37552,12.42765,6.29035,1.65535,-16.13329,-1.95075,5.97628,1.03903,,,,,,,,,,,,,,,,,,,,,,,,,,,,,,,,,,,,,,,,,,,,,,,,,,,High,High,High,,,,,,86.41722,-0.43681,-3.70362,2785.033812,-3.70362,1.2962545941042627,0.15996036246036463,0.40035012296546346,57.42623144859426,1
68,2025-06-14,17:49:49.85,3,2,"Dudan, Jacob",1000187195,Right,BRE_WHI,"Canon, Cider",835222.0,Right,YAR_RED,Undefined,4,Top,1,0,1,Fastball,Four-Seam,BallCalled,Undefined,Undefined,StolenBase,0,0,,94.90994,-1.554317,-4.702892,2422.388333,218.673667,1:15,6.36312,1.61584,8.35526,-11.54638,16.88395,12.76079,4.0196,-1.49449,86.26859,-3.892709,-2.313649,0.383762,,,,,,,,,,,,-8.40449,10.15615,-1.43688,50.0,6.30098,10.92545,-137.86167,-3.85183,-16.08657,32.2092,-12.73474,BRE_WHI,YAR_RED,CCBLBrewster,Cape Cod Baseball League,CCBL,20250614-CCBLBrewster-1,7f3e04d0-4969-11f0-9ca6-316a2cb06a4e,98.2182,,,8.64135,,,,,,,908373c5-44f8-4d85-b4f8-ea51cc7d743f,2025-06-14,21:49:49.85,2025-06-14T17:49:49.8500000-04:00,2025-06-14T21:49:49.8500000Z,,v3,6096,6104,,"Tinney, Carson",806245,Right,BRE_WHI,a293daab-e4ae-446d-92a3-3b8330f65b03,52.14082,-138.36093,16.1046,6.35916,-3.65444,-6.36737,-1.60817,11.1748,-8.04328,,,,,,,,,,,,,,,,,,,,,,,,,,,,,82.34142,2.065193,0.799642,1.265552,-5.13446,3.55199,1.74154,-3.78335,7.57742,1.30357,127.28286,2.69682,8.32121,-3.59036,118.28097,-11.88342,7.56509,8.85601,-10.03274,1.25356,2.92975,2.13151,High,High,High,,,High,High,High,94.90994,16.88395,12.76079,2422.388333,12.76079,2.317315748944971,0.18374319194258007,0.39580054955247945,19.1421325937485,0
69,2025-06-14,17:50:21.88,3,3,"Dudan, Jacob",1000187195,Right,BRE_WHI,"Canon, Cider",835222.0,Right,YAR_RED,Undefined,4,Top,1,1,1,Sinker,Sinker,InPlay,Undefined,GroundBall,Out,1,0,,94.39844,-1.449979,-2.847287,2366.887216,235.282264,1:45,6.42463,1.86407,8.50817,-16.36528,11.97583,15.99619,3.77893,0.68137,86.29382,-4.692719,0.169168,0.38316,65.73769,-17.876641,1.097228,,,,,8.26657,4.81723,-3.530108,0.111288,-9.79945,7.4665,-1.76302,50.0,6.3716,6.37791,-137.54319,-3.7284,-18.71566,31.36809,-17.91403,BRE_WHI,YAR_RED,CCBLBrewster,Cape Cod Baseball League,CCBL,20250614-CCBLBrewster-1,926d8490-4969-11f0-9ca6-316a2cb06a4e,98.37266,3.31116,,8.10462,,,,,,,908373c5-44f8-4d85-b4f8-ea51cc7d743f,2025-06-14,21:50:21.88,2025-06-14T17:50:21.8850000-04:00,2025-06-14T21:50:21.8850000Z,GroundBall,v3,6096,6104,,"Tinney, Carson",806245,Right,BRE_WHI,7d06795f-5e2b-480b-b897-2c3463c83640,51.99116,-137.99655,15.68405,6.42361,-3.46949,-8.95701,-1.85716,6.6484,-9.35783,180.0,-2.0218,92.2294,,,,,,,,3.31397,-29.75322,,,,,,,,-0.70574,1.76643,,,,,,,,,,,,,,,,,,,,,,,,,,,,,,High,High,High,High,Medium,,,,94.39844,11.97583,15.99619,2366.887216,15.99619,2.151331085073372,0.15735766770103676,0.3861465535206231,22.54339450167427,0
70,2025-06-14,17:51:04.10,4,1,"Dudan, Jacob",1000187195,Right,BRE_WHI,"Ortiz, Avery",806499.0,Right,YAR_RED,Undefined,4,Top,2,0,0,Sinker,Sinker,StrikeSwinging,Undefined,Undefined,Undefined,0,0,,93.69463,-0.114428,-2.189007,2168.465964,258.935925,2:45,6.05535,2.15253,8.50984,-24.3073,4.52083,18.38907,3.92865,1.75158,85.41499,-4.864362,1.282232,0.386438,,,,,,,,,,,,-11.12623,2.86563,-2.07547,50.0,6.04936,4.72664,-136.65574,-0.72597,-20.8636,32.47059,-26.80048,BRE_WHI,YAR_RED,CCBLBrewster,Cape Cod Baseball League,CCBL,20250614-CCBLBrewster-1,ab950830-4969-11f0-9ca6-316a2cb06a4e,97.53816,,,8.27964,,,,,,,908373c5-44f8-4d85-b4f8-ea51cc7d743f,2025-06-14,21:51:04.10,2025-06-14T17:51:04.1030000-04:00,2025-06-14T21:51:04.1030000Z,,v3,6096,6104,,"Tinney, Carson",806245,Right,BRE_WHI,b5d19a8b-3446-41d6-85f6-84fa27be58dd,51.99149,-137.12812,16.23529,6.05708,-0.33608,-13.40024,-2.14644,5.03016,-10.4318,,,,,,,,,,,,,,,,,,,,,,,,,,,,,,,,,,,,,,,,,,,,,,,,,,,High,High,High,,,,,,93.69463,4.52083,18.38907,2168.465964,18.38907,2.0241886019310975,0.15735766770103676,0.3861465535206231,27.482289410216453,1
71,2025-06-14,17:51:24.21,4,2,"Dudan, Jacob",1000187195,Right,BRE_WHI,"Ortiz, Avery",806499.0,Right,YAR_RED,Undefined,4,Top,2,0,1,Slider,Slider,BallCalled,Undefined,Undefined,Undefined,0,0,,86.40909,2.125507,-1.48731,2699.394093,86.086192,8:45,6.02599,2.0305,7.76546,-33.60151,0.54791,-4.21134,5.13137,0.34695,80.51123,-4.26904,-2.269958,0.420594,,,,,,,,,,,,1.96634,0.15665,-1.95907,50.0,6.12212,3.3986,-125.98732,3.88362,3.22034,21.05281,-31.91751,BRE_WHI,YAR_RED,CCBLBrewster,Cape Cod Baseball League,CCBL,20250614-CCBLBrewster-1,b789a3d0-4969-11f0-9ca6-316a2cb06a4e,89.61717,,,5.89786,,,,,,,908373c5-44f8-4d85-b4f8-ea51cc7d743f,2025-06-14,21:51:24.21,2025-06-14T17:51:24.2170000-04:00,2025-06-14T21:51:24.2170000Z,,v3,6096,6104,,"Tinney, Carson",806245,Right,BRE_WHI,da05548c-57f3-4a80-bb8d-f89d65d79789,52.73553,-126.44361,10.5264,6.03045,4.57538,-15.95875,-2.03198,3.3288,1.61017,,,,,,,,,,,,,,,,,,,,,,,,,,,,,,,,,,,,,,,,,,,,,,,,,,,High,High,High,,,,,,86.40909,0.54791,-4.21134,2699.394093,-4.21134,1.680750612131207,0.15996036246036463,0.40035012296546346,43.02024044331187,0
72,2025-06-14,17:51:43.04,4,3,"Dudan, Jacob",1000187195,Right,BRE_WHI,"Ortiz, Avery",806499.0,Right,YAR_RED,Undefined,4,Top,2,1,1,Slider,Slider,InPlay,Undefined,LineDrive,Single,0,1,,86.62012,0.362079,-0.949176,2687.17489,114.334878,9:45,6.18323,1.96732,7.97622,-31.4949,2.25701,-3.08079,3.88172,0.86375,80.66978,-5.661247,-1.524904,0.418139,74.13902,14.798178,1.495829,2158.27289,109.48975,17.74546,10.58275,183.77657,183.36216,8.423351,2.287966,1.48543,1.46524,-1.92524,50.0,6.19458,2.18086,-126.41964,0.11547,2.43961,22.18579,-29.76761,BRE_WHI,YAR_RED,CCBLBrewster,Cape Cod Baseball League,CCBL,20250614-CCBLBrewster-1,c2d94ce0-4969-11f0-9ca6-316a2cb06a4e,90.14335,18.17859,,5.95033,,,,,,,908373c5-44f8-4d85-b4f8-ea51cc7d743f,2025-06-14,21:51:43.04,2025-06-14T17:51:43.0470000-04:00,2025-06-14T21:51:43.0470000Z,LineDrive,v3,6096,6104,,"Tinney, Carson",806245,Right,BRE_WHI,a032a8dc-044d-4d92-9c69-b555553b230b,52.52512,-126.86201,11.0929,6.18636,0.70901,-14.88381,-1.96824,2.13221,1.21981,226.399112,-2.2514,105.09381,-15.87092,3.19565,-0.60715,0.13482,-0.04119,0.01004,-0.00107,3.52161,27.7755,-13.37989,0.1406,0.14922,-0.14972,0.08898,-0.02527,0.00281,-0.72339,2.74649,6.83815,-1.9015,0.51452,-0.20115,0.08819,-0.02359,0.00259,,,,,,,,,,,,,,,,,,,,,,,High,High,High,High,High,,,,86.62012,2.25701,-3.08079,2687.17489,-3.08079,1.5659432119101628,0.15996036246036463,0.40035012296546346,47.32175280594007,0
73,2025-06-14,17:52:23.69,5,1,"Dudan, Jacob",1000187195,Right,BRE_WHI,"Brunson, Chase",815313.0,Right,YAR_RED,Undefined,4,Top,2,0,0,Sinker,Sinker,FoulBallNotFieldable,Undefined,Undefined,Undefined,0,0,,93.20345,-0.84543,-3.487326,2220.523825,253.896114,2:30,6.08714,2.13918,8.39304,-22.34856,6.55331,19.8971,3.47526,0.70776,86.15098,-5.188072,0.254934,0.386932,,,,,,,,,,,,-12.08595,4.17736,-2.00963,50.0,6.05351,7.72742,-135.86415,-2.43081,-22.79065,27.29978,-24.29673,BRE_WHI,YAR_RED,CCBLBrewster,Cape Cod Baseball League,CCBL,20250614-CCBLBrewster-1,db0b9b10-4969-11f0-9ca6-316a2cb06a4e,97.41367,,,7.05247,,,,,,,908373c5-44f8-4d85-b4f8-ea51cc7d743f,2025-06-14,21:52:23.69,2025-06-14T17:52:23.6960000-04:00,2025-06-14T21:52:23.6960000Z,,v3,6096,6104,,"Tinney, Carson",806245,Right,BRE_WHI,2c9f0c06-c15d-437f-bb1a-483b6e490c22,52.10929,-136.28732,13.64989,6.08827,-2.05419,-12.14836,-2.13215,8.0807,-11.39533,,,,,,,,,,,,,,,,,,,,,,,,,,,,,,,,,,,,,,,,,,,,,,,,,,,High,High,High,,,,,,93.20345,6.55331,19.8971,2220.523825,19.8971,1.647905588205372,0.15735766770103676,0.3861465535206231,42.09913670414014,0
74,2025-06-14,17:52:58.76,5,2,"Dudan, Jacob",1000187195,Right,BRE_WHI,"Brunson, Chase",815313.0,Right,YAR_RED,Undefined,4,Top,2,0,1,Sinker,Sinker,BallCalled,Undefined,Undefined,StolenBase,0,0,,94.55373,0.807803,-2.917176,2229.258285,246.808955,2:15,6.05707,2.21978,8.22728,-19.39363,9.14335,19.28214,5.15902,1.23474,86.31423,-2.992741,0.697627,0.384481,,,,,,,,,,,,-11.44233,5.16929,-2.10184,50.0,6.08645,6.39534,-137.73207,1.57628,-21.9427,31.0734,-22.26104,BRE_WHI,YAR_RED,CCBLBrewster,Cape Cod Baseball League,CCBL,20250614-CCBLBrewster-1,efd9afa0-4969-11f0-9ca6-316a2cb06a4e,98.03449,,,8.2395,,,,,,,908373c5-44f8-4d85-b4f8-ea51cc7d743f,2025-06-14,21:52:58.76,2025-06-14T17:52:58.7650000-04:00,2025-06-14T21:52:58.7650000Z,,v3,6096,6104,,"Tinney, Carson",806245,Right,BRE_WHI,b65ec6f1-8fb4-4b88-9661-f7f44b639c2d,52.27154,-138.2436,15.5367,6.05749,1.94274,-11.13052,-2.21009,6.75656,-10.97135,,,,,,,,,,,,,,,,,,,,,,,,,,,,,80.97258,2.045243,0.772147,1.273096,-4.5417,4.82095,-1.3293,-3.80776,7.69514,0.29714,127.27675,-0.50365,-4.00799,-3.64356,116.75731,-11.08941,7.67339,5.35325,-9.23502,0.30884,-2.71746,-0.53946,High,High,High,,,High,High,Medium,94.55373,9.14335,19.28214,2229.258285,19.28214,1.759562946554484,0.15735766770103676,0.3861465535206231,37.76176696727099,0
75,2025-06-14,17:53:28.07,5,3,"Dudan, Jacob",1000187195,Right,BRE_WHI,"Brunson, Chase",815313.0,Right,YAR_RED,Undefined,4,Top,2,1,1,Sinker,Sinker,InPlay,Undefined,GroundBall,Single,0,0,,92.66086,-0.488992,-3.192933,2154.904845,251.291975,2:30,6.07751,1.98315,8.28229,-22.09005,7.48201,19.45348,3.80237,0.76996,84.99559,-4.793038,0.458673,0.391392,68.56442,-6.714999,-9.518534,,,,,19.44243,14.26611,-12.643683,0.213115,-11.75985,4.62233,-1.85844,50.0,6.05577,6.96563,-135.02442,-1.57942,-21.72673,29.19102,-23.63411,BRE_WHI,YAR_RED,CCBLBrewster,Cape Cod Baseball League,CCBL,20250614-CCBLBrewster-1,016654d0-496a-11f0-9ca6-316a2cb06a4e,96.30349,3.45744,,7.66527,,,,-1.35571,3.45744,-0.7466,908373c5-44f8-4d85-b4f8-ea51cc7d743f,2025-06-14,21:53:28.07,2025-06-14T17:53:28.0750000-04:00,2025-06-14T21:53:28.0750000Z,GroundBall,v3,6096,6104,,"Tinney, Carson",806245,Right,BRE_WHI,42098449-44dd-40f7-9636-b9bfab42f5d9,52.21876,-135.50325,14.59551,6.0785,-1.19175,-11.81706,-1.97563,7.32201,-10.86337,17.765365,-1.35509,98.45729,-14.47274,,,,,,,3.4587,-11.83735,-20.6354,,,,,,,-0.74647,-16.52338,0.26499,,,,,,,,,,,,,,,,,,,,,,,,,,,,,High,High,High,High,High,,,,92.66086,7.48201,19.45348,2154.904845,19.45348,1.551004849011741,0.15735766770103676,0.3861465535206231,45.86328032953919,0
76,2025-06-14,17:54:14.73,6,1,"Dudan, Jacob",1000187195,Right,BRE_WHI,"Carreras, Yomar",827330.0,Left,YAR_RED,Undefined,4,Top,2,0,0,Fastball,Four-Seam,BallCalled,Undefined,Undefined,Undefined,0,0,,95.27738,0.890111,-1.724786,2234.388499,222.247007,1:30,6.4371,1.90167,8.17802,-14.87859,13.17292,11.20571,5.98858,1.3024,87.2095,-2.054646,0.375486,0.381197,,,,,,,,,,,,-6.62622,7.34811,-1.83056,50.0,6.47006,3.81328,-138.8627,1.92334,-12.95945,30.61858,-17.80273,BRE_WHI,YAR_RED,CCBLBrewster,Cape Cod Baseball League,CCBL,20250614-CCBLBrewster-1,1d1f58c0-496a-11f0-9ca6-316a2cb06a4e,98.87913,,,8.06787,,,,,,,908373c5-44f8-4d85-b4f8-ea51cc7d743f,2025-06-14,21:54:14.73,2025-06-14T17:54:14.7310000-04:00,2025-06-14T21:54:14.7310000Z,,v3,6096,6104,,"Tinney, Carson",806245,Right,BRE_WHI,84776fe7-0d89-4328-83af-5845934d0396,52.31926,-139.37315,15.30929,6.43552,2.22014,-8.90137,-1.89594,4.02932,-6.47972,,,,,,,,,,,,,,,,,,,,,,,,,,,,,,,,,,,,,,,,,,,,,,,,,,,High,High,High,,,,,,95.27738,13.17292,11.20571,2234.388499,11.20571,2.245967515265118,0.18374319194258007,0.39580054955247945,21.846079079946833,0
77,2025-06-14,17:54:35.37,6,2,"Dudan, Jacob",1000187195,Right,BRE_WHI,"Carreras, Yomar",827330.0,Left,YAR_RED,Undefined,4,Top,2,1,0,Sinker,Sinker,StrikeCalled,Undefined,Undefined,StolenBase,0,0,,93.99134,-0.810096,-3.574152,2237.964909,228.599592,1:30,6.24214,2.024,8.40078,-15.39993,13.08516,13.9128,4.24069,0.01726,86.55746,-3.853471,-0.959907,0.384132,,,,,,,,,,,,-8.65095,7.82646,-1.89086,50.0,6.2095,8.13268,-136.90854,-2.16504,-16.54267,28.10616,-17.208,BRE_WHI,YAR_RED,CCBLBrewster,Cape Cod Baseball League,CCBL,20250614-CCBLBrewster-1,296ee5a0-496a-11f0-9ca6-316a2cb06a4e,98.12376,,,7.43388,,,,,,,908373c5-44f8-4d85-b4f8-ea51cc7d743f,2025-06-14,21:54:35.37,2025-06-14T17:54:35.3760000-04:00,2025-06-14T21:54:35.3760000Z,,v3,6096,6104,,"Tinney, Carson",806245,Right,BRE_WHI,28699b37-216a-4bae-81fa-b318b16e7bef,52.09822,-137.33861,14.05308,6.24062,-1.90173,-8.604,-2.01724,8.38581,-8.27134,,,,,,,,,,,,,,,,,,,,,,,,,,,,,,,,,,,,,,,,,,,,,,,,,,,High,High,High,,,,,,93.99134,13.08516,13.9128,2237.964909,13.9128,2.154461328886649,0.15735766770103676,0.3861465535206231,22.42179906913431,0
78,2025-06-14,17:55:01.89,6,3,"Dudan, Jacob",1000187195,Right,BRE_WHI,"Carreras, Yomar",827330.0,Left,YAR_RED,Undefined,4,Top,2,1,1,Fastball,Sinker,StrikeCalled,Undefined,Undefined,Undefined,0,0,,94.46653,-0.418033,-2.935011,2273.177579,230.508863,1:45,6.36379,1.78563,8.63143,-16.38977,11.57981,13.06052,4.62934,0.28698,86.82709,-3.664252,-0.467314,0.38064,,,,,,,,,,,,-8.10272,6.94815,-1.68736,50.0,6.34787,6.68555,-137.72237,-1.23649,-15.6326,29.29621,-18.76891,BRE_WHI,YAR_RED,CCBLBrewster,Cape Cod Baseball League,CCBL,20250614-CCBLBrewster-1,39396870-496a-11f0-9ca6-316a2cb06a4e,99.02384,,,7.63944,,,,,,,908373c5-44f8-4d85-b4f8-ea51cc7d743f,2025-06-14,21:55:01.89,2025-06-14T17:55:01.8960000-04:00,2025-06-14T21:55:01.8960000Z,,v3,6096,6104,,"Tinney, Carson",806245,Right,BRE_WHI,effc49fc-658f-4b37-98fc-136d4398b6bc,51.86728,-138.11901,14.64811,6.36289,-0.98239,-9.38446,-1.77931,6.8972,-7.8163,,,,,,,,,,,,,,,,,,,,,,,,,,,,,,,,,,,,,,,,,,,,,,,,,,,High,High,High,,,,,,94.46653,11.57981,13.06052,2273.177579,13.06052,2.191377443342581,0.18374319194258007,0.39580054955247945,23.91492683613086,0
79,2025-06-14,17:55:20.81,6,4,"Dudan, Jacob",1000187195,Right,BRE_WHI,"Carreras, Yomar",827330.0,Left,YAR_RED,Undefined,4,Top,2,1,2,Fastball,Sinker,BallCalled,Undefined,Undefined,Undefined,0,0,,94.48294,-2.160136,-4.570936,2292.440183,229.076334,1:45,6.41973,1.8804,8.66362,-15.49127,12.48851,13.46831,3.22068,-1.0287,87.12307,-5.226226,-2.031638,0.380709,,,,,,,,,,,,-8.76504,7.91996,-1.73114,50.0,6.34779,10.61504,-137.44016,-5.40617,-16.89416,28.27595,-16.9088,BRE_WHI,YAR_RED,CCBLBrewster,Cape Cod Baseball League,CCBL,20250614-CCBLBrewster-1,44a23ed0-496a-11f0-9ca6-316a2cb06a4e,99.00581,,,7.35987,,,,,,,908373c5-44f8-4d85-b4f8-ea51cc7d743f,2025-06-14,21:55:20.81,2025-06-14T17:55:20.8180000-04:00,2025-06-14T21:55:20.8180000Z,,v3,6096,6104,,"Tinney, Carson",806245,Right,BRE_WHI,c98d30ba-d02e-4670-b9a7-111e87f6db47,51.83613,-137.81739,14.13798,6.41841,-5.18059,-8.4544,-1.87426,10.84042,-8.44708,,,,,,,,,,,,,,,,,,,,,,,,,,,,,,,,,,,,,,,,,,,,,,,,,,,High,High,High,,,,,,94.48294,12.48851,13.46831,2292.440183,13.46831,2.1781034101854333,0.18374319194258007,0.39580054955247945,24.417984493787827,0
80,2025-06-14,17:55:42.10,6,5,"Dudan, Jacob",1000187195,Right,BRE_WHI,"Carreras, Yomar",827330.0,Left,YAR_RED,Undefined,4,Top,2,2,2,Sinker,Sinker,BallCalled,Undefined,Undefined,Undefined,0,0,,94.67594,0.40901,-2.415996,2137.215622,252.489002,2:30,6.0791,2.07921,8.31348,-22.04631,6.07008,16.71721,4.60471,1.32995,87.23053,-3.877317,0.725524,0.381638,,,,,,,,,,,,-9.88902,3.59185,-1.98509,50.0,6.09249,5.30874,-138.06935,0.54186,-19.21952,28.77555,-25.19322,BRE_WHI,YAR_RED,CCBLBrewster,Cape Cod Baseball League,CCBL,20250614-CCBLBrewster-1,513600a0-496a-11f0-9ca6-316a2cb06a4e,98.76495,,,7.44541,,,,,,,908373c5-44f8-4d85-b4f8-ea51cc7d743f,2025-06-14,21:55:42.10,2025-06-14T17:55:42.1020000-04:00,2025-06-14T21:55:42.1020000Z,,v3,6096,6104,,"Tinney, Carson",806245,Right,BRE_WHI,637277fe-1151-45e5-86d4-4df547b8576e,52.18646,-138.52429,14.38778,6.08077,0.94016,-12.59661,-2.07142,5.6126,-9.60976,,,,,,,,,,,,,,,,,,,,,,,,,,,,,,,,,,,,,,,,,,,,,,,,,,,High,High,High,,,,,,94.67594,6.07008,16.71721,2137.215622,16.71721,2.239014986059103,0.15735766770103676,0.3861465535206231,19.137282229547736,0
81,2025-06-14,17:56:01.05,6,6,"Dudan, Jacob",1000187195,Right,BRE_WHI,"Carreras, Yomar",827330.0,Left,YAR_RED,Undefined,4,Top,2,3,2,Fastball,Sinker,FoulBallNotFieldable,Undefined,Undefined,Undefined,0,0,,93.29301,-1.602106,-3.176433,2160.371919,231.916789,1:45,6.29045,1.94709,8.61184,-17.34773,11.29666,13.3728,3.43079,0.26015,86.11702,-5.019289,-0.650755,0.385204,,,,,,,,,,,,-8.37426,7.10079,-1.84052,50.0,6.23525,7.1853,-135.97748,-4.06515,-15.79647,27.72501,-18.77969,BRE_WHI,YAR_RED,CCBLBrewster,Cape Cod Baseball League,CCBL,20250614-CCBLBrewster-1,5c970ed0-496a-11f0-9ca6-316a2cb06a4e,97.8505,,,7.17599,,,,,,,908373c5-44f8-4d85-b4f8-ea51cc7d743f,2025-06-14,21:56:01.05,2025-06-14T17:56:01.0560000-04:00,2025-06-14T21:56:01.0560000Z,,v3,6096,6104,,"Tinney, Carson",806245,Right,BRE_WHI,16ec2c91-47bb-48df-94a2-25475f5f9693,51.88847,-136.36198,13.86251,6.28982,-3.80471,-9.38985,-1.94169,7.40437,-7.89824,,,,,,,,,,,,,,,,,,,,,,,,,,,,,,,,,,,,,,,,,,,,,,,,,,,High,High,High,,,,,,93.29301,11.29666,13.3728,2160.371919,13.3728,1.9968920015910612,0.18374319194258007,0.39580054955247945,31.285511918873382,0
82,2025-06-14,17:56:33.57,6,7,"Dudan, Jacob",1000187195,Right,BRE_WHI,"Carreras, Yomar",827330.0,Left,YAR_RED,Undefined,4,Top,2,3,2,Sinker,Sinker,BallCalled,Walk,Undefined,Undefined,0,0,,94.91533,0.013005,-1.608911,2192.603124,248.591474,2:15,6.02041,2.04312,8.28647,-19.75725,8.6993,19.76076,4.38551,2.26287,86.07725,-3.871169,2.105009,0.383939,,,,,,,,,,,,-11.32985,5.18008,-1.97779,50.0,6.01843,3.22253,-138.30598,-0.34232,-21.69608,34.11909,-22.25446,BRE_WHI,YAR_RED,CCBLBrewster,Cape Cod Baseball League,CCBL,20250614-CCBLBrewster-1,6fe735f0-496a-11f0-9ca6-316a2cb06a4e,98.17297,,,8.83808,,,,,,,908373c5-44f8-4d85-b4f8-ea51cc7d743f,2025-06-14,21:56:33.57,2025-06-14T17:56:33.5770000-04:00,2025-06-14T21:56:33.5770000Z,,v3,6096,6104,,"Tinney, Carson",806245,Right,BRE_WHI,d386f005-6359-491f-a19c-23fd8dfa2ac7,52.21012,-138.85013,17.05955,6.02106,0.01261,-11.12723,-2.03194,3.56855,-10.84804,,,,,,,,,,,,,,,,,,,,,,,,,,,,,,,,,,,,,,,,,,,,,,,,,,,High,High,High,,,,,,94.91533,8.6993,19.76076,2192.603124,19.76076,1.7790497875872466,0.15735766770103676,0.3861465535206231,37.004793707179914,0
83,2025-06-14,17:57:57.16,7,1,"Dudan, Jacob",1000187195,Right,BRE_WHI,"Soldra, AJ",831004.0,Left,YAR_RED,Undefined,4,Top,2,0,0,Sinker,Sinker,BallCalled,Undefined,Undefined,Undefined,0,0,,94.31059,0.438437,-2.915625,2131.603906,245.466926,2:15,6.07368,2.2333,8.53341,-19.15513,9.1715,18.1784,4.8648,1.17325,86.15743,-3.337257,0.513121,0.383062,,,,,,,,,,,,-10.92993,5.35201,-2.12964,50.0,6.08677,6.44595,-137.44496,0.73472,-20.87351,30.93375,-21.95297,BRE_WHI,YAR_RED,CCBLBrewster,Cape Cod Baseball League,CCBL,20250614-CCBLBrewster-1,a1b32a80-496a-11f0-9ca6-316a2cb06a4e,98.39777,,,8.15316,,,,,,,908373c5-44f8-4d85-b4f8-ea51cc7d743f,2025-06-14,21:57:57.16,2025-06-14T17:57:57.1610000-04:00,2025-06-14T21:57:57.1610000Z,,v3,6096,6104,,"Tinney, Carson",806245,Right,BRE_WHI,d85541d6-0e5b-4a0e-842d-fe8a646add6b,51.96496,-137.88649,15.46687,6.07404,1.04807,-10.97649,-2.22377,6.74389,-10.43676,,,,,,,,,,,,,,,,,,,,,,,,,,,,,,,,,,,,,,,,,,,,,,,,,,,High,High,High,,,,,,94.31059,9.1715,18.1784,2131.603906,18.1784,1.983431077072535,0.15735766770103676,0.3861465535206231,29.065529937172982,0
84,2025-06-14,17:58:15.54,7,2,"Dudan, Jacob",1000187195,Right,BRE_WHI,"Soldra, AJ",831004.0,Left,YAR_RED,Undefined,4,Top,2,1,0,Sinker,Sinker,FoulBallNotFieldable,Undefined,Undefined,Undefined,0,0,,93.72316,-0.009276,-3.260645,2235.077529,248.990579,2:15,6.03802,1.79091,8.35068,-20.94899,7.96406,18.39666,4.28404,0.43332,85.64835,-4.109612,0.195853,0.387007,76.23845,30.212184,-144.696762,3462.999279,,,,,26.54009,,,-11.20934,4.77079,-1.66693,50.0,6.03521,7.23365,-136.54273,-0.41256,-21.11354,30.70714,-23.18796,BRE_WHI,YAR_RED,CCBLBrewster,Cape Cod Baseball League,CCBL,20250614-CCBLBrewster-1,acc10fa0-496a-11f0-9ca6-316a2cb06a4e,97.3948,16.61981,,8.07481,,,,-1.54757,4.03808,-0.43728,908373c5-44f8-4d85-b4f8-ea51cc7d743f,2025-06-14,21:58:15.54,2025-06-14T17:58:15.5480000-04:00,2025-06-14T21:58:15.5480000Z,,v3,6096,6104,,"Tinney, Carson",806245,Right,BRE_WHI,5a0800f5-11b9-4d15-8c85-27a7b19a84c7,52.14947,-137.02527,15.35357,6.03883,-0.04817,-11.59398,-1.7832,7.56543,-10.55677,,-1.54468,-79.00502,3.83197,,,,,,,4.0454,55.90294,-34.42255,,,,,,,-0.44322,-55.54719,19.82682,,,,,,,,,,,,,,,,,,,,,,,,,,,,,High,High,High,High,Undefined,,,,93.72316,7.96406,18.39666,2235.077529,18.39666,1.9603521210313872,0.15735766770103676,0.3861465535206231,29.962040180397835,0
85,2025-06-14,17:58:37.47,7,3,"Dudan, Jacob",1000187195,Right,BRE_WHI,"Soldra, AJ",831004.0,Left,YAR_RED,Undefined,4,Top,2,1,1,ChangeUp,Changeup,BallCalled,Undefined,Undefined,Undefined,0,0,,86.09527,-1.835046,-4.367581,1491.781937,231.451319,1:45,5.93262,2.02773,8.52151,-23.5919,10.76205,12.06658,2.34177,-0.82897,78.47515,-6.467506,-2.097076,0.421852,,,,,,,,,,,,-8.08654,7.01185,-1.8747,50.0,5.86645,9.23614,-125.14927,-4.38675,-12.72053,27.17897,-21.14406,BRE_WHI,YAR_RED,CCBLBrewster,Cape Cod Baseball League,CCBL,20250614-CCBLBrewster-1,b9d76ef0-496a-11f0-9ca6-316a2cb06a4e,89.34998,,,7.62012,,,,,,,908373c5-44f8-4d85-b4f8-ea51cc7d743f,2025-06-14,21:58:37.47,2025-06-14T17:58:37.4750000-04:00,2025-06-14T21:58:37.4750000Z,,v3,6096,6104,,"Tinney, Carson",806245,Right,BRE_WHI,5a2811e2-1ae4-4eae-a219-c13f912c5753,51.97628,-125.57773,13.58949,5.93298,-4.05343,-10.57203,-2.02188,9.43667,-6.36027,,,,,,,,,,,,,,,,,,,,,,,,,,,,,,,,,,,,,,,,,,,,,,,,,,,High,High,High,,,,,,86.09527,10.76205,12.06658,1491.781937,12.06658,0.879340533993485,0.20520632251542162,0.40827392127189194,75.2322824326641,0
86,2025-06-14,17:58:59.35,7,4,"Dudan, Jacob",1000187195,Right,BRE_WHI,"Soldra, AJ",831004.0,Left,YAR_RED,Undefined,4,Top,2,2,1,Sinker,Sinker,StrikeCalled,Undefined,Undefined,Undefined,0,0,,94.05807,0.776608,-3.7812,2240.782953,248.243354,2:15,5.95218,1.8789,8.33897,-20.46186,8.63174,19.09225,4.93647,0.11576,84.84219,-3.255459,-0.198672,0.388213,,,,,,,,,,,,-11.67127,4.92055,-1.73244,50.0,5.97927,8.40532,-136.78142,1.48063,-21.80562,34.06073,-22.98092,BRE_WHI,YAR_RED,CCBLBrewster,Cape Cod Baseball League,CCBL,20250614-CCBLBrewster-1,c6c22a60-496a-11f0-9ca6-316a2cb06a4e,97.0922,,,9.21587,,,,,,,908373c5-44f8-4d85-b4f8-ea51cc7d743f,2025-06-14,21:58:59.35,2025-06-14T17:58:59.3570000-04:00,2025-06-14T21:58:59.3570000Z,,v3,6096,6104,,"Tinney, Carson",806245,Right,BRE_WHI,95eeeb2f-c930-47d6-bd47-23fe6f93b115,52.15705,-137.3175,17.03037,5.95311,1.84233,-11.49046,-1.86744,8.74852,-10.90281,,,,,,,,,,,,,,,,,,,,,,,,,,,,,,,,,,,,,,,,,,,,,,,,,,,High,High,High,,,,,,94.05807,8.63174,19.09225,2240.782953,19.09225,1.8967555593291776,0.15735766770103676,0.3861465535206231,32.43247120415212,0
87,2025-06-14,17:59:18.44,7,5,"Dudan, Jacob",1000187195,Right,BRE_WHI,"Soldra, AJ",831004.0,Left,YAR_RED,Undefined,4,Top,2,2,2,Fastball,Four-Seam,StrikeSwinging,Strikeout,Undefined,Undefined,0,0,,95.21622,-0.142873,-2.782631,2345.27943,199.983334,12:45,6.19822,1.84926,8.39296,-10.59292,17.63666,6.06555,5.1889,-0.10937,86.11505,-2.313767,-1.642524,0.382405,,,,,,,,,,,,-4.20752,10.16812,-1.7455,50.0,6.18922,6.53714,-138.58836,-0.40635,-8.08849,34.31671,-12.62705,BRE_WHI,YAR_RED,CCBLBrewster,Cape Cod Baseball League,CCBL,20250614-CCBLBrewster-1,d226e210-496a-11f0-9ca6-316a2cb06a4e,98.5668,,,9.10117,,,,,,,908373c5-44f8-4d85-b4f8-ea51cc7d743f,2025-06-14,21:59:18.44,2025-06-14T17:59:18.4430000-04:00,2025-06-14T21:59:18.4430000Z,,v3,6096,6104,,"Tinney, Carson",806245,Right,BRE_WHI,46a98382-230c-4ea2-903f-a51abc06796c,52.10138,-139.10772,17.15835,6.19393,-0.21524,-6.31352,-1.84536,6.65955,-4.04425,,,,,,,,,,,,,,,,,,,,,,,,,,,,,,,,,,,,,,,,,,,,,,,,,,,High,High,High,,,,,,95.21622,17.63666,6.06555,2345.27943,6.06555,2.167447297358794,0.18374319194258007,0.39580054955247945,24.821828532358055,1
101,2025-06-14,18:09:21.51,1,1,"Marsten, Duncan",824024,Right,BRE_WHI,"Miller, Cody",811764.0,Right,YAR_RED,Undefined,5,Top,0,0,0,Sinker,Sinker,StrikeCalled,Undefined,Undefined,Undefined,0,0,,91.81582,-1.229614,-3.773952,2293.409333,237.539594,2:00,6.56581,1.49505,9.0013,-18.36166,11.02642,15.88855,3.95823,-0.48492,84.00188,-4.887403,-0.752349,0.390173,,,,,,,,,,,,-10.08304,6.99756,-1.39172,50.0,6.53196,8.40831,-133.75718,-3.09177,-18.23175,29.36921,-19.52136,BRE_WHI,YAR_RED,CCBLBrewster,Cape Cod Baseball League,CCBL,20250614-CCBLBrewster-1,39bb57c0-496c-11f0-9ca6-316a2cb06a4e,96.60444,,,7.81394,,,,,,,908373c5-44f8-4d85-b4f8-ea51cc7d743f,2025-06-14,22:09:21.51,2025-06-14T18:09:21.5180000-04:00,2025-06-14T22:09:21.5180000Z,,v3,6096,6104,,"Tinney, Carson",806245,Right,BRE_WHI,163eb8b6-d771-4f99-9e49-d13759800dd2,51.49694,-134.08546,14.6846,6.5653,-2.87356,-9.76068,-1.48685,8.6121,-9.11587,,,,,,,,,,,,,,,,,,,,,,,,,,,,,,,,,,,,,,,,,,,,,,,,,,,High,High,High,,,,,,91.81582,11.02642,15.88855,2293.409333,15.88855,1.7870075763905238,0.15735766770103676,0.3861465535206231,36.69567057514402,0
102,2025-06-14,18:09:40.90,1,2,"Marsten, Duncan",824024,Right,BRE_WHI,"Miller, Cody",811764.0,Right,YAR_RED,Undefined,5,Top,0,0,1,Sinker,Sinker,StrikeCalled,Undefined,Undefined,Undefined,0,0,,91.61222,-0.400662,-3.879215,2289.032308,237.353952,2:00,6.44639,1.66287,9.03796,-19.19918,10.10749,14.4343,4.49564,-0.52824,84.22169,-4.212591,-1.13358,0.389632,,,,,,,,,,,,-9.24615,6.22989,-1.55971,50.0,6.43488,8.68942,-133.51911,-1.167,-16.76179,27.60895,-20.88025,BRE_WHI,YAR_RED,CCBLBrewster,Cape Cod Baseball League,CCBL,20250614-CCBLBrewster-1,452bcf40-496c-11f0-9ca6-316a2cb06a4e,96.73853,,,7.39052,,,,,,,908373c5-44f8-4d85-b4f8-ea51cc7d743f,2025-06-14,22:09:40.90,2025-06-14T18:09:40.9020000-04:00,2025-06-14T22:09:40.9020000Z,,v3,6096,6104,,"Tinney, Carson",806245,Right,BRE_WHI,56aedc52-80c6-418e-96cc-375d436f040f,51.46099,-133.82087,13.80448,6.44638,-0.93878,-10.44013,-1.65569,8.87262,-8.3809,,,,,,,,,,,,,,,,,,,,,,,,,,,,,,,,,,,,,,,,,,,,,,,,,,,High,High,High,,,,,,91.61222,10.10749,14.4343,2289.032308,14.4343,1.3407417412061289,0.15735766770103676,0.3861465535206231,54.03102542095236,0
103,2025-06-14,18:10:01.17,1,3,"Marsten, Duncan",824024,Right,BRE_WHI,"Miller, Cody",811764.0,Right,YAR_RED,Undefined,5,Top,0,0,2,Slider,Slider,FoulBallNotFieldable,Undefined,Undefined,Undefined,0,0,,84.15559,-0.17592,-3.338461,2275.727943,115.654285,9:45,6.20104,1.8747,8.89552,-32.55462,2.22315,-2.65827,3.33377,-1.27482,78.10438,-6.506572,-3.842882,0.424446,,,,,,,,,,,,0.66689,1.66063,-1.78108,50.0,6.19565,7.21806,-122.74672,-0.86695,1.0249,22.63094,-29.62196,BRE_WHI,YAR_RED,CCBLBrewster,Cape Cod Baseball League,CCBL,20250614-CCBLBrewster-1,5158b8f0-496c-11f0-9ca6-316a2cb06a4e,88.80386,,,6.05121,,,,,,,908373c5-44f8-4d85-b4f8-ea51cc7d743f,2025-06-14,22:10:01.17,2025-06-14T18:10:01.1750000-04:00,2025-06-14T22:10:01.1750000Z,,v3,6096,6104,,"Tinney, Carson",806245,Right,BRE_WHI,b0afadca-f97d-43b5-a1c1-d2d3a69fc73b,51.60524,-123.04233,11.31547,6.20445,-0.48003,-14.81098,-1.87527,7.20467,0.51245,,,,,,,,,,,,,,,,,,,,,,,,,,,,,,,,,,,,,,,,,,,,,,,,,,,High,High,High,,,,,,84.15559,2.22315,-2.65827,2275.727943,-2.65827,1.6300485479764288,0.15996036246036463,0.40035012296546346,44.91990505859483,0
104,2025-06-14,18:10:23.77,1,4,"Marsten, Duncan",824024,Right,BRE_WHI,"Miller, Cody",811764.0,Right,YAR_RED,Undefined,5,Top,0,0,2,Fastball,Four-Seam,BallCalled,Undefined,Undefined,Undefined,0,0,,95.15009,-2.088892,-4.856864,2259.972741,217.743671,1:15,6.57808,1.56209,9.09614,-10.88981,16.8258,12.25827,3.84055,-1.66446,85.82908,-4.345099,-2.528592,0.378908,,,,,,,,,,,,-8.48162,10.60705,-1.4381,50.0,6.52303,11.39561,-138.23109,-5.06884,-16.15943,35.21624,-11.96515,BRE_WHI,YAR_RED,CCBLBrewster,Cape Cod Baseball League,CCBL,20250614-CCBLBrewster-1,5edad260-496c-11f0-9ca6-316a2cb06a4e,99.47656,,,9.32101,,,,,,,908373c5-44f8-4d85-b4f8-ea51cc7d743f,2025-06-14,22:10:23.77,2025-06-14T18:10:23.7760000-04:00,2025-06-14T22:10:23.7760000Z,,v3,6096,6104,,"Tinney, Carson",806245,Right,BRE_WHI,709216e8-26b1-4aa3-8dcd-be110f296da8,51.39841,-138.58689,17.60812,6.57363,-4.94795,-5.98257,-1.55406,11.55888,-8.07971,,,,,,,,,,,,,,,,,,,,,,,,,,,,,,,,,,,,,,,,,,,,,,,,,,,High,High,High,,,,,,95.15009,16.8258,12.25827,2259.972741,12.25827,2.023378422344243,0.18374319194258007,0.39580054955247945,30.28173283936745,0
105,2025-06-14,18:10:40.02,1,5,"Marsten, Duncan",824024,Right,BRE_WHI,"Miller, Cody",811764.0,Right,YAR_RED,Undefined,5,Top,0,1,2,Sinker,Sinker,InPlay,Undefined,FlyBall,Out,1,0,,92.62694,-0.417369,-2.522585,2257.945391,240.58345,2:00,6.57385,1.52626,9.34294,-20.57572,8.05308,12.59985,4.49646,0.38459,84.16159,-4.535888,-0.106013,0.385099,88.97288,38.888112,20.982014,,96.44146,85.39265,52.906,263.43526,145.15135,36.830275,5.244151,-8.09965,5.1452,-1.47177,50.0,6.56509,5.66784,-135.16833,-1.20782,-14.80769,32.71661,-22.76769,BRE_WHI,YAR_RED,CCBLBrewster,Cape Cod Baseball League,CCBL,20250614-CCBLBrewster-1,6881ad70-496c-11f0-9ca6-316a2cb06a4e,97.87715,97.22905,,8.46534,,,,,,,908373c5-44f8-4d85-b4f8-ea51cc7d743f,2025-06-14,22:10:40.02,2025-06-14T18:10:40.0250000-04:00,2025-06-14T22:10:40.0250000Z,FlyBall,v3,6096,6104,,"Tinney, Carson",806245,Right,BRE_WHI,c6a685b7-29d3-4a15-bbf7-278a60dfea83,51.1556,-135.44775,16.3583,6.57457,-1.01337,-11.38385,-1.52072,5.79431,-7.40385,209.337327,-1.72116,94.60919,-28.05629,6.80683,-0.65979,-0.21567,0.08887,-0.01222,0.0006,4.83188,82.05279,-20.80075,1.3194,-0.08258,-0.03573,0.0227,-0.00443,0.00028,-0.37112,36.41752,0.37786,-1.23959,0.40131,-0.0701,0.00751,-0.00055,2e-05,,,,,,,,,,,,,,,,,,,,,,,High,High,High,Medium,Medium,,,,92.62694,8.05308,12.59985,2257.945391,12.59985,1.878335654336013,0.15735766770103676,0.3861465535206231,33.147998954894334,0
106,2025-06-14,18:11:23.13,2,1,"Marsten, Duncan",824024,Right,BRE_WHI,"Wright, Garrett ",1000267043.0,Right,YAR_RED,Undefined,5,Top,1,0,0,Sinker,Sinker,BallCalled,Undefined,Undefined,Undefined,0,0,,92.55213,-2.65357,-3.591671,2319.245915,240.564596,2:00,6.57411,1.59509,9.11859,-20.5406,8.62709,13.48056,2.54183,-0.41818,83.92328,-6.739241,-1.019812,0.388707,,,,,,,,,,,,-8.87654,6.18583,-1.50457,50.0,6.50903,8.11332,-134.68937,-6.51067,-16.05445,33.46612,-20.98614,BRE_WHI,YAR_RED,CCBLBrewster,Cape Cod Baseball League,CCBL,20250614-CCBLBrewster-1,8234f650-496c-11f0-9ca6-316a2cb06a4e,96.96876,,,8.62885,,,,,,,908373c5-44f8-4d85-b4f8-ea51cc7d743f,2025-06-14,22:11:23.13,2025-06-14T18:11:23.1390000-04:00,2025-06-14T22:11:23.1390000Z,,v3,6096,6104,,"Tinney, Carson",806245,Right,BRE_WHI,23644628-aaa2-41ce-ad5d-f24017afb9b2,51.37875,-135.03152,16.73306,6.57449,-6.29612,-10.49307,-1.58836,8.27745,-8.02723,,,,,,,,,,,,,,,,,,,,,,,,,,,,,,,,,,,,,,,,,,,,,,,,,,,High,High,High,,,,,,92.55213,8.62709,13.48056,2319.245915,13.48056,1.914940228139552,0.15735766770103676,0.3861465535206231,31.726081286467547,0
107,2025-06-14,18:12:05.19,2,2,"Marsten, Duncan",824024,Right,BRE_WHI,"Wright, Garrett ",1000267043.0,Right,YAR_RED,Undefined,5,Top,1,1,0,Sinker,Sinker,BallCalled,Undefined,Undefined,Undefined,0,0,,92.16636,-2.398852,-3.916529,2253.925881,244.677843,2:15,6.60256,1.60225,9.38945,-20.34773,8.30343,15.71954,2.81997,-0.49044,84.79766,-6.443079,-0.90274,0.38525,,,,,,,,,,,,-10.20327,5.82374,-1.52159,50.0,6.55545,8.85044,-134.29575,-5.85133,-18.65422,28.78567,-21.52671,BRE_WHI,YAR_RED,CCBLBrewster,Cape Cod Baseball League,CCBL,20250614-CCBLBrewster-1,9b4a7890-496c-11f0-9ca6-316a2cb06a4e,97.83892,,,7.3687,,,,,,,908373c5-44f8-4d85-b4f8-ea51cc7d743f,2025-06-14,22:12:05.19,2025-06-14T18:12:05.1930000-04:00,2025-06-14T22:12:05.1930000Z,,v3,6096,6104,,"Tinney, Carson",806245,Right,BRE_WHI,d1250e66-aa79-4439-8b63-e4ed78f7b6fb,51.11062,-134.5336,14.39284,6.60306,-5.67346,-10.76335,-1.59536,9.00457,-9.32711,,,,,,,,,,,,,,,,,,,,,,,,,,,,,,,,,,,,,,,,,,,,,,,,,,,High,High,High,,,,,,92.16636,8.30343,15.71954,2253.925881,15.71954,1.6876337335696814,0.15735766770103676,0.3861465535206231,40.55588278919147,0
108,2025-06-14,18:12:22.46,2,3,"Marsten, Duncan",824024,Right,BRE_WHI,"Wright, Garrett ",1000267043.0,Right,YAR_RED,Undefined,5,Top,1,2,0,Sinker,Sinker,BallCalled,Undefined,Undefined,Undefined,0,0,,91.762,-2.054648,-3.092906,2239.809277,251.487618,2:30,6.45491,1.44577,9.28145,-22.5021,6.43902,16.673,2.79021,0.14384,84.5787,-6.50106,0.101866,0.387194,,,,,,,,,,,,-10.50882,4.61933,-1.37574,50.0,6.41091,6.86487,-133.85437,-5.08212,-19.10286,28.36865,-23.77708,BRE_WHI,YAR_RED,CCBLBrewster,Cape Cod Baseball League,CCBL,20250614-CCBLBrewster-1,a59311e0-496c-11f0-9ca6-316a2cb06a4e,97.3476,,,7.1833,,,,,,,908373c5-44f8-4d85-b4f8-ea51cc7d743f,2025-06-14,22:12:22.46,2025-06-14T18:12:22.4630000-04:00,2025-06-14T22:12:22.4630000Z,,v3,6096,6104,,"Tinney, Carson",806245,Right,BRE_WHI,394a588c-669b-43f9-9ebf-ca6e560bb1b0,51.21931,-134.11254,14.18432,6.45618,-4.86573,-11.88854,-1.439,7.03871,-9.55143,,,,,,,,,,,,,,,,,,,,,,,,,,,,,,,,,,,,,,,,,,,,,,,,,,,High,High,High,,,,,,91.762,6.43902,16.673,2239.809277,16.673,1.5084150071113742,0.15735766770103676,0.3861465535206231,47.51769786267763,0
110,2025-06-14,18:13:01.91,3,1,"Marsten, Duncan",824024,Right,BRE_WHI,"Baker, Will",815345.0,Left,YAR_RED,Undefined,5,Top,1,0,0,Slider,Slider,StrikeCalled,Undefined,Undefined,Undefined,0,0,,81.6353,0.469791,-2.287064,2299.479802,93.206955,9:00,6.2077,1.96479,8.52109,-36.15809,1.42705,-6.5587,3.6095,-0.60139,75.52057,-6.520447,-3.524171,0.441245,,,,,,,,,,,,3.08272,1.07917,-1.88611,50.0,6.22224,4.91515,-119.08132,0.34649,4.4439,22.02582,-30.61839,BRE_WHI,YAR_RED,CCBLBrewster,Cape Cod Baseball League,CCBL,20250614-CCBLBrewster-1,bd20bba0-496c-11f0-9ca6-316a2cb06a4e,85.42298,,,6.11473,,,,,,,908373c5-44f8-4d85-b4f8-ea51cc7d743f,2025-06-14,22:13:01.91,2025-06-14T18:13:01.9180000-04:00,2025-06-14T22:13:01.9180000Z,,v3,6096,6104,,"Tinney, Carson",806245,Right,BRE_WHI,48dd01a2-6614-420e-accb-4f012b546bab,51.97895,-119.4468,11.01291,6.21227,0.85454,-15.30919,-1.96705,4.84141,2.22195,,,,,,,,,,,,,,,,,,,,,,,,,,,,,,,,,,,,,,,,,,,,,,,,,,,High,High,High,,,,,,81.6353,1.42705,-6.5587,2299.479802,-6.5587,1.4510452492704422,0.15996036246036463,0.40035012296546346,51.62665828924496,0
111,2025-06-14,18:13:43.13,3,2,"Marsten, Duncan",824024,Right,BRE_WHI,"Baker, Will",815345.0,Left,YAR_RED,Undefined,5,Top,1,0,1,Sinker,Sinker,InPlay,Undefined,GroundBall,Single,0,0,,92.1755,-0.527805,-2.502065,2252.491533,249.046218,2:15,6.44542,1.75701,9.08484,-21.74013,7.20544,16.52316,4.17265,0.94886,84.52824,-4.831549,0.651588,0.387224,81.1642,3.347234,-16.544458,1976.463722,,,,85.07037,77.91218,-20.995474,0.788743,-10.24099,4.61217,-1.69188,50.0,6.43168,5.49278,-134.54431,-1.52766,-18.73965,29.66162,-23.73442,BRE_WHI,YAR_RED,CCBLBrewster,Cape Cod Baseball League,CCBL,20250614-CCBLBrewster-1,d5a129d0-496c-11f0-9ca6-316a2cb06a4e,97.34011,4.62711,,7.64726,,,,-1.16718,3.85066,-0.95635,908373c5-44f8-4d85-b4f8-ea51cc7d743f,2025-06-14,22:13:43.13,2025-06-14T18:13:43.1380000-04:00,2025-06-14T22:13:43.1380000Z,GroundBall,v3,6096,6104,,"Tinney, Carson",806245,Right,BRE_WHI,2eaea1b4-ba0b-4a3c-8eca-fb0dd4ff1fdb,51.41579,-134.85607,14.83081,6.44642,-1.27819,-11.86721,-1.75065,5.68974,-9.36982,96.965632,-1.12422,113.18041,-14.08652,,,,,,,3.87046,6.61311,-14.63652,,,,,,,-0.92568,-34.37111,-3.97426,,,,,,,,,,,,,,,,,,,,,,,,,,,,,High,High,High,High,High,,,,92.1755,7.20544,16.52316,2252.491533,16.52316,1.646426896681641,0.15735766770103676,0.3861465535206231,42.156577001492884,0
112,2025-06-14,18:14:29.54,4,1,"Marsten, Duncan",824024,Right,BRE_WHI,"Hernandez, Alex",815415.0,Right,YAR_RED,Undefined,5,Top,1,0,0,Sinker,Sinker,FoulBallNotFieldable,Undefined,Undefined,Undefined,0,0,,91.37223,-1.297858,-3.398527,2230.909921,245.106908,2:15,6.54885,1.82384,9.21774,-21.22163,8.03268,15.44544,3.64849,0.14928,84.09891,-5.504169,-0.445712,0.389284,,,,,,,,,,,,-9.8465,5.32394,-1.74384,50.0,6.51914,7.56567,-133.27218,-3.27576,-17.7521,27.99321,-22.57563,BRE_WHI,YAR_RED,CCBLBrewster,Cape Cod Baseball League,CCBL,20250614-CCBLBrewster-1,f15301d0-496c-11f0-9ca6-316a2cb06a4e,96.8251,,,7.27332,,,,,,,908373c5-44f8-4d85-b4f8-ea51cc7d743f,2025-06-14,22:14:29.54,2025-06-14T18:14:29.5450000-04:00,2025-06-14T22:14:29.5450000Z,,v3,6096,6104,,"Tinney, Carson",806245,Right,BRE_WHI,51a11e3d-56b4-4e52-b62e-02c65c629643,51.28261,-133.54131,13.9966,6.5496,-3.05872,-11.28782,-1.8174,7.73635,-8.87605,,,,,,,,,,,,,,,,,,,,,,,,,,,,,,,,,,,,,,,,,,,,,,,,,,,High,High,High,,,,,,91.37223,8.03268,15.44544,2230.909921,15.44544,1.1640909310168028,0.15735766770103676,0.3861465535206231,60.89308887505068,0
113,2025-06-14,18:14:56.28,4,2,"Marsten, Duncan",824024,Right,BRE_WHI,"Hernandez, Alex",815415.0,Right,YAR_RED,Undefined,5,Top,1,0,1,ChangeUp,Changeup,BallCalled,Undefined,Undefined,Undefined,0,0,,85.34617,-1.637794,-4.452531,1778.012789,252.907291,2:30,6.27674,1.901,9.33728,-27.66895,5.74319,15.48859,2.54413,-0.68244,78.82384,-7.09115,-1.488306,0.416029,,,,,,,,,,,,-10.14902,4.16414,-1.80584,50.0,6.24395,9.36175,-124.33609,-3.88634,-15.9528,23.97147,-25.62863,BRE_WHI,YAR_RED,CCBLBrewster,Cape Cod Baseball League,CCBL,20250614-CCBLBrewster-1,014223a0-496d-11f0-9ca6-316a2cb06a4e,90.60054,,,6.52233,,,,,,,908373c5-44f8-4d85-b4f8-ea51cc7d743f,2025-06-14,22:14:56.28,2025-06-14T18:14:56.2890000-04:00,2025-06-14T22:14:56.2890000Z,,v3,6096,6104,,"Tinney, Carson",806245,Right,BRE_WHI,24155549-882c-4bc9-a385-477ffeb34f71,51.16298,-124.56011,11.98574,6.27915,-3.64683,-12.81431,-1.89402,9.51083,-7.9764,,,,,,,,,,,,,,,,,,,,,,,,,,,,,,,,,,,,,,,,,,,,,,,,,,,High,High,High,,,,,,85.34617,5.74319,15.48859,1778.012789,15.48859,1.170086271242479,0.20520632251542162,0.40827392127189194,64.55027255765532,0
114,2025-06-14,18:15:39.64,4,3,"Marsten, Duncan",824024,Right,BRE_WHI,"Hernandez, Alex",815415.0,Right,YAR_RED,Undefined,5,Top,1,1,1,ChangeUp,Changeup,FoulBallNotFieldable,Undefined,Undefined,Undefined,0,0,,84.04399,-0.830701,-3.220223,1674.728744,250.81234,2:15,6.34152,1.89647,9.71859,-27.19592,6.66008,16.27887,3.3582,0.47527,77.49576,-6.25126,-0.07476,0.418783,,,,,,,,,,,,-10.52508,4.5252,-1.84784,50.0,6.33104,6.63533,-122.73753,-2.00195,-16.07846,23.96521,-25.26119,BRE_WHI,YAR_RED,CCBLBrewster,Cape Cod Baseball League,CCBL,20250614-CCBLBrewster-1,1b1ccaa0-496d-11f0-9ca6-316a2cb06a4e,90.00465,,,6.54823,,,,,,,908373c5-44f8-4d85-b4f8-ea51cc7d743f,2025-06-14,22:15:39.64,2025-06-14T18:15:39.6430000-04:00,2025-06-14T22:15:39.6430000Z,,v3,6096,6104,,"Tinney, Carson",806245,Right,BRE_WHI,faff2e3c-df1d-4ae7-9d1e-a0839096b573,50.78264,-122.89025,11.9826,6.34328,-1.84097,-12.63059,-1.89045,6.7378,-8.03923,,,,,,,,,,,,,,,,,,,,,,,,,,,,,,,,,,,,,,,,,,,,,,,,,,,High,High,High,,,,,,84.04399,6.66008,16.27887,1674.728744,16.27887,1.3052920894870546,0.20520632251542162,0.40827392127189194,59.58280545284845,0
115,2025-06-14,18:16:14.91,4,4,"Marsten, Duncan",824024,Right,BRE_WHI,"Hernandez, Alex",815415.0,Right,YAR_RED,Undefined,5,Top,1,1,2,Fastball,Four-Seam,FoulBallNotFieldable,Undefined,Undefined,Undefined,0,0,,91.47771,-1.617032,-3.446546,2262.503053,225.42266,1:30,6.57312,1.71531,9.4667,-14.093,14.94938,14.24879,3.9953,-0.08592,83.6834,-4.488719,-0.710875,0.387871,,,,,,,,,,,,-9.17375,9.4791,-1.6474,50.0,6.54136,7.69798,-133.36669,-3.82165,-16.48726,29.25641,-15.13795,BRE_WHI,YAR_RED,CCBLBrewster,Cape Cod Baseball League,CCBL,20250614-CCBLBrewster-1,3005e140-496d-11f0-9ca6-316a2cb06a4e,97.17772,,,7.7943,,,,,,,908373c5-44f8-4d85-b4f8-ea51cc7d743f,2025-06-14,22:16:14.91,2025-06-14T18:16:14.9140000-04:00,2025-06-14T22:16:14.9140000Z,,v3,6096,6104,,"Tinney, Carson",806245,Right,BRE_WHI,575e10b5-504c-405a-9ab2-6edebb7d0b30,51.03055,-133.59257,14.6282,6.57041,-3.70477,-7.56898,-1.70733,7.82527,-8.24363,,,,,,,,,,,,,,,,,,,,,,,,,,,,,,,,,,,,,,,,,,,,,,,,,,,High,High,High,,,,,,91.47771,14.94938,14.24879,2262.503053,14.24879,1.5305110004998002,0.18374319194258007,0.39580054955247945,48.96036109298082,0
116,2025-06-14,18:16:38.15,4,5,"Marsten, Duncan",824024,Right,BRE_WHI,"Hernandez, Alex",815415.0,Right,YAR_RED,Undefined,5,Top,1,1,2,Slider,Slider,BallCalled,Undefined,Undefined,Undefined,0,0,,82.40257,-0.127998,-3.309678,2540.20002,86.24596,8:45,6.28304,2.04327,8.58231,-36.29207,0.73957,-5.42398,3.14568,-1.32954,75.98939,-7.143878,-4.33261,0.437984,,,,,,,,,,,,2.11878,0.88547,-1.9327,50.0,6.2777,7.07792,-120.07003,-0.90494,3.08966,23.49088,-30.88285,BRE_WHI,YAR_RED,CCBLBrewster,Cape Cod Baseball League,CCBL,20250614-CCBLBrewster-1,3e073cd0-496d-11f0-9ca6-316a2cb06a4e,86.05903,,,6.41318,,,,,,,908373c5-44f8-4d85-b4f8-ea51cc7d743f,2025-06-14,22:16:38.15,2025-06-14T18:16:38.1520000-04:00,2025-06-14T22:16:38.1520000Z,,v3,6096,6104,,"Tinney, Carson",806245,Right,BRE_WHI,e844ef41-2fdb-4f2d-8949-765f1607ce24,51.91677,-120.44445,11.74544,6.2882,-0.41271,-15.44142,-2.04512,7.02867,1.54483,,,,,,,,,,,,,,,,,,,,,,,,,,,,,,,,,,,,,,,,,,,,,,,,,,,High,High,High,,,,,,82.40257,0.73957,-5.42398,2540.20002,-5.42398,1.4009305509109238,0.15996036246036463,0.40035012296546346,53.50431595005608,0
117,2025-06-14,18:16:58.73,4,6,"Marsten, Duncan",824024,Right,BRE_WHI,"Hernandez, Alex",815415.0,Right,YAR_RED,Undefined,5,Top,1,2,2,Sinker,Sinker,InPlay,Undefined,LineDrive,Out,1,0,,91.1269,-0.709125,-1.833318,2195.38313,234.683216,1:45,6.48689,1.72163,9.0718,-18.23828,11.39922,14.81005,4.34763,1.3548,83.48351,-4.350716,0.993368,0.391825,88.67622,20.303458,-19.958312,928.479478,101.03397,30.942,-43.49865,255.24878,244.43199,-25.494159,2.768514,-9.04713,7.08898,-1.67287,50.0,6.46772,3.90976,-133.03693,-1.84656,-16.17393,29.20227,-19.5008,BRE_WHI,YAR_RED,CCBLBrewster,Cape Cod Baseball League,CCBL,20250614-CCBLBrewster-1,4a38ba60-496d-11f0-9ca6-316a2cb06a4e,96.19711,32.01753,,7.6434,,,,-1.38913,4.2249,-1.41959,908373c5-44f8-4d85-b4f8-ea51cc7d743f,2025-06-14,22:16:58.73,2025-06-14T18:16:58.7320000-04:00,2025-06-14T22:16:58.7320000Z,LineDrive,v3,6096,6104,,"Tinney, Carson",806245,Right,BRE_WHI,98420935-8609-4144-b72c-55469d361e03,51.42794,-133.35,14.60114,6.4864,-1.6375,-9.7504,-1.71572,4.08316,-8.08697,114.482312,-1.38909,114.64973,-17.42182,3.66529,-0.73041,0.09517,-0.00065,-0.00285,0.00041,4.22487,45.1302,-20.08652,1.73424,-0.34143,0.08403,-0.02198,0.00465,-0.00044,-1.4196,-41.6349,0.01768,0.75547,-0.29968,0.08944,-0.0219,0.0037,-0.0003,,,,,,,,,,,,,,,,,,,,,,,High,High,High,High,High,,,,91.1269,11.39922,14.81005,2195.38313,14.81005,1.1871564525472709,0.15735766770103676,0.3861465535206231,59.99710050016404,0
118,2025-06-14,18:17:38.44,5,1,"Marsten, Duncan",824024,Right,BRE_WHI,"Canon, Cider",835222.0,Right,YAR_RED,Undefined,5,Top,2,0,0,ChangeUp,Changeup,BallCalled,Undefined,Undefined,Undefined,0,0,,85.7909,-1.319024,-3.836574,1726.664697,258.719355,2:30,6.23095,2.0202,9.66139,-28.55982,4.03481,15.45343,2.7103,-0.00675,79.22129,-6.979739,-0.855852,0.410908,,,,,,,,,,,,-10.12615,3.10374,-1.95904,50.0,6.21316,8.11547,-125.17323,-3.16287,-16.10794,24.64841,-27.23688,BRE_WHI,YAR_RED,CCBLBrewster,Cape Cod Baseball League,CCBL,20250614-CCBLBrewster-1,61ecd7e0-496d-11f0-9ca6-316a2cb06a4e,91.7297,,,6.56961,,,,,,,908373c5-44f8-4d85-b4f8-ea51cc7d743f,2025-06-14,22:17:38.44,2025-06-14T18:17:38.4480000-04:00,2025-06-14T22:17:38.4480000Z,,v3,6096,6104,,"Tinney, Carson",806245,Right,BRE_WHI,d83cfdae-c69c-4cbe-a2e1-f40048c69b85,50.83952,-125.33844,12.32421,6.23375,-2.98032,-13.61844,-2.01379,8.22343,-8.05397,,,,,,,,,,,,,,,,,,,,,,,,,,,,,,,,,,,,,,,,,,,,,,,,,,,High,High,High,,,,,,85.7909,4.03481,15.45343,1726.664697,15.45343,1.201489517591466,0.20520632251542162,0.40827392127189194,63.39651604593066,0
119,2025-06-14,18:18:00.86,5,2,"Marsten, Duncan",824024,Right,BRE_WHI,"Canon, Cider",835222.0,Right,YAR_RED,Undefined,5,Top,2,1,0,Sinker,Sinker,InPlay,Undefined,GroundBall,Out,1,0,,90.99124,-0.542646,-2.36425,2274.125817,248.424141,2:15,6.45065,1.61101,9.10494,-22.8145,6.81095,14.99335,4.07562,0.79671,83.6178,-5.052124,0.499081,0.391745,80.86491,-1.779943,-7.165378,1543.438562,,,,37.5074,30.9806,-8.520196,0.343749,-9.28241,4.40103,-1.55007,50.0,6.43694,5.13403,-132.82922,-1.5608,-16.59046,28.34606,-24.30807,BRE_WHI,YAR_RED,CCBLBrewster,Cape Cod Baseball League,CCBL,20250614-CCBLBrewster-1,6f485680-496d-11f0-9ca6-316a2cb06a4e,96.21669,3.79172,,7.37344,,,,,,,908373c5-44f8-4d85-b4f8-ea51cc7d743f,2025-06-14,22:18:00.86,2025-06-14T18:18:00.8610000-04:00,2025-06-14T22:18:00.8610000Z,GroundBall,v3,6096,6104,,"Tinney, Carson",806245,Right,BRE_WHI,42b3d345-a574-4aae-ac20-383824050a98,51.3952,-133.12662,14.17303,6.45198,-1.30576,-12.15404,-1.60485,5.3081,-8.29523,347.203736,-1.73039,117.53529,-13.37844,,,,,,,3.79621,-3.85781,-20.94094,,,,,,,-0.84154,-14.75448,3.02247,,,,,,,,,,,,,,,,,,,,,,,,,,,,,High,High,High,High,High,,,,90.99124,6.81095,14.99335,2274.125817,14.99335,1.1543540878776648,0.15735766770103676,0.3861465535206231,61.27132000454145,0
138,2025-06-14,18:36:38.29,1,1,"Marsten, Duncan",824024,Right,BRE_WHI,"Ortiz, Avery",806499.0,Right,YAR_RED,Undefined,6,Top,0,0,0,Sinker,Sinker,BallCalled,Undefined,Undefined,Undefined,0,0,,91.29566,-0.173415,-2.877852,2299.112029,234.110436,1:45,6.70151,1.53959,9.11539,-16.8195,12.58883,16.19221,5.14844,0.3767,83.78792,-3.544371,0.211775,0.390307,,,,,,,,,,,,-9.99997,7.60355,-1.46511,50.0,6.69551,6.289,-133.19873,-0.56116,-18.00539,28.01495,-18.4835,BRE_WHI,YAR_RED,CCBLBrewster,Cape Cod Baseball League,CCBL,20250614-CCBLBrewster-1,0938d650-4970-11f0-9ca6-316a2cb06a4e,96.57124,,,7.50774,,,,,,,908373c5-44f8-4d85-b4f8-ea51cc7d743f,2025-06-14,22:36:38.29,2025-06-14T18:36:38.2980000-04:00,2025-06-14T22:36:38.2980000Z,,v3,6096,6104,,"Tinney, Carson",806245,Right,BRE_WHI,135d30e3-18b8-4c1f-99d7-d7abbff73176,51.38313,-133.48932,14.00748,6.70033,-0.36944,-9.24175,-1.53131,6.47576,-9.0027,,,,,,,,,,,,,,,,,,,,,,,,,,,,,,,,,,,,,,,,,,,,,,,,,,,High,High,High,,,,,,91.29566,12.58883,16.19221,2299.112029,16.19221,0.6302987203626141,0.15735766770103676,0.3861465535206231,81.62843685837848,0
139,2025-06-14,18:36:51.53,1,2,"Marsten, Duncan",824024,Right,BRE_WHI,"Ortiz, Avery",806499.0,Right,YAR_RED,Undefined,6,Top,0,1,0,Sinker,Sinker,InPlay,Undefined,LineDrive,Double,0,0,,90.99624,-1.628058,-3.171818,2275.88915,243.446804,2:00,6.61621,1.38495,9.34812,-19.30103,9.96564,18.24635,3.59183,0.14902,83.94415,-5.473523,0.327091,0.389366,99.15823,20.435061,-15.678935,2025.367964,104.83338,40.96171,-33.31445,380.30568,375.53276,-21.692761,4.594189,-11.47804,6.54851,-1.31676,50.0,6.58253,6.97885,-132.79645,-3.96781,-20.58952,27.22933,-20.4272,BRE_WHI,YAR_RED,CCBLBrewster,Cape Cod Baseball League,CCBL,20250614-CCBLBrewster-1,112c8320-4970-11f0-9ca6-316a2cb06a4e,96.80461,59.03116,,7.05209,,,,-1.11875,3.3689,-0.16856,908373c5-44f8-4d85-b4f8-ea51cc7d743f,2025-06-14,22:36:51.53,2025-06-14T18:36:51.5310000-04:00,2025-06-14T22:36:51.5310000Z,LineDrive,v3,6096,6104,,"Tinney, Carson",806245,Right,BRE_WHI,7b7be84b-3719-450b-91ee-7de67ee5dca7,51.1533,-133.03272,13.61467,6.61619,-3.79056,-10.2136,-1.37809,7.1575,-10.29476,160.710319,-1.12005,131.24147,-24.39684,5.64595,-1.33837,0.31792,-0.06193,0.00752,-0.00039,3.3713,50.71465,-11.14291,-0.74411,0.5345,-0.21637,0.05425,-0.00714,0.00037,-0.16837,-36.83176,1.90421,-0.13608,0.03252,-0.02611,0.00905,-0.0014,8e-05,,,,,,,,,,,,,,,,,,,,,,,High,High,High,High,High,,,,90.99624,9.96564,18.24635,2275.88915,18.24635,1.599170493213566,0.15735766770103676,0.3861465535206231,43.99226877591986,0
140,2025-06-14,18:39:48.14,2,1,"Marsten, Duncan",824024,Right,BRE_WHI,"Brunson, Chase",815313.0,Right,YAR_RED,Undefined,6,Top,0,0,0,ChangeUp,Changeup,BallCalled,Undefined,Undefined,Undefined,0,0,,85.41413,0.563867,-2.377992,1740.780594,254.162477,2:30,6.34354,2.00025,9.43313,-28.02545,4.75028,13.76973,4.49721,1.08559,79.43944,-4.970006,0.268305,0.412048,,,,,,,,,,,,-8.58091,2.98831,-1.95205,50.0,6.35508,4.91708,-124.81624,0.9228,-13.72451,21.85766,-27.39446,BRE_WHI,YAR_RED,CCBLBrewster,Cape Cod Baseball League,CCBL,20250614-CCBLBrewster-1,7a7e7cc0-4970-11f0-9ca6-316a2cb06a4e,91.47588,,,5.97469,,,,,,,908373c5-44f8-4d85-b4f8-ea51cc7d743f,2025-06-14,22:39:48.14,2025-06-14T18:39:48.1460000-04:00,2025-06-14T22:39:48.1460000Z,,v3,6096,6104,,"Tinney, Carson",806245,Right,BRE_WHI,465f5a83-d100-4519-b2d7-b2fcfa74a09b,51.06808,-125.00314,10.92883,6.34619,1.15704,-13.69723,-1.9946,5.03444,-6.86225,,,,,,,,,,,,,,,,,,,,,,,,,,,,,,,,,,,,,,,,,,,,,,,,,,,High,High,High,,,,,,85.41413,4.75028,13.76973,1740.780594,13.76973,1.2339104482255088,0.20520632251542162,0.40827392127189194,62.205369773360445,0
141,2025-06-14,18:40:12.65,2,2,"Marsten, Duncan",824024,Right,BRE_WHI,"Brunson, Chase",815313.0,Right,YAR_RED,Undefined,6,Top,0,1,0,ChangeUp,Changeup,StrikeCalled,Undefined,Undefined,Undefined,0,0,,84.57167,0.432399,-3.732481,1738.203297,252.558904,2:30,6.35009,1.82428,9.19833,-27.91785,5.97528,16.13099,4.40094,-0.08623,78.43126,-5.061987,-0.652554,0.419013,,,,,,,,,,,,-10.18678,3.71941,-1.73502,50.0,6.36022,7.70653,-123.38242,0.58957,-15.89482,21.73927,-26.37048,BRE_WHI,YAR_RED,CCBLBrewster,Cape Cod Baseball League,CCBL,20250614-CCBLBrewster-1,8903fc70-4970-11f0-9ca6-316a2cb06a4e,89.95534,,,6.14041,,,,,,,908373c5-44f8-4d85-b4f8-ea51cc7d743f,2025-06-14,22:40:12.65,2025-06-14T18:40:12.6570000-04:00,2025-06-14T22:40:12.6570000Z,,v3,6096,6104,,"Tinney, Carson",806245,Right,BRE_WHI,73bbffd6-dc69-44f5-9d04-421517bd4fd0,51.30264,-123.61173,10.86963,6.35254,0.86773,-13.18524,-1.81719,7.87419,-7.94741,,,,,,,,,,,,,,,,,,,,,,,,,,,,,,,,,,,,,,,,,,,,,,,,,,,High,High,High,,,,,,84.57167,5.97528,16.13099,1738.203297,16.13099,1.0987674667785836,0.20520632251542162,0.40827392127189194,67.17052825173872,0
142,2025-06-14,18:40:31.65,2,3,"Marsten, Duncan",824024,Right,BRE_WHI,"Brunson, Chase",815313.0,Right,YAR_RED,Undefined,6,Top,0,1,1,Sinker,Sinker,BallCalled,Undefined,Undefined,Undefined,0,0,,91.13711,0.903414,-1.937199,2266.232821,247.343718,2:15,6.5121,1.81787,8.84845,-22.12308,7.4215,15.90143,5.46121,1.44365,84.38163,-3.442751,1.083355,0.39121,,,,,,,,,,,,-9.48898,4.32256,-1.75878,50.0,6.53715,4.09461,-133.07513,1.76892,-17.21337,25.45145,-24.33276,BRE_WHI,YAR_RED,CCBLBrewster,Cape Cod Baseball League,CCBL,20250614-CCBLBrewster-1,9451d0c0-4970-11f0-9ca6-316a2cb06a4e,96.34827,,,6.75548,,,,,,,908373c5-44f8-4d85-b4f8-ea51cc7d743f,2025-06-14,22:40:31.65,2025-06-14T18:40:31.6590000-04:00,2025-06-14T22:40:31.6590000Z,,v3,6096,6104,,"Tinney, Carson",806245,Right,BRE_WHI,8f7abee5-05b0-4aa9-9397-95cdf4c80eb4,51.65206,-133.39072,12.72573,6.51334,2.07064,-12.16638,-1.81087,4.30805,-8.60669,,,,,,,,,,,,,,,,,,,,,,,,,,,,,,,,,,,,,,,,,,,,,,,,,,,High,High,High,,,,,,91.13711,7.4215,15.90143,2266.232821,15.90143,1.2270783747837022,0.15735766770103676,0.3861465535206231,58.44631925380368,0
143,2025-06-14,18:40:53.90,2,4,"Marsten, Duncan",824024,Right,BRE_WHI,"Brunson, Chase",815313.0,Right,YAR_RED,Undefined,6,Top,0,2,1,Slider,Slider,InPlay,Undefined,GroundBall,Error,0,0,,82.01281,0.345793,-2.777255,2317.630805,82.510223,8:45,6.20177,1.96728,8.67764,-36.41262,0.36685,-4.49256,3.47199,-0.85261,76.39887,-6.691041,-3.62683,0.43649,64.7158,-28.989885,-7.683502,,,,,5.12671,3.15943,2.532483,0.069197,1.87831,0.45476,-1.87892,50.0,6.21141,5.90522,-119.68195,0.12913,2.75448,20.70595,-31.50714,BRE_WHI,YAR_RED,CCBLBrewster,Cape Cod Baseball League,CCBL,20250614-CCBLBrewster-1,a1af4b30-4970-11f0-9ca6-316a2cb06a4e,86.35351,3.20049,,5.61394,,,,-0.60267,3.20049,0.99882,908373c5-44f8-4d85-b4f8-ea51cc7d743f,2025-06-14,22:40:53.90,2025-06-14T18:40:53.9090000-04:00,2025-06-14T22:40:53.9090000Z,GroundBall,v3,6096,6104,,"Tinney, Carson",806245,Right,BRE_WHI,419f7b85-e201-436f-b936-4fd9cdd2aae6,51.82407,-119.99712,10.35298,6.20579,0.6087,-15.75357,-1.96848,5.86329,1.37724,180.0,-0.60765,82.72552,,,,,,,,3.20327,-46.25167,,,,,,,,0.99948,-11.16067,,,,,,,,,,,,,,,,,,,,,,,,,,,,,,High,High,High,Low,Low,,,,82.01281,0.36685,-4.49256,2317.630805,-4.49256,1.5946637632578191,0.15996036246036463,0.40035012296546346,46.2456740301331,0
144,2025-06-14,18:44:30.64,3,1,"Leffew, Haiden",806140,Left,BRE_WHI,"Carreras, Yomar",827330.0,Right,YAR_RED,Undefined,6,Top,0,0,0,Fastball,Four-Seam,StrikeCalled,Undefined,Undefined,Undefined,0,0,,93.22514,-3.194161,1.622867,2262.387621,153.18282,11:00,7.53597,-1.27798,8.39495,-10.32422,19.30288,-9.21481,3.84537,-0.60959,84.1215,-5.319762,-0.111949,0.391756,,,,,,,,,,,,5.58445,12.10666,1.21638,50.0,7.41396,-3.53766,-135.53844,-7.60014,10.21812,34.1522,-10.02196,BRE_WHI,YAR_RED,CCBLBrewster,Cape Cod Baseball League,CCBL,20250614-CCBLBrewster-1,22be8a10-4971-11f0-9ca6-316a2cb06a4e,96.21403,,,9.10364,,,,,,,908373c5-44f8-4d85-b4f8-ea51cc7d743f,2025-06-14,22:44:30.64,2025-06-14T18:44:30.6480000-04:00,2025-06-14T22:44:30.6480000Z,,v3,6096,6104,,"Tinney, Carson",806245,Right,BRE_WHI,b42fcc39-5d5b-46ae-a080-53559b9ff603,52.09833,-136.06614,17.0761,7.53019,-7.44529,-5.01098,1.27226,-3.69555,5.10906,,,,,,,,,,,,,,,,,,,,,,,,,,,,,,,,,,,,,,,,,,,,,,,,,,,High,High,High,,,,,,93.22514,19.30288,-9.21481,2262.387621,9.21481,0.4479620213147806,0.18374319194258007,0.39580054955247945,89.98666766616626,0
145,2025-06-14,18:44:47.53,3,2,"Leffew, Haiden",806140,Left,BRE_WHI,"Carreras, Yomar",827330.0,Right,YAR_RED,Undefined,6,Top,0,0,1,Fastball,Four-Seam,StrikeSwinging,Undefined,Undefined,Undefined,0,0,,92.94897,-3.132231,1.704958,2319.611452,148.717952,11:00,7.58597,-1.03084,8.34229,-12.00528,17.89206,-10.20705,3.80728,-0.37088,83.81668,-5.573075,-0.21489,0.393539,,,,,,,,,,,,6.16469,11.31977,0.96473,50.0,7.46371,-3.68822,-135.12637,-7.4901,11.19659,34.29868,-11.6145,BRE_WHI,YAR_RED,CCBLBrewster,Cape Cod Baseball League,CCBL,20250614-CCBLBrewster-1,2cd034e0-4971-11f0-9ca6-316a2cb06a4e,95.77818,,,9.1323,,,,,,,908373c5-44f8-4d85-b4f8-ea51cc7d743f,2025-06-14,22:44:47.53,2025-06-14T18:44:47.5300000-04:00,2025-06-14T22:44:47.5300000Z,,v3,6096,6104,,"Tinney, Carson",806245,Right,BRE_WHI,dee81aef-84b7-4953-9bd7-3611efa656db,52.15138,-135.67135,17.14934,7.58126,-7.30555,-5.80725,1.02475,-3.86613,5.5983,,,,,,,,,,,,,,,,,,,,,,,,,,,,,,,,,,,,,,,,,,,,,,,,,,,High,High,High,,,,,,92.94897,17.89206,-10.20705,2319.611452,10.20705,0.6051816739770126,0.18374319194258007,0.39580054955247945,84.028376823468,1
146,2025-06-14,18:45:05.83,3,3,"Leffew, Haiden",806140,Left,BRE_WHI,"Carreras, Yomar",827330.0,Right,YAR_RED,Undefined,6,Top,0,0,2,Fastball,Four-Seam,BallCalled,Undefined,Undefined,Undefined,0,0,,93.45079,-3.925852,1.794009,2310.04506,149.620419,11:00,7.49695,-1.13926,8.47181,-10.81249,18.43418,-10.21709,3.12046,-0.40525,84.93376,-6.126698,-0.132431,0.389233,,,,,,,,,,,,6.21433,11.84544,1.07386,50.0,7.35369,-3.9396,-135.85726,-9.38967,11.50108,32.4773,-10.2513,BRE_WHI,YAR_RED,CCBLBrewster,Cape Cod Baseball League,CCBL,20250614-CCBLBrewster-1,37b97b00-4971-11f0-9ca6-316a2cb06a4e,96.83772,,,8.51703,,,,,,,908373c5-44f8-4d85-b4f8-ea51cc7d743f,2025-06-14,22:45:05.83,2025-06-14T18:45:05.8330000-04:00,2025-06-14T22:45:05.8330000Z,,v3,6096,6104,,"Tinney, Carson",806245,Right,BRE_WHI,234afc4a-7278-404a-a0f8-1c33f71ceecf,52.02396,-136.34023,16.23865,7.4922,-9.23722,-5.12565,1.13372,-4.11064,5.75054,,,,,,,,,,,,,,,,,,,,,,,,,,,,,,,,,,,,,,,,,,,,,,,,,,,High,High,High,,,,,,93.45079,18.43418,-10.21709,2310.04506,10.21709,0.5247932180601748,0.18374319194258007,0.39580054955247945,87.07492852764314,0
147,2025-06-14,18:45:24.50,3,4,"Leffew, Haiden",806140,Left,BRE_WHI,"Carreras, Yomar",827330.0,Right,YAR_RED,Undefined,6,Top,0,1,2,Fastball,Four-Seam,BallCalled,Undefined,Undefined,Undefined,0,0,,92.46863,-2.162794,1.716633,2370.446749,153.145584,11:00,7.65762,-1.36814,8.35824,-9.52473,20.65615,-9.89827,4.94711,-0.67257,83.17011,-4.151156,-0.145336,0.395401,,,,,,,,,,,,5.98174,12.50528,1.30179,50.0,7.5719,-3.70188,-134.50718,-5.07905,10.75375,34.26262,-9.69244,BRE_WHI,YAR_RED,CCBLBrewster,Cape Cod Baseball League,CCBL,20250614-CCBLBrewster-1,42df54f0-4971-11f0-9ca6-316a2cb06a4e,95.32716,,,9.29851,,,,,,,908373c5-44f8-4d85-b4f8-ea51cc7d743f,2025-06-14,22:45:24.50,2025-06-14T18:45:24.5060000-04:00,2025-06-14T22:45:24.5060000Z,,v3,6096,6104,,"Tinney, Carson",806245,Right,BRE_WHI,a8ae2eb0-2b82-4250-85d2-99826f3a1536,52.13428,-135.04975,17.13131,7.65112,-4.92556,-4.84622,1.36177,-3.87218,5.37687,,,,,,,,,,,,,,,,,,,,,,,,,,,,,,,,,,,,,,,,,,,,,,,,,,,High,High,High,,,,,,92.46863,20.65615,-9.89827,2370.446749,9.89827,0.7740796325518352,0.18374319194258007,0.39580054955247945,77.62750299576143,0
148,2025-06-14,18:45:59.67,3,5,"Leffew, Haiden",806140,Left,BRE_WHI,"Carreras, Yomar",827330.0,Right,YAR_RED,Undefined,6,Top,0,2,2,Fastball,Four-Seam,InPlay,Undefined,GroundBall,Out,2,1,,92.85127,-2.441311,2.151531,2315.442696,147.241108,11:00,7.61497,-1.20707,8.38508,-13.32544,16.61839,-9.9819,4.3412,-0.13397,83.55178,-5.139518,0.273072,0.393845,87.51121,3.215766,6.942722,1020.871919,,,,75.51003,72.68222,8.788894,0.657515,6.25063,10.44957,1.12602,50.0,7.52114,-4.75928,-135.04445,-5.89625,11.31,34.9439,-13.26646,BRE_WHI,YAR_RED,CCBLBrewster,Cape Cod Baseball League,CCBL,20250614-CCBLBrewster-1,57efa2a0-4971-11f0-9ca6-316a2cb06a4e,95.7038,4.618,,9.29949,,,,,,,908373c5-44f8-4d85-b4f8-ea51cc7d743f,2025-06-14,22:45:59.67,2025-06-14T18:45:59.6770000-04:00,2025-06-14T22:45:59.6770000Z,GroundBall,v3,6096,6104,,"Tinney, Carson",806245,Right,BRE_WHI,08f62eda-30eb-47fe-842b-d03b6d7fd5f3,52.10966,-135.58924,17.47195,7.61145,-5.68942,-6.63323,1.20159,-4.9356,5.655,310.269826,-2.3647,126.73814,-14.72363,,,,,,,4.04209,6.62767,-19.48992,,,,,,,0.06047,15.73345,2.64366,,,,,,,,,,,,,,,,,,,,,,,,,,,,,High,High,High,High,High,,,,92.85127,16.61839,-9.9819,2315.442696,9.9819,0.8572183850941962,0.18374319194258007,0.39580054955247945,74.4767208921351,0
149,2025-06-14,18:46:36.83,4,1,"Leffew, Haiden",806140,Left,BRE_WHI,"Hacopian, Chris",806680.0,Right,YAR_RED,Undefined,6,Top,2,0,0,Fastball,Four-Seam,BallCalled,Undefined,Undefined,Undefined,0,0,,92.35091,-1.825951,3.310697,2179.892947,156.480533,11:15,7.53271,-1.14504,8.39996,-10.2793,19.43725,-8.05784,5.05742,1.11574,84.52284,-3.922694,1.796989,0.392347,,,,,,,,,,,,5.36855,11.65422,1.02197,50.0,7.46159,-7.52732,-134.40356,-4.34089,9.82677,28.94508,-10.84174,BRE_WHI,YAR_RED,CCBLBrewster,Cape Cod Baseball League,CCBL,20250614-CCBLBrewster-1,6dfc51b0-4971-11f0-9ca6-316a2cb06a4e,96.06905,,,7.82807,,,,,,,908373c5-44f8-4d85-b4f8-ea51cc7d743f,2025-06-14,22:46:36.83,2025-06-14T18:46:36.8380000-04:00,2025-06-14T22:46:36.8380000Z,,v3,6096,6104,,"Tinney, Carson",806245,Right,BRE_WHI,aaf4ec6d-e938-4009-b383-624820de8dff,52.09654,-134.85431,14.47254,7.52788,-4.17206,-5.42087,1.14038,-7.68035,4.91338,,,,,,,,,,,,,,,,,,,,,,,,,,,,,,,,,,,,,,,,,,,,,,,,,,,High,High,High,,,,,,92.35091,19.43725,-8.05784,2179.892947,8.05784,0.4894384744115174,0.18374319194258007,0.39580054955247945,88.41479820526102,0
150,2025-06-14,18:46:52.46,4,2,"Leffew, Haiden",806140,Left,BRE_WHI,"Soldra, AJ",831004.0,Left,YAR_RED,Undefined,6,Top,2,1,0,Fastball,Four-Seam,InPlay,Undefined,LineDrive,Single,0,0,,91.71156,-2.345086,1.597219,2241.017811,144.150487,10:45,7.54123,-1.261,8.36285,-14.79765,15.40698,-10.43934,4.22989,-0.71647,83.89818,-5.288407,-0.367601,0.395556,77.82562,6.951222,16.42513,2147.512931,,,,104.2482,100.37869,21.587103,1.059219,6.29851,9.63363,1.20053,50.0,7.45047,-3.42454,-133.61247,-5.66957,11.3478,29.69032,-14.81745,BRE_WHI,YAR_RED,CCBLBrewster,Cape Cod Baseball League,CCBL,20250614-CCBLBrewster-1,7762a150-4971-11f0-9ca6-316a2cb06a4e,95.28976,6.71519,,7.81339,,,,-1.60839,3.97829,0.83027,908373c5-44f8-4d85-b4f8-ea51cc7d743f,2025-06-14,22:46:52.46,2025-06-14T18:46:52.4600000-04:00,2025-06-14T22:46:52.4600000Z,GroundBall,v3,6096,6104,,"Tinney, Carson",806245,Right,BRE_WHI,b15fb27e-06d0-45cc-8741-1b5fd5663c64,52.13569,-134.08621,14.84516,7.53904,-5.43315,-7.40873,1.25662,-3.6056,5.6739,268.124827,-1.60839,108.68106,-17.79815,3.50024,-0.7032,0.10819,-0.0247,0.01161,-0.00325,3.97829,13.8142,-18.01004,1.52447,-0.20014,0.0265,0.00213,-0.00205,0.00044,0.83027,32.03838,5.17309,-2.55686,0.83672,-0.21608,0.05,-0.00955,0.0011,,,,,,,,,,,,,,,,,,,,,,,High,High,High,High,High,,,,91.71156,15.40698,-10.43934,2241.017811,10.43934,0.2581333403336401,0.18374319194258007,0.39580054955247945,97.1807714084087,0
151,2025-06-14,18:47:42.50,5,1,"Leffew, Haiden",806140,Left,BRE_WHI,"Miller, Cody",811764.0,Right,YAR_RED,Undefined,6,Top,2,0,0,Fastball,Four-Seam,StrikeCalled,Undefined,Undefined,Undefined,0,0,,91.90902,-2.839125,1.17429,2193.669135,154.985204,11:15,7.55023,-1.1572,8.407,-10.82154,19.28044,-8.53792,4.1344,-0.82979,83.85011,-5.041915,-0.43387,0.394883,,,,,,,,,,,,5.06937,11.91938,1.11292,50.0,7.44235,-2.48239,-133.82076,-6.6994,9.14697,30.21828,-10.66718,BRE_WHI,YAR_RED,CCBLBrewster,Cape Cod Baseball League,CCBL,20250614-CCBLBrewster-1,951e2c00-4971-11f0-9ca6-316a2cb06a4e,95.45206,,,8.0589,,,,,,,908373c5-44f8-4d85-b4f8-ea51cc7d743f,2025-06-14,22:47:42.50,2025-06-14T18:47:42.5070000-04:00,2025-06-14T22:47:42.5070000Z,,v3,6096,6104,,"Tinney, Carson",806245,Right,BRE_WHI,42e730db-0010-49de-8d88-ce7ab3bac141,52.08911,-134.29167,15.10914,7.54546,-6.53316,-5.33359,1.15272,-2.62493,4.57349,,,,,,,,,,,,,,,,,,,,,,,,,,,,,,,,,,,,,,,,,,,,,,,,,,,High,High,High,,,,,,91.90902,19.28044,-8.53792,2193.669135,8.53792,0.1199841906091538,0.18374319194258007,0.39580054955247945,102.41633070262978,0
152,2025-06-14,18:48:00.28,5,2,"Leffew, Haiden",806140,Left,BRE_WHI,"Miller, Cody",811764.0,Right,YAR_RED,Undefined,6,Top,2,0,1,ChangeUp,Changeup,BallCalled,Undefined,Undefined,Undefined,0,0,,79.49541,0.674802,-0.229246,723.216608,90.13275,9:00,7.45893,-1.17071,8.10944,-39.59301,1.43492,-6.27477,4.75997,-1.89759,72.12487,-6.974104,-1.405623,0.461011,,,,,,,,,,,,3.34721,1.16165,1.17968,50.0,7.48408,0.64472,-115.77594,0.56062,4.47057,24.83705,-30.62253,BRE_WHI,YAR_RED,CCBLBrewster,Cape Cod Baseball League,CCBL,20250614-CCBLBrewster-1,9fc53900-4971-11f0-9ca6-316a2cb06a4e,81.7604,,,7.37054,,,,,,,908373c5-44f8-4d85-b4f8-ea51cc7d743f,2025-06-14,22:48:00.28,2025-06-14T18:48:00.2860000-04:00,2025-06-14T22:48:00.2860000Z,,v3,6096,6104,,"Tinney, Carson",806245,Right,BRE_WHI,4dc1c915-f322-4399-bb9f-f7f3e203f3e4,52.38567,-116.2866,12.41852,7.46608,1.19023,-15.31126,1.16737,0.5528,2.23528,,,,,,,,,,,,,,,,,,,,,,,,,,,,,,,,,,,,,,,,,,,,,,,,,,,High,High,High,,,,,,79.49541,1.43492,-6.27477,723.216608,6.27477,-0.1754097625444718,0.20520632251542162,0.40827392127189194,113.98385000470384,0
153,2025-06-14,18:48:18.53,5,3,"Leffew, Haiden",806140,Left,BRE_WHI,"Miller, Cody",811764.0,Right,YAR_RED,Undefined,6,Top,2,1,1,ChangeUp,Changeup,BallCalled,Undefined,Undefined,StolenBase,0,0,,80.32086,-0.622361,0.425589,756.363419,96.887233,9:15,7.42477,-1.24692,8.34194,-37.53026,2.13339,-6.66461,3.74598,-1.42535,73.30144,-7.884331,-0.830671,0.453281,,,,,,,,,,,,3.81587,1.92571,1.22997,50.0,7.39936,-0.68852,-117.06646,-1.977,5.23027,24.63673,-29.53456,BRE_WHI,YAR_RED,CCBLBrewster,Cape Cod Baseball League,CCBL,20250614-CCBLBrewster-1,aabd7340-4971-11f0-9ca6-316a2cb06a4e,83.15466,,,7.01942,,,,,,,908373c5-44f8-4d85-b4f8-ea51cc7d743f,2025-06-14,22:48:18.53,2025-06-14T18:48:18.5310000-04:00,2025-06-14T22:48:18.5310000Z,,v3,6096,6104,,"Tinney, Carson",806245,Right,BRE_WHI,831ec68f-f73c-4926-8219-9b7d89fc19a5,52.15431,-117.51896,12.31837,7.43069,-1.43454,-14.76728,1.2435,-0.78458,2.61513,,,,,,,,,,,,,,,,,,,,,,,,,,,,,,,,,,,,,,,,,,,,,,,,,,,High,High,High,,,,,,80.32086,2.13339,-6.66461,756.363419,6.66461,-0.229300602180742,0.20520632251542162,0.40827392127189194,115.96380158237446,0
154,2025-06-14,18:48:40.59,5,4,"Leffew, Haiden",806140,Left,BRE_WHI,"Miller, Cody",811764.0,Right,YAR_RED,Undefined,6,Top,2,2,1,ChangeUp,Splitter,StrikeCalled,Undefined,Undefined,Undefined,0,0,,77.80737,-0.015196,2.029724,794.610297,128.655662,10:15,7.46161,-1.2053,8.22428,-34.63935,7.72103,-7.91689,4.5615,-0.06235,71.05528,-6.740017,0.543459,0.468437,,,,,,,,,,,,4.97185,4.82158,1.12368,50.0,7.45755,-3.80514,-113.32773,-0.63895,6.41476,22.24056,-25.95316,BRE_WHI,YAR_RED,CCBLBrewster,Cape Cod Baseball League,CCBL,20250614-CCBLBrewster-1,b7c92430-4971-11f0-9ca6-316a2cb06a4e,80.46424,,,6.75209,,,,,,,908373c5-44f8-4d85-b4f8-ea51cc7d743f,2025-06-14,22:48:40.59,2025-06-14T18:48:40.5900000-04:00,2025-06-14T22:48:40.5900000Z,,v3,6096,6104,,"Tinney, Carson",806245,Right,BRE_WHI,58128339-d692-4e15-8442-0767cb742a9b,52.27174,-113.77269,11.12028,7.46513,-0.11972,-12.97658,1.20109,-3.93348,3.20738,,,,,,,,,,,,,,,,,,,,,,,,,,,,,,,,,,,,,,,,,,,,,,,,,,,High,High,High,,,,,,77.80737,7.72103,-7.91689,794.610297,7.91689,0.0182869584080966,0.20520632251542162,0.40827392127189194,106.8674248232051,0
155,2025-06-14,18:48:57.75,5,5,"Leffew, Haiden",806140,Left,BRE_WHI,"Miller, Cody",811764.0,Right,YAR_RED,Undefined,6,Top,2,2,2,Fastball,Four-Seam,StrikeSwinging,Strikeout,Undefined,Undefined,0,0,,91.92464,-2.979323,1.153857,2274.964088,169.6149,11:45,7.47803,-0.93926,8.53928,-10.44127,19.57029,-3.40292,3.97644,-0.20467,83.68245,-5.119002,0.511303,0.39429,,,,,,,,,,,,2.23799,12.19977,0.89903,50.0,7.37187,-2.59385,-133.82524,-7.00387,4.02791,30.91855,-10.21712,BRE_WHI,YAR_RED,CCBLBrewster,Cape Cod Baseball League,CCBL,20250614-CCBLBrewster-1,c1f6e280-4971-11f0-9ca6-316a2cb06a4e,95.59572,,,8.24219,,,,,,,908373c5-44f8-4d85-b4f8-ea51cc7d743f,2025-06-14,22:48:57.75,2025-06-14T18:48:57.7550000-04:00,2025-06-14T22:48:57.7550000Z,,v3,6096,6104,,"Tinney, Carson",806245,Right,BRE_WHI,aba2fef1-0b49-46ba-8735-687858986111,51.95614,-134.27642,15.45928,7.47299,-6.85478,-5.10856,0.93731,-2.65262,2.01396,,,,,,,,,,,,,,,,,,,,,,,,,,,,,57.72127,,,1.234863,,,,0.40741,6.7725,-1.37095,80.30585,1.65932,44.47374,0.45623,73.57409,-7.43362,6.79605,12.95616,-13.98273,-1.37044,38.38067,-1.02003,High,High,High,,,High,High,High,91.92464,19.57029,-3.40292,2274.964088,3.40292,0.2862639633624244,0.18374319194258007,0.39580054955247945,96.11468055555652,1
198,2025-06-14,19:13:39.61,1,1,"Leffew, Haiden",806140,Left,BRE_WHI,"Wright, Garrett",1000267043.0,Right,YAR_RED,Undefined,7,Top,0,0,0,Fastball,Four-Seam,BallCalled,Undefined,Undefined,Undefined,0,0,,91.40213,-2.893098,2.781335,2237.20241,173.792746,11:45,7.55738,-1.06323,8.09199,-8.99851,21.78245,-2.26276,4.22718,1.22577,83.6043,-4.740117,2.358669,0.399312,,,,,,,,,,,,2.02008,13.15201,0.94578,50.0,7.43116,-6.38436,-132.9059,-6.75242,3.61011,28.71354,-8.66982,BRE_WHI,YAR_RED,CCBLBrewster,Cape Cod Baseball League,CCBL,20250614-CCBLBrewster-1,353d3390-4975-11f0-9ca6-316a2cb06a4e,94.39346,,,7.79783,,,,,,,908373c5-44f8-4d85-b4f8-ea51cc7d743f,2025-06-14,23:13:39.61,2025-06-14T19:13:39.6150000-04:00,2025-06-14T23:13:39.6150000Z,,v3,6096,6104,,"Tinney, Carson",806245,Right,BRE_WHI,e6168d52-a367-433a-8897-3945d7fc7300,52.40438,-133.42433,14.35677,7.55166,-6.59589,-4.33491,1.06164,-6.44954,1.80506,,,,,,,,,,,,,,,,,,,,,,,,,,,,,,,,,,,,,,,,,,,,,,,,,,,High,High,High,,,,,,91.40213,21.78245,-2.26276,2237.20241,2.26276,0.0679965033139623,0.18374319194258007,0.39580054955247945,104.3865536098733,0
199,2025-06-14,19:13:50.81,1,2,"Leffew, Haiden",806140,Left,BRE_WHI,"Wright, Garrett",1000267043.0,Right,YAR_RED,Undefined,7,Top,0,1,0,ChangeUp,Changeup,StrikeCalled,Undefined,Undefined,Undefined,0,0,,77.83503,-0.511838,1.526977,638.285608,132.760882,10:30,7.42534,-1.36843,8.32634,-37.03923,5.17902,-4.08516,3.88508,-0.35565,71.11396,-7.691185,0.757803,0.467651,,,,,,,,,,,,2.73166,3.58799,1.30986,50.0,7.40321,-2.91683,-113.4074,-1.66486,3.52101,22.72669,-27.54924,BRE_WHI,YAR_RED,CCBLBrewster,Cape Cod Baseball League,CCBL,20250614-CCBLBrewster-1,3c18b9a0-4975-11f0-9ca6-316a2cb06a4e,80.59958,,,6.72107,,,,,,,908373c5-44f8-4d85-b4f8-ea51cc7d743f,2025-06-14,23:13:50.81,2025-06-14T19:13:50.8120000-04:00,2025-06-14T23:13:50.8120000Z,,v3,6096,6104,,"Tinney, Carson",806245,Right,BRE_WHI,f624b87d-6abc-4822-be35-9a4aa37ed377,52.16984,-113.8414,11.36334,7.42997,-1.13876,-13.77462,1.3662,-2.98407,1.7605,,,,,,,,,,,,,,,,,,,,,,,,,,,,,,,,,,,,,,,,,,,,,,,,,,,High,High,High,,,,,,77.83503,5.17902,-4.08516,638.285608,4.08516,0.0456639332751814,0.20520632251542162,0.40827392127189194,105.86159368481898,0
200,2025-06-14,19:14:01.20,1,3,"Leffew, Haiden",806140,Left,BRE_WHI,"Wright, Garrett",1000267043.0,Right,YAR_RED,Undefined,7,Top,0,1,1,ChangeUp,Splitter,BallCalled,Undefined,Undefined,Undefined,0,0,,78.53037,0.231072,0.653222,838.318804,120.828426,10:00,7.39641,-1.40941,8.21561,-33.39364,8.21689,-11.46969,4.8188,-1.78518,71.60212,-6.263738,-1.500893,0.464273,,,,,,,,,,,,6.48567,5.02414,1.38193,50.0,7.40233,-0.98757,-114.42554,-0.12992,8.51948,22.93377,-25.57445,BRE_WHI,YAR_RED,CCBLBrewster,Cape Cod Baseball League,CCBL,20250614-CCBLBrewster-1,42246c90-4975-11f0-9ca6-316a2cb06a4e,81.18602,,,6.92825,,,,,,,908373c5-44f8-4d85-b4f8-ea51cc7d743f,2025-06-14,23:14:01.20,2025-06-14T19:14:01.2000000-04:00,2025-06-14T23:14:01.2000000Z,,v3,6096,6104,,"Tinney, Carson",806245,Right,BRE_WHI,7c72d31d-7483-43d7-b405-e2d5e9a67350,52.27965,-114.88153,11.46689,7.39986,0.37858,-12.78722,1.40324,-1.15696,4.25974,,,,,,,,,,,,,,,,,,,,,,,,,,,,,,,,,,,,,,,,,,,,,,,,,,,High,High,High,,,,,,78.53037,8.21689,-11.46969,838.318804,11.46969,-0.1267677216136895,0.20520632251542162,0.40827392127189194,112.19673949887304,0
201,2025-06-14,19:14:11.81,1,4,"Leffew, Haiden",806140,Left,BRE_WHI,"Wright, Garrett",1000267043.0,Right,YAR_RED,Undefined,7,Top,0,2,1,ChangeUp,Splitter,StrikeSwinging,Undefined,Undefined,Undefined,0,0,,77.88773,-0.454559,1.460365,761.669274,107.296613,9:30,7.46702,-0.9966,8.01857,-38.65077,4.30969,-8.96886,3.84081,-0.44201,70.71105,-7.912046,-0.21877,0.471743,,,,,,,,,,,,5.36398,3.1141,0.93259,50.0,7.44312,-2.63461,-113.37416,-1.66381,6.86355,23.99774,-28.18937,BRE_WHI,YAR_RED,CCBLBrewster,Cape Cod Baseball League,CCBL,20250614-CCBLBrewster-1,487a47e0-4975-11f0-9ca6-316a2cb06a4e,79.90031,,,7.17668,,,,,,,908373c5-44f8-4d85-b4f8-ea51cc7d743f,2025-06-14,23:14:11.81,2025-06-14T19:14:11.8160000-04:00,2025-06-14T23:14:11.8160000Z,,v3,6096,6104,,"Tinney, Carson",806245,Right,BRE_WHI,04af33f6-0580-42a1-a54f-2c1f707d88fe,52.47643,-113.89714,11.99887,7.47268,-1.04949,-14.09469,0.99163,-2.78418,3.43177,,,,,,,,,,,,,,,,,,,,,,,,,,,,,,,,,,,,,,,,,,,,,,,,,,,High,High,High,,,,,,77.88773,4.30969,-8.96886,761.669274,8.96886,-0.0323420954416331,0.20520632251542162,0.40827392127189194,108.72753826219254,1
202,2025-06-14,19:14:26.25,1,5,"Leffew, Haiden",806140,Left,BRE_WHI,"Wright, Garrett",1000267043.0,Right,YAR_RED,Undefined,7,Top,0,2,2,Curveball,Slider,InPlay,Undefined,GroundBall,Out,1,0,,82.79583,-1.430249,0.393363,1953.576229,95.251698,9:15,7.37909,-1.18885,8.47285,-35.31368,1.11295,-1.29976,3.17246,-0.94965,77.08717,-8.222217,0.147623,0.434391,,,,,,,,,,,,0.83693,1.32642,1.17484,50.0,7.32591,-0.7992,-120.87006,-3.64496,1.24815,21.7779,-30.19595,BRE_WHI,YAR_RED,CCBLBrewster,Cape Cod Baseball League,CCBL,20250614-CCBLBrewster-1,5131b9e0-4975-11f0-9ca6-316a2cb06a4e,86.77075,,,5.70866,,,,,,,908373c5-44f8-4d85-b4f8-ea51cc7d743f,2025-06-14,23:14:26.25,2025-06-14T19:14:26.2520000-04:00,2025-06-14T23:14:26.2520000Z,,v3,6096,6104,,"Tinney, Carson",806245,Right,BRE_WHI,86e13438-5924-4c8f-80d3-85a1a1855785,52.02849,-121.23499,10.88895,7.38274,-3.13896,-15.09798,1.18841,-0.82012,0.62407,,,,,,,,,,,,,,,,,,,,,,,,,,,,,,,,,,,,,,,,,,,,,,,,,,,High,High,High,,,,,,82.79583,1.11295,-1.29976,1953.576229,1.29976,-0.1460921684283206,0.2270833393334722,0.4868695613574899,111.49719156979042,0
203,2025-06-14,19:15:07.16,2,1,"Leffew, Haiden",806140,Left,BRE_WHI,"Baker, Will",815345.0,Left,YAR_RED,Undefined,7,Top,1,0,0,Fastball,Four-Seam,StrikeCalled,Undefined,Undefined,Undefined,0,0,,91.75106,-3.645972,2.922605,2171.696781,158.684657,11:15,7.58218,-0.98554,8.38242,-8.67394,21.53182,-8.02796,3.62404,0.93426,84.01576,-5.437264,1.413976,0.395563,,,,,,,,,,,,5.25607,13.34182,0.87604,50.0,7.44268,-6.56674,-133.38058,-8.51322,9.47027,28.64029,-8.13507,BRE_WHI,YAR_RED,CCBLBrewster,Cape Cod Baseball League,CCBL,20250614-CCBLBrewster-1,69698650-4975-11f0-9ca6-316a2cb06a4e,95.28798,,,7.7353,,,,,,,908373c5-44f8-4d85-b4f8-ea51cc7d743f,2025-06-14,23:15:07.16,2025-06-14T19:15:07.1650000-04:00,2025-06-14T23:15:07.1650000Z,,v3,6096,6104,,"Tinney, Carson",806245,Right,BRE_WHI,e806aecf-1de7-4243-b134-5f77f4934d2e,52.11454,-133.83385,14.32014,7.57639,-8.38447,-4.06753,0.98115,-6.71662,4.73514,,,,,,,,,,,,,,,,,,,,,,,,,,,,,,,,,,,,,,,,,,,,,,,,,,,Medium,High,Medium,,,,,,91.75106,21.53182,-8.02796,2171.696781,8.02796,0.0317233904723086,0.18374319194258007,0.39580054955247945,105.76122752894695,0
204,2025-06-14,19:15:20.51,2,2,"Leffew, Haiden",806140,Left,BRE_WHI,"Baker, Will",815345.0,Left,YAR_RED,Undefined,7,Top,1,0,1,Curveball,Curveball,BallCalled,Undefined,Undefined,Undefined,0,0,,79.57709,-3.047782,1.065449,1995.675129,53.443144,7:45,7.26673,-1.45987,8.43643,-42.65424,-2.69614,-5.24681,1.01474,-0.95506,73.93834,-11.183302,0.07187,0.454961,,,,,,,,,,,,3.29591,-0.32665,1.42133,50.0,7.15342,-2.04019,-115.99209,-6.9263,4.4765,22.31599,-32.61769,BRE_WHI,YAR_RED,CCBLBrewster,Cape Cod Baseball League,CCBL,20250614-CCBLBrewster-1,71804b80-4975-11f0-9ca6-316a2cb06a4e,82.8477,,,5.63875,,,,,,,908373c5-44f8-4d85-b4f8-ea51cc7d743f,2025-06-14,23:15:20.51,2025-06-14T19:15:20.5150000-04:00,2025-06-14T23:15:20.5150000Z,,v3,6096,6104,,"Tinney, Carson",806245,Right,BRE_WHI,d47c717d-4b07-4644-be03-e4ef1c7d83aa,52.06564,-116.38883,11.158,7.2714,-6.34642,-16.30884,1.4583,-2.11977,2.23825,,,,,,,,,,,,,,,,,,,,,,,,,,,,,,,,,,,,,,,,,,,,,,,,,,,High,High,High,,,,,,79.57709,-2.69614,-5.24681,1995.675129,5.24681,-0.1289217574121522,0.2270833393334722,0.4868695613574899,110.96818711832213,0
205,2025-06-14,19:15:41.38,2,3,"Leffew, Haiden",806140,Left,BRE_WHI,"Baker, Will",815345.0,Left,YAR_RED,Undefined,7,Top,1,1,1,Curveball,Curveball,StrikeCalled,Undefined,Undefined,Undefined,0,0,,80.64112,-0.640029,2.029331,1954.024873,66.616644,8:15,7.28566,-1.46192,8.13491,-39.5151,-0.30913,-3.38299,3.42315,0.06168,74.56293,-8.203969,1.394657,0.450658,,,,,,,,,,,,2.42835,0.44701,1.37778,50.0,7.25541,-4.07541,-117.55952,-2.10968,3.40351,21.96664,-31.54751,BRE_WHI,YAR_RED,CCBLBrewster,Cape Cod Baseball League,CCBL,20250614-CCBLBrewster-1,7e05dc80-4975-11f0-9ca6-316a2cb06a4e,83.6386,,,6.07819,,,,,,,908373c5-44f8-4d85-b4f8-ea51cc7d743f,2025-06-14,23:15:41.38,2025-06-14T19:15:41.3800000-04:00,2025-06-14T23:15:41.3800000Z,,v3,6096,6104,,"Tinney, Carson",806245,Right,BRE_WHI,ba092876-43eb-40ee-9a66-5dc823e3af10,52.3647,-118.00055,10.98332,7.29141,-1.47629,-15.77376,1.46029,-4.14374,1.70176,,,,,,,,,,,,,,,,,,,,,,,,,,,,,,,,,,,,,,,,,,,,,,,,,,,High,High,High,,,,,,80.64112,-0.30913,-3.38299,1954.024873,3.38299,-0.2216534517093458,0.2270833393334722,0.4868695613574899,113.82516468450964,0
206,2025-06-14,19:15:54.45,2,4,"Leffew, Haiden",806140,Left,BRE_WHI,"Baker, Will",815345.0,Left,YAR_RED,Undefined,7,Top,1,1,2,Fastball,Four-Seam,BallCalled,Undefined,Undefined,Undefined,0,0,,92.45185,-0.979832,1.665006,2241.122417,170.438584,11:45,7.5499,-1.02027,8.33585,-10.58638,19.18989,-3.07217,5.79928,0.19904,84.25578,-3.14186,1.087507,0.392741,,,,,,,,,,,,2.17736,11.27308,0.95675,50.0,7.50888,-3.81887,-134.69828,-2.36344,3.98287,30.44918,-11.55306,BRE_WHI,YAR_RED,CCBLBrewster,Cape Cod Baseball League,CCBL,20250614-CCBLBrewster-1,859d5f90-4975-11f0-9ca6-316a2cb06a4e,95.97268,,,8.19607,,,,,,,908373c5-44f8-4d85-b4f8-ea51cc7d743f,2025-06-14,23:15:54.45,2025-06-14T19:15:54.4500000-04:00,2025-06-14T23:15:54.4500000Z,,v3,6096,6104,,"Tinney, Carson",806245,Right,BRE_WHI,cf2ed3e3-8e64-45c7-b84c-fc513ef4347b,52.15959,-135.18558,15.22459,7.54523,-2.17855,-5.77653,1.01837,-3.88261,1.99144,,,,,,,,,,,,,,,,,,,,,,,,,,,,,,,,,,,,,,,,,,,,,,,,,,,High,High,High,,,,,,92.45185,19.18989,-3.07217,2241.122417,3.07217,0.5255930327317625,0.18374319194258007,0.39580054955247945,87.04461725069473,0
207,2025-06-14,19:16:06.17,2,5,"Leffew, Haiden",806140,Left,BRE_WHI,"Baker, Will",815345.0,Left,YAR_RED,Undefined,7,Top,1,2,2,Fastball,Four-Seam,FoulBallNotFieldable,Undefined,Undefined,Undefined,0,0,,91.78271,-2.731105,1.470853,2280.515229,150.63862,11:00,7.53494,-1.00362,8.47624,-9.3276,20.73855,-11.12005,4.34242,-0.63069,83.78287,-4.65625,-0.626056,0.394648,,,,,,,,,,,,6.65973,12.77453,0.95035,50.0,7.43468,-3.11563,-133.69922,-6.40586,11.99967,30.05361,-9.1566,BRE_WHI,YAR_RED,CCBLBrewster,Cape Cod Baseball League,CCBL,20250614-CCBLBrewster-1,8cb8fbe0-4975-11f0-9ca6-316a2cb06a4e,95.50891,,,7.99984,,,,,,,908373c5-44f8-4d85-b4f8-ea51cc7d743f,2025-06-14,23:16:06.17,2025-06-14T19:16:06.1710000-04:00,2025-06-14T23:16:06.1710000Z,,v3,6096,6104,,"Tinney, Carson",806245,Right,BRE_WHI,1b8d8765-8f8e-438e-8479-03722b7ad1ed,52.02205,-134.15298,15.0268,7.53035,-6.26761,-4.5783,0.99876,-3.2968,5.99983,,,,,,,,,,,,,,,,,,,,,,,,,,,,,,,,,,,,,,,,,,,,,,,,,,,High,High,High,,,,,,91.78271,20.73855,-11.12005,2280.515229,11.12005,0.233481368555799,0.18374319194258007,0.39580054955247945,98.11502876880326,0
208,2025-06-14,19:16:24.62,2,6,"Leffew, Haiden",806140,Left,BRE_WHI,"Baker, Will",815345.0,Left,YAR_RED,Undefined,7,Top,1,2,2,Fastball,Four-Seam,StrikeCalled,Strikeout,Undefined,Undefined,1,0,,91.70064,-3.613195,2.849097,2166.137081,153.188828,11:00,7.58279,-0.96389,8.07727,-10.57461,20.22765,-9.6956,3.47635,0.7669,83.46207,-5.762237,1.037587,0.39945,,,,,,,,,,,,6.14185,12.55516,0.84228,50.0,7.42517,-6.31095,-133.1919,-8.49428,10.96156,30.33819,-9.76649,BRE_WHI,YAR_RED,CCBLBrewster,Cape Cod Baseball League,CCBL,20250614-CCBLBrewster-1,979a52c0-4975-11f0-9ca6-316a2cb06a4e,94.36077,,,8.23857,,,,,,,908373c5-44f8-4d85-b4f8-ea51cc7d743f,2025-06-14,23:16:24.62,2025-06-14T19:16:24.6250000-04:00,2025-06-14T23:16:24.6250000Z,,v3,6096,6104,,"Tinney, Carson",806245,Right,BRE_WHI,0303a165-d8a7-4751-895b-9a3a7a7a71fe,52.41862,-133.74168,15.16909,7.5775,-8.31729,-4.88324,0.95845,-6.50959,5.48078,,,,,,,,,,,,,,,,,,,,,,,,,,,,,73.56827,2.648787,1.668147,0.98064,-4.74031,2.83702,-0.86667,-4.82938,7.72958,-1.57299,76.14516,8.42604,-48.61946,-4.72938,90.54352,-8.21323,7.74244,12.07611,-11.60005,-1.66134,-54.36209,6.58869,High,High,High,,,High,High,High,91.70064,20.22765,-9.6956,2166.137081,9.6956,0.0049404602250197,0.18374319194258007,0.39580054955247945,106.77624368838273,0
209,2025-06-14,19:16:53.95,3,1,"Leffew, Haiden",806140,Left,BRE_WHI,"Hernandez, Alex",815415.0,Right,YAR_RED,Undefined,7,Top,2,0,0,ChangeUp,Splitter,StrikeCalled,Undefined,Undefined,Undefined,0,0,,79.02453,-0.140558,1.815149,756.159985,127.290215,10:15,7.38376,-1.19104,8.46518,-31.16332,9.61827,-10.82434,4.66256,-0.48872,71.90288,-6.246119,-0.226701,0.459625,,,,,,,,,,,,6.56055,5.9517,1.12455,50.0,7.37635,-3.36376,-115.13166,-0.77389,8.70704,23.61341,-24.27507,BRE_WHI,YAR_RED,CCBLBrewster,Cape Cod Baseball League,CCBL,20250614-CCBLBrewster-1,a923eab0-4975-11f0-9ca6-316a2cb06a4e,82.00695,,,7.12165,,,,,,,908373c5-44f8-4d85-b4f8-ea51cc7d743f,2025-06-14,23:16:53.95,2025-06-14T19:16:53.9560000-04:00,2025-06-14T23:16:53.9560000Z,,v3,6096,6104,,"Tinney, Carson",806245,Right,BRE_WHI,0c24c86d-e09d-461d-a0a7-965deb9d2373,52.03,-115.54726,11.80671,7.38621,-0.34664,-12.13754,1.1851,-3.51701,4.35352,,,,,,,,,,,,,,,,,,,,,,,,,,,,,,,,,,,,,,,,,,,,,,,,,,,High,High,High,,,,,,79.02453,9.61827,-10.82434,756.159985,10.82434,-0.2225426802466513,0.20520632251542162,0.40827392127189194,115.71551526348452,0
210,2025-06-14,19:17:06.90,3,2,"Leffew, Haiden",806140,Left,BRE_WHI,"Hernandez, Alex",815415.0,Right,YAR_RED,Undefined,7,Top,2,0,1,Curveball,Curveball,FoulBallNotFieldable,Undefined,Undefined,Undefined,0,0,,82.18475,-0.49106,2.386565,2110.388962,36.292823,7:15,7.39868,-1.19399,7.56452,-43.75483,-5.02599,-4.5489,3.31045,0.57439,75.83291,-8.753749,1.542461,0.447908,,,,,,,,,,,,3.15213,-2.20555,1.07194,50.0,7.3649,-4.85256,-119.69253,-2.09466,4.56562,23.43703,-35.36867,BRE_WHI,YAR_RED,CCBLBrewster,Cape Cod Baseball League,CCBL,20250614-CCBLBrewster-1,b0ecde00-4975-11f0-9ca6-316a2cb06a4e,84.15226,,,6.35184,,,,,,,908373c5-44f8-4d85-b4f8-ea51cc7d743f,2025-06-14,23:17:06.90,2025-06-14T19:17:06.9050000-04:00,2025-06-14T23:17:06.9050000Z,,v3,6096,6104,,"Tinney, Carson",806245,Right,BRE_WHI,e8d9a994-a037-44bc-b6bc-983d59f54589,52.93645,-120.26614,11.71852,7.40557,-1.22902,-17.68434,1.19207,-4.9643,2.28281,,,,,,,,,,,,,,,,,,,,,,,,,,,,,,,,,,,,,,,,,,,,,,,,,,,High,High,High,,,,,,82.18475,-5.02599,-4.5489,2110.388962,4.5489,-0.232202344599138,0.2270833393334722,0.4868695613574899,114.1501662987114,0
211,2025-06-14,19:17:26.42,3,3,"Leffew, Haiden",806140,Left,BRE_WHI,"Hernandez, Alex",815415.0,Right,YAR_RED,Undefined,7,Top,2,0,2,ChangeUp,Changeup,StrikeCalled,Strikeout,Undefined,Undefined,0,0,,80.35513,-0.891663,1.109784,705.208263,132.819139,10:30,7.42847,-1.23083,8.12616,-35.3573,4.57095,-3.5011,3.6887,-0.53533,73.4007,-7.714648,0.452889,0.454791,,,,,,,,,,,,2.2591,3.33012,1.18443,50.0,7.38803,-2.16806,-117.0422,-2.51389,3.10238,24.15424,-27.60091,BRE_WHI,YAR_RED,CCBLBrewster,Cape Cod Baseball League,CCBL,20250614-CCBLBrewster-1,bc7c9d50-4975-11f0-9ca6-316a2cb06a4e,82.87865,,,6.95443,,,,,,,908373c5-44f8-4d85-b4f8-ea51cc7d743f,2025-06-14,23:17:26.42,2025-06-14T19:17:26.4260000-04:00,2025-06-14T23:17:26.4260000Z,,v3,6096,6104,,"Tinney, Carson",806245,Right,BRE_WHI,bc1e069e-d8d6-4836-8cd3-90b35fe511da,52.3695,-117.53018,12.07712,7.43319,-1.95627,-13.80046,1.22886,-2.23074,1.55119,,,,,,,,,,,,,,,,,,,,,,,,,,,,,,,,,,,,,,,,,,,,,,,,,,,High,High,High,,,,,,80.35513,4.57095,-3.5011,705.208263,3.5011,-0.1495667568904737,0.20520632251542162,0.40827392127189194,113.03437695581954,0
223,2025-06-14,19:25:11.44,1,2,"Leffew, Haiden",806140,Left,BRE_WHI,"Canon, Cider",835222.0,Right,YAR_RED,Undefined,8,Top,0,0,1,ChangeUp,Splitter,InPlay,Undefined,GroundBall,Out,1,0,,77.46209,-1.052949,1.658977,826.111902,104.213388,9:30,7.53426,-1.0104,8.04507,-39.62762,3.39043,-7.86453,3.29338,-0.18739,71.0686,-8.65838,0.185266,0.47206,81.66448,1.065401,-29.537907,2795.687117,,,,54.53772,44.59911,-31.864206,0.490332,4.85697,2.67095,0.93918,50.0,7.48406,-3.06423,-112.84905,-2.83461,6.21136,22.12465,-28.7583,BRE_WHI,YAR_RED,CCBLBrewster,Cape Cod Baseball League,CCBL,20250614-CCBLBrewster-1,d1bb7fa0-4976-11f0-9ca6-316a2cb06a4e,79.84679,3.05703,,6.39349,,,,-0.84935,2.98702,0.21924,908373c5-44f8-4d85-b4f8-ea51cc7d743f,2025-06-14,23:25:11.44,2025-06-14T19:25:11.4410000-04:00,2025-06-14T23:25:11.4410000Z,GroundBall,v3,6096,6104,,"Tinney, Carson",806245,Right,BRE_WHI,822dab9c-153f-48b1-8f11-741186e9aca6,52.45371,-113.32908,11.06232,7.5388,-2.21063,-14.37915,1.00713,-3.19899,3.10568,83.112705,-0.83696,103.85034,-15.70963,,,,,,,2.99482,2.01439,-16.59558,,,,,,,0.22381,-59.16435,-0.03655,,,,,,,,,,,,,,,,,,,,,,,,,,,,,High,High,High,High,High,,,,77.46209,3.39043,-7.86453,826.111902,7.86453,-0.0643181753746104,0.20520632251542162,0.40827392127189194,109.90234070242785,0
224,2025-06-14,19:25:44.94,2,1,"Leffew, Haiden",806140,Left,BRE_WHI,"Ortiz, Avery",806499.0,Right,YAR_RED,Undefined,8,Top,1,0,0,Curveball,Slider,StrikeCalled,Undefined,Undefined,Undefined,0,0,,80.65996,0.846158,2.556744,2057.627177,86.375133,9:00,7.47426,-1.19773,7.92766,-38.75435,0.72665,-6.69548,5.00112,0.52888,74.38639,-6.568214,1.307961,0.452236,,,,,,,,,,,,4.32902,0.6615,1.0824,50.0,7.50775,-5.0526,-117.49398,0.9027,6.0757,21.42609,-31.24563,BRE_WHI,YAR_RED,CCBLBrewster,Cape Cod Baseball League,CCBL,20250614-CCBLBrewster-1,e5979310-4976-11f0-9ca6-316a2cb06a4e,83.34677,,,6.27357,,,,,,,908373c5-44f8-4d85-b4f8-ea51cc7d743f,2025-06-14,23:25:44.94,2025-06-14T19:25:44.9470000-04:00,2025-06-14T23:25:44.9470000Z,,v3,6096,6104,,"Tinney, Carson",806245,Right,BRE_WHI,418b1855-cc69-4c59-871e-820b6f1344ed,52.57091,-117.96188,10.71304,7.48058,1.58504,-15.62282,1.19418,-5.18528,3.03785,,,,,,,,,,,,,,,,,,,,,,,,,,,,,,,,,,,,,,,,,,,,,,,,,,,High,High,High,,,,,,80.65996,0.72665,-6.69548,2057.627177,6.69548,-0.057669501410961,0.2270833393334722,0.4868695613574899,108.7729711408889,0
225,2025-06-14,19:25:56.12,2,2,"Leffew, Haiden",806140,Left,BRE_WHI,"Ortiz, Avery",806499.0,Right,YAR_RED,Undefined,8,Top,1,0,1,Fastball,Four-Seam,BallCalled,Undefined,Undefined,Undefined,0,0,,90.71574,-0.075416,1.087945,2334.767191,157.365904,11:15,7.56651,-0.93727,8.30907,-8.54886,22.62989,-8.9926,6.78725,-0.72229,81.97143,-1.880718,-0.602385,0.401884,,,,,,,,,,,,5.25642,12.8715,0.89393,50.0,7.55867,-2.21693,-132.12931,-0.13599,9.17643,31.43145,-9.70349,BRE_WHI,YAR_RED,CCBLBrewster,Cape Cod Baseball League,CCBL,20250614-CCBLBrewster-1,ec383300-4976-11f0-9ca6-316a2cb06a4e,93.78933,,,8.74431,,,,,,,908373c5-44f8-4d85-b4f8-ea51cc7d743f,2025-06-14,23:25:56.12,2025-06-14T19:25:56.1240000-04:00,2025-06-14T23:25:56.1240000Z,,v3,6096,6104,,"Tinney, Carson",806245,Right,BRE_WHI,00e20fbc-ac26-460c-9ba1-21dba11c3da3,52.18433,-132.64791,15.71573,7.55959,0.02411,-4.85175,0.93176,-2.36833,4.58822,,,,,,,,,,,,,,,,,,,,,,,,,,,,,,,,,,,,,,,,,,,,,,,,,,,High,High,High,,,,,,90.71574,22.62989,-8.9926,2334.767191,8.9926,-0.0846853843435506,0.18374319194258007,0.39580054955247945,110.17287279879861,0
226,2025-06-14,19:26:11.25,2,3,"Leffew, Haiden",806140,Left,BRE_WHI,"Ortiz, Avery",806499.0,Right,YAR_RED,Undefined,8,Top,1,1,1,ChangeUp,Changeup,StrikeSwinging,Undefined,Undefined,Undefined,0,0,,78.45664,-1.030932,1.26578,677.580201,6.109325,6:15,7.42159,-1.04895,8.36899,-41.65435,-0.2602,-0.17039,3.03744,0.05757,72.06494,-9.050079,1.233632,0.463064,,,,,,,,,,,,0.47906,0.68394,1.0017,50.0,7.38104,-2.52285,-114.37363,-2.82327,0.62898,22.82594,-31.27606,BRE_WHI,YAR_RED,CCBLBrewster,Cape Cod Baseball League,CCBL,20250614-CCBLBrewster-1,f562d930-4976-11f0-9ca6-316a2cb06a4e,81.39792,,,6.39171,,,,,,,908373c5-44f8-4d85-b4f8-ea51cc7d743f,2025-06-14,23:26:11.25,2025-06-14T19:26:11.2540000-04:00,2025-06-14T23:26:11.2540000Z,,v3,6096,6104,,"Tinney, Carson",806245,Right,BRE_WHI,10789520-0888-4d42-8b48-27c95005a306,52.12919,-114.79777,11.41297,7.4281,-2.24212,-15.63803,1.04869,-2.53454,0.31449,,,,,,,,,,,,,,,,,,,,,,,,,,,,,,,,,,,,,,,,,,,,,,,,,,,High,High,High,,,,,,78.45664,-0.2602,-0.17039,677.580201,0.17039,-0.3122175783229429,0.20520632251542162,0.40827392127189194,119.01017456220711,1
227,2025-06-14,19:26:26.72,2,4,"Leffew, Haiden",806140,Left,BRE_WHI,"Ortiz, Avery",806499.0,Right,YAR_RED,Undefined,8,Top,1,1,2,Fastball,Four-Seam,BallCalled,Undefined,Undefined,Undefined,0,0,,89.92568,-4.289076,1.26449,2189.161593,160.13396,11:15,7.54895,-0.8054,8.34314,-9.66682,22.10903,-7.58859,2.93651,-0.31764,81.70299,-6.283185,-0.162742,0.405714,,,,,,,,,,,,4.57906,13.98166,0.75667,50.0,7.38254,-2.65333,-130.66611,-9.81697,7.83728,30.10902,-8.24371,BRE_WHI,YAR_RED,CCBLBrewster,Cape Cod Baseball League,CCBL,20250614-CCBLBrewster-1,fe8f2d10-4976-11f0-9ca6-316a2cb06a4e,92.90399,,,8.2227,,,,,,,908373c5-44f8-4d85-b4f8-ea51cc7d743f,2025-06-14,23:26:26.72,2025-06-14T19:26:26.7260000-04:00,2025-06-14T23:26:26.7260000Z,,v3,6096,6104,,"Tinney, Carson",806245,Right,BRE_WHI,3613f79b-3a41-493b-9472-ebfcf5a9a94f,52.15239,-131.16115,15.05451,7.54283,-9.68143,-4.12186,0.80135,-2.78219,3.91864,,,,,,,,,,,,,,,,,,,,,,,,,,,,,,,,,,,,,,,,,,,,,,,,,,,High,High,High,,,,,,89.92568,22.10903,-7.58859,2189.161593,7.58859,-0.0509922396055182,0.18374319194258007,0.39580054955247945,108.89597419003739,0
228,2025-06-14,19:26:46.02,2,5,"Leffew, Haiden",806140,Left,BRE_WHI,"Ortiz, Avery",806499.0,Right,YAR_RED,Undefined,8,Top,1,2,2,Fastball,Four-Seam,InPlay,Undefined,FlyBall,Out,1,0,,91.48095,-4.295715,1.966133,2233.412632,162.930399,11:30,7.57892,-0.88111,8.23162,-7.06221,23.91064,-6.99843,3.16791,0.2816,82.72184,-5.806583,0.653875,0.400555,80.37363,39.848163,27.571516,,88.36952,76.1663,65.50419,242.60181,136.62525,43.741898,4.734127,4.48721,14.98599,0.80241,50.0,7.40387,-4.34037,-132.83623,-9.93354,7.90501,32.18613,-5.77353,BRE_WHI,YAR_RED,CCBLBrewster,Cape Cod Baseball League,CCBL,20250614-CCBLBrewster-1,0a10e2a0-4977-11f0-9ca6-316a2cb06a4e,94.10055,80.51432,,8.75911,,,,,,,908373c5-44f8-4d85-b4f8-ea51cc7d743f,2025-06-14,23:26:46.02,2025-06-14T19:26:46.0260000-04:00,2025-06-14T23:26:46.0260000Z,FlyBall,v3,6096,6104,,"Tinney, Carson",806245,Right,BRE_WHI,580851a8-0d61-40c7-a5f1-ada8f8df5b94,52.26424,-133.38373,16.09306,7.57201,-9.83533,-2.88677,0.87739,-4.47484,3.9525,215.252318,-2.3219,80.01006,-21.71119,4.67222,-0.04964,-0.36851,0.11463,-0.01433,0.00065,3.18967,75.51938,-20.85937,0.96889,0.45362,-0.34446,0.11235,-0.01742,0.00103,-0.09616,41.87855,-0.14673,-1.31595,0.6739,-0.23762,0.05709,-0.00776,0.00043,,,,,,,,,,,,,,,,,,,,,,,High,High,High,High,Medium,,,,91.48095,23.91064,-6.99843,2233.412632,6.99843,-0.1059261320340886,0.18374319194258007,0.39580054955247945,110.97785201299706,0
229,2025-06-14,19:27:16.50,3,1,"Leffew, Haiden",806140,Left,BRE_WHI,"Brunson, Chase",815313.0,Right,YAR_RED,Undefined,8,Top,2,0,0,Curveball,Curveball,BallCalled,Undefined,Undefined,Undefined,0,0,,80.38824,-1.809242,3.172818,1976.231357,22.051683,6:45,7.33692,-1.3567,7.72151,-42.86046,-2.6228,-1.54276,2.14011,1.36224,74.57213,-9.895423,2.885836,0.456549,,,,,,,,,,,,1.72382,-0.54146,1.20246,50.0,7.24141,-6.44161,-116.98157,-4.66643,2.39033,21.92704,-32.92486,BRE_WHI,YAR_RED,CCBLBrewster,Cape Cod Baseball League,CCBL,20250614-CCBLBrewster-1,1c42ef90-4977-11f0-9ca6-316a2cb06a4e,82.5594,,,5.8161,,,,,,,908373c5-44f8-4d85-b4f8-ea51cc7d743f,2025-06-14,23:27:16.50,2025-06-14T19:27:16.5080000-04:00,2025-06-14T23:27:16.5080000Z,,v3,6096,6104,,"Tinney, Carson",806245,Right,BRE_WHI,eed4eb7a-a052-44b4-8b74-69b9239de8f8,52.77938,-117.50138,10.96352,7.34278,-3.8859,-16.46243,1.35584,-6.49827,1.19516,,,,,,,,,,,,,,,,,,,,,,,,,,,,,,,,,,,,,,,,,,,,,,,,,,,High,High,High,,,,,,80.38824,-2.6228,-1.54276,1976.231357,1.54276,-0.3344249157932691,0.2270833393334722,0.4868695613574899,117.29954898683162,0
230,2025-06-14,19:27:28.01,3,2,"Leffew, Haiden",806140,Left,BRE_WHI,"Brunson, Chase",815313.0,Right,YAR_RED,Undefined,8,Top,2,1,0,ChangeUp,Changeup,BallCalled,Undefined,Undefined,Undefined,0,0,,78.76942,0.186346,-0.125073,648.599214,134.603117,10:30,7.45597,-1.05608,8.32494,-37.46222,3.81465,-2.46102,4.49923,-1.37198,71.74622,-7.083869,-0.588526,0.462408,,,,,,,,,,,,1.32095,2.61134,1.06055,50.0,7.46067,0.31616,-114.79749,-0.30512,1.74077,23.72248,-28.73274,BRE_WHI,YAR_RED,CCBLBrewster,Cape Cod Baseball League,CCBL,20250614-CCBLBrewster-1,23230980-4977-11f0-9ca6-316a2cb06a4e,81.51346,,,7.02319,,,,,,,908373c5-44f8-4d85-b4f8-ea51cc7d743f,2025-06-14,23:27:28.01,2025-06-14T19:27:28.0140000-04:00,2025-06-14T23:27:28.0140000Z,,v3,6096,6104,,"Tinney, Carson",806245,Right,BRE_WHI,36eea3bd-86de-44fc-8422-7e4212f27f39,52.17093,-115.24523,11.86124,7.46131,0.23719,-14.36637,1.05489,0.28331,0.87039,,,,,,,,,,,,,,,,,,,,,,,,,,,,,,,,,,,,,,,,,,,,,,,,,,,High,High,High,,,,,,78.76942,3.81465,-2.46102,648.599214,2.46102,-0.2508709938055988,0.20520632251542162,0.40827392127189194,116.75629862300072,0
231,2025-06-14,19:27:40.38,3,3,"Leffew, Haiden",806140,Left,BRE_WHI,"Brunson, Chase",815313.0,Right,YAR_RED,Undefined,8,Top,2,2,0,Fastball,Four-Seam,BallCalled,Undefined,Undefined,Undefined,0,0,,90.13276,-0.608901,2.009263,2289.945551,162.511532,11:30,7.57932,-0.90181,8.21807,-8.62634,23.22108,-6.95933,6.31948,0.30296,81.14122,-2.43616,0.704444,0.406171,,,,,,,,,,,,4.43866,13.33406,0.8204,50.0,7.54991,-4.37015,-131.15009,-1.35488,7.60596,31.91926,-9.32525,BRE_WHI,YAR_RED,CCBLBrewster,Cape Cod Baseball League,CCBL,20250614-CCBLBrewster-1,2a61e540-4977-11f0-9ca6-316a2cb06a4e,92.7995,,,8.99155,,,,,,,908373c5-44f8-4d85-b4f8-ea51cc7d743f,2025-06-14,23:27:40.38,2025-06-14T19:27:40.3890000-04:00,2025-06-14T23:27:40.3890000Z,,v3,6096,6104,,"Tinney, Carson",806245,Right,BRE_WHI,bea4dda9-6121-4e49-8155-61cec4d1b224,52.27437,-131.70246,15.95963,7.57196,-1.19351,-4.66263,0.89716,-4.50177,3.80298,,,,,,,,,,,,,,,,,,,,,,,,,,,,,,,,,,,,,,,,,,,,,,,,,,,High,High,High,,,,,,90.13276,23.22108,-6.95933,2289.945551,6.95933,0.0445714516272131,0.18374319194258007,0.39580054955247945,105.27431330525151,0
232,2025-06-14,19:27:54.91,3,4,"Leffew, Haiden",806140,Left,BRE_WHI,"Brunson, Chase",815313.0,Right,YAR_RED,Undefined,8,Top,2,3,0,Fastball,Four-Seam,StrikeCalled,Undefined,Undefined,Undefined,0,0,,89.84504,-3.349703,1.575209,2234.554633,166.09368,11:30,7.50821,-1.04491,8.36085,-7.36953,24.49663,-5.78315,3.92378,-0.13181,81.22973,-4.930837,0.487684,0.40629,,,,,,,,,,,,3.68327,15.02713,0.98499,50.0,7.37779,-3.41242,-130.63184,-7.57825,6.27721,31.04376,-6.56397,BRE_WHI,YAR_RED,CCBLBrewster,Cape Cod Baseball League,CCBL,20250614-CCBLBrewster-1,3309c6e0-4977-11f0-9ca6-316a2cb06a4e,92.77221,,,8.6153,,,,,,,908373c5-44f8-4d85-b4f8-ea51cc7d743f,2025-06-14,23:27:54.91,2025-06-14T19:27:54.9170000-04:00,2025-06-14T23:27:54.9170000Z,,v3,6096,6104,,"Tinney, Carson",806245,Right,BRE_WHI,7a5d3784-cdb4-43ca-b70a-6ca5a6fff24d,52.13344,-131.13786,15.52188,7.50045,-7.47126,-3.28199,1.04145,-3.51474,3.1386,,,,,,,,,,,,,,,,,,,,,,,,,,,,,,,,,,,,,,,,,,,,,,,,,,,High,High,High,,,,,,89.84504,24.49663,-5.78315,2234.554633,5.78315,-0.0567223176880159,0.18374319194258007,0.39580054955247945,109.11313197654034,0
233,2025-06-14,19:28:07.48,3,5,"Leffew, Haiden",806140,Left,BRE_WHI,"Brunson, Chase",815313.0,Right,YAR_RED,Undefined,8,Top,2,3,1,Curveball,Curveball,BallCalled,Walk,Undefined,Undefined,0,0,,78.40961,-0.731637,0.955839,1258.271192,353.936086,5:45,7.4493,-1.11527,8.25576,-47.82491,-5.89055,0.77807,2.81465,-0.2023,71.62607,-9.901374,1.102485,0.466076,,,,,,,,,,,,-0.11646,-2.4787,1.07778,50.0,7.41831,-1.9271,-114.27772,-2.41327,-0.15131,24.50203,-35.39442,BRE_WHI,YAR_RED,CCBLBrewster,Cape Cod Baseball League,CCBL,20250614-CCBLBrewster-1,3aa62bf0-4977-11f0-9ca6-316a2cb06a4e,80.87194,,,6.78354,,,,,,,908373c5-44f8-4d85-b4f8-ea51cc7d743f,2025-06-14,23:28:07.48,2025-06-14T19:28:07.4880000-04:00,2025-06-14T23:28:07.4880000Z,,v3,6096,6104,,"Tinney, Carson",806245,Right,BRE_WHI,5961ec9f-d9d2-43bf-b9f2-72e585b9d0e3,52.24273,-114.75757,12.25101,7.45879,-1.7201,-17.69721,1.11549,-1.92413,-0.07565,,,,,,,,,,,,,,,,,,,,,,,,,,,,,,,,,,,,,,,,,,,,,,,,,,,High,High,High,,,,,,78.40961,-5.89055,0.77807,1258.271192,-0.77807,-0.2734557437199971,0.2270833393334722,0.4868695613574899,115.42114529581187,0
234,2025-06-14,19:28:35.10,4,1,"Leffew, Haiden",806140,Left,BRE_WHI,"Carreras, Yomar",827330.0,Right,YAR_RED,Undefined,8,Top,2,0,0,Fastball,Four-Seam,InPlay,Undefined,Popup,Out,1,0,,90.19583,-2.488382,3.35153,2280.070163,156.517542,11:15,7.53788,-1.12784,8.34541,-8.45563,23.17446,-9.58382,4.62422,1.04521,81.55851,-4.274823,1.55329,0.404783,81.73688,62.424515,10.679768,,103.80454,122.79946,36.39486,150.62284,57.57992,20.471361,5.873159,6.39276,14.08083,1.00043,50.0,7.43998,-7.3948,-131.12074,-5.69341,10.9826,31.13649,-7.9835,BRE_WHI,YAR_RED,CCBLBrewster,Cape Cod Baseball League,CCBL,20250614-CCBLBrewster-1,4b1468d0-4977-11f0-9ca6-316a2cb06a4e,93.11773,140.82349,,8.63731,,,,-1.50334,3.92423,-1.4163,908373c5-44f8-4d85-b4f8-ea51cc7d743f,2025-06-14,23:28:35.10,2025-06-14T19:28:35.1060000-04:00,2025-06-14T23:28:35.1060000Z,Popup,v3,6096,6104,,"Tinney, Carson",806245,Right,BRE_WHI,a4184678-8d55-4c84-8735-80fe10638d6d,52.15145,-131.63064,15.56825,7.53214,-5.56267,-3.99175,1.12301,-7.57466,5.4913,,-1.4986,54.43462,-17.36844,4.60669,-0.50508,-0.09368,0.04304,-0.00598,0.0003,3.90519,106.56928,-26.30215,3.87915,-1.28256,0.35953,-0.06329,0.00579,-0.00021,-1.41203,10.21199,0.63406,-0.70232,0.3301,-0.09673,0.01672,-0.00153,6e-05,,,,,,,,,,,,,,,,,,,,,,,High,High,High,Medium,Low,,,,90.19583,23.17446,-9.58382,2280.070163,9.58382,-0.0372613942059113,0.18374319194258007,0.39580054955247945,108.37560431883085,0
8,2025-06-15,18:06:27.92,1,1,"Foster, Elijah",1000302010,Right,BRE_WHI,"Morales, Antonio",822655.0,Left,FAL_COM,Undefined,1,Bottom,0,0,0,Sinker,Sinker,StrikeCalled,Undefined,Undefined,Undefined,0,0,,91.50757,-2.438422,-3.283363,1936.730242,221.675248,1:30,5.12655,2.66094,6.82202,-18.15844,13.88583,11.51713,1.38389,0.62216,84.35135,-5.89968,-1.183115,0.407424,,,,,,,,,,,,-6.99536,8.30599,-2.45347,50.0,4.96235,7.20468,-132.94296,-6.15137,-12.60864,26.59677,-17.20311,FAL_COM,BRE_WHI,CCBLFalmouth,Cape Cod Baseball League,CCBL,20250615-CCBLFalmouth-2,fca63070-4a34-11f0-bf1d-4df1f6822eb9,92.51404,,,7.15622,,,,,,,9af88363-f99a-4f69-b601-f10dcb047521,2025-06-15,22:06:27.92,2025-06-15T18:06:27.9283200-04:00,2025-06-15T22:06:27.9283200Z,,v3,6099,6096,,"Rogers, Drew",811441,Right,BRE_WHI,a75480bc-3492-4f08-9568-67159a303615,53.67899,-133.67696,13.29839,5.12555,-5.67661,-8.60156,-2.6571,7.55264,-6.30432,,,,,,,,,,,,,,,,,,,,,,,,,,,,,,,,,,,,,,,,,,,,,,,,,,,High,High,High,,,,,,91.50757,13.88583,11.51713,1936.730242,11.51713,0.5386056706453995,0.15735766770103676,0.3861465535206231,85.19028593670973,0
9,2025-06-15,18:06:49.86,1,2,"Foster, Elijah",1000302010,Right,BRE_WHI,"Morales, Antonio",822655.0,Left,FAL_COM,Undefined,1,Bottom,0,0,1,Sinker,Sinker,BallCalled,Undefined,Undefined,Undefined,0,0,,90.24681,0.440015,-3.935887,1813.24213,236.622411,2:00,5.09537,2.66047,6.54421,-23.55513,9.82536,13.39268,3.53694,0.16124,82.73761,-4.006783,-1.510345,0.415832,,,,,,,,,,,,-8.03426,5.3517,-2.39292,50.0,5.11571,8.48785,-131.02872,0.3083,-14.03839,26.37041,-22.82299,FAL_COM,BRE_WHI,CCBLFalmouth,Cape Cod Baseball League,CCBL,20250615-CCBLFalmouth-2,09a81d60-4a35-11f0-bf1d-4df1f6822eb9,90.6435,,,7.50921,,,,,,,9af88363-f99a-4f69-b601-f10dcb047521,2025-06-15,22:06:49.86,2025-06-15T18:06:49.8622976-04:00,2025-06-15T22:06:49.8622976Z,,v3,6099,6096,,"Rogers, Drew",811441,Right,BRE_WHI,3afb62bf-f48f-45ee-a910-40f387be6107,53.95523,-131.82234,13.18521,5.09609,0.99515,-11.4115,-2.65471,8.91033,-7.01919,,,,,,,,,,,,,,,,,,,,,,,,,,,,,,,,,,,,,,,,,,,,,,,,,,,High,High,High,,,,,,90.24681,9.82536,13.39268,1813.24213,13.39268,-0.0619659644626341,0.15735766770103676,0.3861465535206231,108.51970437767835,0
10,2025-06-15,18:07:08.63,1,3,"Foster, Elijah",1000302010,Right,BRE_WHI,"Morales, Antonio",822655.0,Left,FAL_COM,Undefined,1,Bottom,0,1,1,Sinker,Sinker,BallCalled,Undefined,Undefined,Undefined,0,0,,91.41338,-1.919551,-3.926232,1887.499119,244.148247,2:15,5.06905,2.54491,6.77444,-24.37509,7.68548,13.99914,1.28031,0.12091,84.657,-6.497945,-1.376821,0.407528,,,,,,,,,,,,-8.44418,4.81937,-2.2938,50.0,4.93422,8.60569,-132.81654,-5.17696,-15.2545,25.42548,-23.4678,FAL_COM,BRE_WHI,CCBLFalmouth,Cape Cod Baseball League,CCBL,20250615-CCBLFalmouth-2,14ea31e0-4a35-11f0-bf1d-4df1f6822eb9,92.49049,,,6.75638,,,,,,,9af88363-f99a-4f69-b601-f10dcb047521,2025-06-15,22:07:08.63,2025-06-15T18:07:08.6360064-04:00,2025-06-15T22:07:08.6360064Z,,v3,6099,6096,,"Rogers, Drew",811441,Right,BRE_WHI,56d29c8d-865f-491a-b017-c4afbed81832,53.72776,-133.52825,12.71274,5.06993,-4.52005,-11.7339,-2.54066,9.03269,-7.62725,,,,,,,,,,,,,,,,,,,,,,,,,,,,,,,,,,,,,,,,,,,,,,,,,,,High,High,High,,,,,,91.41338,7.68548,13.99914,1887.499119,13.99914,0.1938482667799184,0.15735766770103676,0.3861465535206231,98.58250972022726,0
11,2025-06-15,18:07:31.54,1,4,"Foster, Elijah",1000302010,Right,BRE_WHI,"Morales, Antonio",822655.0,Left,FAL_COM,Undefined,1,Bottom,0,2,1,Sinker,Sinker,BallCalled,Undefined,Undefined,Undefined,0,0,,91.78662,-3.273149,-4.420478,1874.303766,252.16297,2:30,5.03336,2.6264,6.69517,-26.74171,5.39362,13.81367,-0.2005,-0.27287,84.87059,-8.25934,-1.909004,0.408002,,,,,,,,,,,,-8.59,3.94327,-2.33736,50.0,4.80384,9.7938,-133.09732,-8.44307,-15.50623,26.87731,-25.05588,FAL_COM,BRE_WHI,CCBLFalmouth,Cape Cod Baseball League,CCBL,20250615-CCBLFalmouth-2,22941ea0-4a35-11f0-bf1d-4df1f6822eb9,92.38288,,,6.91603,,,,,,,9af88363-f99a-4f69-b601-f10dcb047521,2025-06-15,22:07:31.54,2025-06-15T18:07:31.5424768-04:00,2025-06-15T22:07:31.5424768Z,,v3,6099,6096,,"Rogers, Drew",811441,Right,BRE_WHI,812bf4b1-26d3-4230-bcf2-797a475eb09b,53.80793,-133.86408,13.43866,5.03451,-7.72827,-12.52794,-2.62306,10.23616,-7.75311,,,,,,,,,,,,,,,,,,,,,,,,,,,,,,,,,,,,,,,,,,,,,,,,,,,High,High,High,,,,,,91.78662,5.39362,13.81367,1874.303766,13.81367,0.1880771122234886,0.15735766770103676,0.3861465535206231,98.80669226842609,0
12,2025-06-15,18:08:01.81,1,5,"Foster, Elijah",1000302010,Right,BRE_WHI,"Morales, Antonio",822655.0,Left,FAL_COM,Undefined,1,Bottom,0,3,1,Slider,Slider,BallCalled,Walk,Undefined,Undefined,0,0,,85.28861,-2.161787,-1.82765,2450.556114,196.568253,12:30,5.07161,2.57631,6.54283,-25.36931,11.678,3.16697,0.97293,1.16348,79.18537,-6.913289,-1.252078,0.438076,,,,,,,,,,,,-2.11819,6.99536,-2.45112,50.0,4.91082,3.84559,-124.04758,-5.39884,-3.34011,22.02818,-21.1433,FAL_COM,BRE_WHI,CCBLFalmouth,Cape Cod Baseball League,CCBL,20250615-CCBLFalmouth-2,34a31330-4a35-11f0-bf1d-4df1f6822eb9,86.04082,,,6.10324,,,,,,,9af88363-f99a-4f69-b601-f10dcb047521,2025-06-15,22:08:01.81,2025-06-15T18:08:01.8141184-04:00,2025-06-15T22:08:01.8141184Z,,v3,6099,6096,,"Rogers, Drew",811441,Right,BRE_WHI,0a67f30f-0cd6-4445-b4ea-9aa4938f2c65,53.95774,-124.74841,11.01409,5.07189,-4.72616,-10.57165,-2.57516,3.95186,-1.67006,,,,,,,,,,,,,,,,,,,,,,,,,,,,,,,,,,,,,,,,,,,,,,,,,,,High,High,High,,,,,,85.28861,11.678,3.16697,2450.556114,3.16697,-0.1740021504226306,0.15996036246036463,0.40035012296546346,112.51264182495848,0
13,2025-06-15,18:08:43.05,2,1,"Foster, Elijah",1000302010,Right,BRE_WHI,"Lopez, Adrian",834982.0,Right,FAL_COM,Undefined,1,Bottom,0,0,0,Slider,Slider,BallCalled,Undefined,Undefined,StolenBase,0,0,,81.81373,1.797829,-0.086044,2290.831157,126.36299,10:15,4.99995,2.5738,6.04987,-34.54797,6.3826,-7.1778,3.78581,1.89599,75.75161,-4.606035,-1.377798,0.460464,,,,,,,,,,,,3.6754,3.21335,-2.56331,50.0,5.12115,0.44838,-119.00987,2.66137,5.34351,19.9042,-27.50232,FAL_COM,BRE_WHI,CCBLFalmouth,Cape Cod Baseball League,CCBL,20250615-CCBLFalmouth-2,4d1e2a30-4a35-11f0-bf1d-4df1f6822eb9,81.8576,,,6.06212,,,,,,,9af88363-f99a-4f69-b601-f10dcb047521,2025-06-15,22:08:43.05,2025-06-15T18:08:43.0510000-04:00,2025-06-15T22:08:43.0510000Z,,v3,6099,6096,,"Rogers, Drew",811441,Right,BRE_WHI,5e076bef-8797-4636-a65f-4cdd3a27f01c,54.45031,-119.75186,9.9521,5.00282,3.68661,-13.75116,-2.57631,0.24918,2.67176,,,,,,,,,,,,,,,,,,,,,,,,,,,,,80.36701,,0.785152,,-1.13249,3.57286,-1.8333,-0.47865,6.27047,1.29987,,,,-0.37905,116.28632,-11.48568,6.30093,7.66733,-12.95721,1.261,-1.36525,3.01401,High,High,High,,,High,High,Medium,81.81373,6.3826,-7.1778,2290.831157,-7.1778,0.4639835183958588,0.15996036246036463,0.40035012296546346,88.60910218972053,0
14,2025-06-15,18:09:21.92,2,2,"Foster, Elijah",1000302010,Right,BRE_WHI,"Lopez, Adrian",834982.0,Right,FAL_COM,Undefined,1,Bottom,0,1,0,Fastball,Four-Seam,BallCalled,Undefined,Undefined,Undefined,0,0,,93.0,-1.493341,-1.512132,2579.693419,211.582138,1:00,5.31991,2.37848,6.79629,-10.68552,20.74324,12.09438,3.06569,2.0059,84.27595,-3.629442,0.695266,0.403492,,,,,,,,,,,,-6.81209,11.71544,-2.2841,50.0,5.21824,3.08266,-135.13193,-3.70458,-12.48461,31.87966,-10.70298,FAL_COM,BRE_WHI,CCBLFalmouth,Cape Cod Baseball League,CCBL,20250615-CCBLFalmouth-2,644793e0-4a35-11f0-bf1d-4df1f6822eb9,93.41559,,,8.72405,,,,,,,9af88363-f99a-4f69-b601-f10dcb047521,2025-06-15,22:09:21.92,2025-06-15T18:09:21.9289088-04:00,2025-06-15T22:09:21.9289088Z,,v3,6099,6096,,"Rogers, Drew",811441,Right,BRE_WHI,f9309d58-cd4e-4b72-9f4e-bc219ec862eb,53.70079,-136.0022,15.93983,5.31539,-3.4124,-5.35149,-2.3729,3.42347,-6.24231,,,,,,,,,,,,,,,,,,,,,,,,,,,,,,,,,,,,,,,,,,,,,,,,,,,High,High,High,,,,,,93.0,20.74324,12.09438,2579.693419,12.09438,0.2731633489167221,0.18374319194258007,0.39580054955247945,96.61116601245575,0
15,2025-06-15,18:09:43.23,2,3,"Foster, Elijah",1000302010,Right,BRE_WHI,"Lopez, Adrian",834982.0,Right,FAL_COM,Undefined,1,Bottom,0,2,0,ChangeUp,Changeup,FoulBallNotFieldable,Undefined,Undefined,Undefined,0,0,,85.89493,0.330074,-2.287068,1732.791436,262.681692,2:45,4.85552,2.54287,6.92432,-33.01872,3.22189,16.64497,2.40472,1.84655,78.95885,-5.888755,0.759534,0.43328,,,,,,,,,,,,-9.55516,1.92642,-2.4051,50.0,4.86465,4.42908,-125.01827,-0.19475,-15.15432,24.70715,-29.11876,FAL_COM,BRE_WHI,CCBLFalmouth,Cape Cod Baseball League,CCBL,20250615-CCBLFalmouth-2,7115edb0-4a35-11f0-bf1d-4df1f6822eb9,86.99319,,,6.93609,,,,,,,9af88363-f99a-4f69-b601-f10dcb047521,2025-06-15,22:09:43.23,2025-06-15T18:09:43.2307200-04:00,2025-06-15T22:09:43.2307200Z,,v3,6099,6096,,"Rogers, Drew",811441,Right,BRE_WHI,ec88f0d5-c542-4d48-b3e5-27829fdb93e0,53.57768,-125.72333,12.35358,4.85835,0.6362,-14.55938,-2.53766,4.86154,-7.57716,,,,,,,,,,,,,,,,,,,,,,,,,,,,,,,,,,,,,,,,,,,,,,,,,,,High,High,High,,,,,,85.89493,3.22189,16.64497,1732.791436,16.64497,-0.0696029836118034,0.20520632251542162,0.40827392127189194,110.0965047658854,0
16,2025-06-15,18:10:08.55,2,4,"Foster, Elijah",1000302010,Right,BRE_WHI,"Lopez, Adrian",834982.0,Right,FAL_COM,Undefined,1,Bottom,0,2,1,Sinker,Sinker,FoulBallNotFieldable,Undefined,Undefined,Undefined,0,0,,91.01543,-0.389381,-3.715734,2036.635586,233.502864,1:45,5.00214,2.46993,6.85631,-21.80363,10.57961,12.9945,2.82944,0.16059,83.59282,-4.533874,-1.346683,0.409573,,,,,,,,,,,,-7.93103,6.02126,-2.2372,50.0,4.96914,8.11807,-132.27568,-1.50187,-14.12008,26.93011,-21.45409,FAL_COM,BRE_WHI,CCBLFalmouth,Cape Cod Baseball League,CCBL,20250615-CCBLFalmouth-2,8027a7d0-4a35-11f0-bf1d-4df1f6822eb9,92.0286,,,7.42261,,,,,,,9af88363-f99a-4f69-b601-f10dcb047521,2025-06-15,22:10:08.55,2025-06-15T18:10:08.5562880-04:00,2025-06-15T22:10:08.5562880Z,,v3,6099,6096,,"Rogers, Drew",811441,Right,BRE_WHI,d02ff6b7-29bd-4629-bf08-f7e726349080,53.64481,-133.01565,13.46506,5.00231,-0.91236,-10.72704,-2.4656,8.50606,-7.06004,,,,,,,,,,,,,,,,,,,,,,,,,,,,,,,,,,,,,,,,,,,,,,,,,,,High,High,High,,,,,,91.01543,10.57961,12.9945,2036.635586,12.9945,0.207532038375101,0.15735766770103676,0.3861465535206231,98.05095875322692,0
17,2025-06-15,18:10:37.31,2,5,"Foster, Elijah",1000302010,Right,BRE_WHI,"Lopez, Adrian",834982.0,Right,FAL_COM,Undefined,1,Bottom,0,2,2,Sinker,Changeup,BallCalled,Undefined,Undefined,Undefined,0,0,,89.54998,-1.77851,-4.470107,1759.277829,254.74337,2:30,5.03011,2.52663,6.66022,-28.30167,5.00016,15.22871,1.03868,-0.30312,83.69881,-7.042887,-1.704728,0.415342,,,,,,,,,,,,-9.04697,3.29697,-2.23169,50.0,4.89873,9.617,-130.11267,-4.9124,-15.83881,21.85457,-26.40193,FAL_COM,BRE_WHI,CCBLFalmouth,Cape Cod Baseball League,CCBL,20250615-CCBLFalmouth-2,9152f320-4a35-11f0-bf1d-4df1f6822eb9,90.75044,,,5.85117,,,,,,,9af88363-f99a-4f69-b601-f10dcb047521,2025-06-15,22:10:37.31,2025-06-15T18:10:37.3198848-04:00,2025-06-15T22:10:37.3198848Z,,v3,6099,6096,,"Rogers, Drew",811441,Right,BRE_WHI,7493df7d-b36a-401d-88ea-3656a85ed870,53.84273,-130.75653,10.92729,5.03199,-4.13457,-13.20097,-2.52189,10.08363,-7.91941,,,,,,,,,,,,,,,,,,,,,,,,,,,,,,,,,,,,,,,,,,,,,,,,,,,High,High,High,,,,,,89.54998,5.00016,15.22871,1759.277829,15.22871,0.149502658837884,0.15735766770103676,0.3861465535206231,100.30513060876251,0
18,2025-06-15,18:11:01.15,2,6,"Foster, Elijah",1000302010,Right,BRE_WHI,"Lopez, Adrian",834982.0,Right,FAL_COM,Undefined,1,Bottom,0,3,2,Fastball,Four-Seam,HitByPitch,Walk,Undefined,Undefined,0,0,,91.6063,0.528411,-0.279652,2373.409845,204.340272,12:45,5.33266,2.33208,6.66487,-11.35402,20.87666,9.00012,4.87,2.8262,83.68357,-1.716591,1.359188,0.408607,,,,,,,,,,,,-4.85252,11.19524,-2.31674,50.0,5.36313,0.30816,-133.29859,0.9974,-8.73053,28.66243,-12.0318,FAL_COM,BRE_WHI,CCBLFalmouth,Cape Cod Baseball League,CCBL,20250615-CCBLFalmouth-2,9f7eba10-4a35-11f0-bf1d-4df1f6822eb9,92.24612,,,7.92273,,,,,,,9af88363-f99a-4f69-b601-f10dcb047521,2025-06-15,22:11:01.15,2025-06-15T18:11:01.1514880-04:00,2025-06-15T22:11:01.1514880Z,,v3,6099,6096,,"Rogers, Drew",811441,Right,BRE_WHI,e6732e27-f848-4885-9a51-bdb17a0d7025,53.8351,-134.12069,14.33122,5.32958,1.3425,-6.0159,-2.32916,0.55857,-4.36527,,,,,,,,,,,,,,,,,,,,,,,,,,,,,,,,,,,,,,,,,,,,,,,,,,,High,High,High,,,,,,91.6063,20.87666,9.00012,2373.409845,9.00012,0.6551740361374344,0.18374319194258007,0.39580054955247945,82.13377250001719,0
19,2025-06-15,18:14:04.18,3,1,"Foster, Elijah",1000302010,Right,BRE_WHI,"Moran, Landon",701335.0,Left,FAL_COM,Undefined,1,Bottom,0,0,0,Fastball,Four-Seam,BallCalled,Undefined,Undefined,StolenBase,0,0,,92.43802,-0.50273,-3.35288,2394.502693,212.955986,1:00,5.26653,2.50608,7.16072,-12.12166,19.19891,11.77823,3.79995,0.44528,83.94033,-2.913886,-1.192692,0.402797,,,,,,,,,,,,-7.27792,10.74351,-2.31253,50.0,5.23244,7.43082,-134.30111,-1.39145,-13.21648,30.63867,-12.66414,FAL_COM,BRE_WHI,CCBLFalmouth,Cape Cod Baseball League,CCBL,20250615-CCBLFalmouth-2,0ca51440-4a36-11f0-bf1d-4df1f6822eb9,93.57675,,,8.49769,,,,,,,9af88363-f99a-4f69-b601-f10dcb047521,2025-06-15,22:14:04.18,2025-06-15T18:14:04.1810000-04:00,2025-06-15T22:14:04.1810000Z,,v3,6099,6096,,"Rogers, Drew",811441,Right,BRE_WHI,89251ec3-d384-4d19-bf66-66bfc6746ebb,53.33733,-135.06033,15.31934,5.26303,-1.07764,-6.33207,-2.50072,7.75832,-6.60824,,,,,,,,,,,,,,,,,,,,,,,,,,,,,81.80091,2.034451,0.800051,1.234399,-0.96266,3.67596,-0.3978,-0.7176,6.12564,0.08795,127.28531,4.61111,-0.61713,-0.55156,117.44936,-11.38054,6.11753,11.58188,-10.36871,0.03869,-3.64005,2.5561,High,High,High,,,High,High,High,92.43802,19.19891,11.77823,2394.502693,11.77823,0.2926687669056452,0.18374319194258007,0.39580054955247945,95.87195210746079,0
20,2025-06-15,18:14:37.64,3,2,"Foster, Elijah",1000302010,Right,BRE_WHI,"Moran, Landon",701335.0,Left,FAL_COM,Undefined,1,Bottom,0,1,0,Sinker,Sinker,BallCalled,Undefined,Undefined,Undefined,0,0,,91.46581,-2.959821,-3.10774,1847.491903,244.367388,2:15,5.03684,2.62355,6.68865,-23.24096,9.53256,17.50761,0.38671,1.23745,83.16948,-7.357428,0.081332,0.412034,,,,,,,,,,,,-10.28697,6.27248,-2.4229,50.0,4.82984,6.54218,-132.66424,-7.54336,-18.13983,31.17365,-21.11328,FAL_COM,BRE_WHI,CCBLFalmouth,Cape Cod Baseball League,CCBL,20250615-CCBLFalmouth-2,208bfd20-4a36-11f0-bf1d-4df1f6822eb9,91.47901,,,8.29633,,,,,,,9af88363-f99a-4f69-b601-f10dcb047521,2025-06-15,22:14:37.64,2025-06-15T18:14:37.6438272-04:00,2025-06-15T22:14:37.6438272Z,,v3,6099,6096,,"Rogers, Drew",811441,Right,BRE_WHI,b1e19ac1-6a27-4039-b7cb-4f348fc5d0bd,53.81185,-133.55695,15.58683,5.0372,-6.93875,-10.55664,-2.61768,7.06164,-9.06991,,,,,,,,,,,,,,,,,,,,,,,,,,,,,,,,,,,,,,,,,,,,,,,,,,,High,High,High,,,,,,91.46581,9.53256,17.50761,1847.491903,17.50761,0.3023243666997449,0.15735766770103676,0.3861465535206231,94.36871709677324,0
21,2025-06-15,18:14:59.72,3,3,"Foster, Elijah",1000302010,Right,BRE_WHI,"Moran, Landon",701335.0,Left,FAL_COM,Undefined,1,Bottom,0,2,0,Slider,Slider,BallCalled,Undefined,Undefined,Undefined,0,0,,82.74672,0.549721,-0.426878,2375.926879,152.578701,11:00,5.16133,2.64242,6.44516,-27.84789,11.67418,-5.4813,3.3458,1.79342,76.41333,-4.685628,-1.42099,0.452472,,,,,,,,,,,,2.75036,6.32685,-2.60993,50.0,5.18766,1.09617,-120.41902,0.37672,4.07809,21.23477,-22.79287,FAL_COM,BRE_WHI,CCBLFalmouth,Cape Cod Baseball League,CCBL,20250615-CCBLFalmouth-2,2da76580-4a36-11f0-bf1d-4df1f6822eb9,83.30344,,,6.33339,,,,,,,9af88363-f99a-4f69-b601-f10dcb047521,2025-06-15,22:14:59.72,2025-06-15T18:14:59.7243392-04:00,2025-06-15T22:14:59.7243392Z,,v3,6099,6096,,"Rogers, Drew",811441,Right,BRE_WHI,f19fe95b-f790-4903-a858-da5da3564685,54.05363,-121.13173,10.61739,5.16218,1.14173,-11.39644,-2.64443,0.95929,2.03905,,,,,,,,,,,,,,,,,,,,,,,,,,,,,,,,,,,,,,,,,,,,,,,,,,,High,High,High,,,,,,82.74672,11.67418,-5.4813,2375.926879,-5.4813,0.1444685683746061,0.15996036246036463,0.40035012296546346,100.58043421984017,0
22,2025-06-15,18:15:20.46,3,4,"Foster, Elijah",1000302010,Right,BRE_WHI,"Moran, Landon",701335.0,Left,FAL_COM,Undefined,1,Bottom,0,3,0,Sinker,Sinker,InPlay,Undefined,FlyBall,Out,1,1,,90.31223,-1.435851,-3.581805,1965.203075,236.229928,1:45,5.20582,2.74814,6.4349,-23.28623,10.34528,13.86934,1.94288,0.60791,82.60537,-5.825088,-1.071737,0.417393,92.46194,26.760787,-5.260082,2711.971093,109.00774,49.25094,-14.7376,346.24283,342.63301,-13.331428,4.545185,-8.28725,6.13209,-2.49931,50.0,5.09296,7.66367,-131.0804,-3.99455,-14.40763,27.90549,-21.51325,FAL_COM,BRE_WHI,CCBLFalmouth,Cape Cod Baseball League,CCBL,20250615-CCBLFalmouth-2,3a1305e0-4a36-11f0-bf1d-4df1f6822eb9,90.30452,65.95502,,7.70686,,,,1.61998,1.95415,-0.62188,9af88363-f99a-4f69-b601-f10dcb047521,2025-06-15,22:15:20.46,2025-06-15T18:15:20.4640256-04:00,2025-06-15T22:15:20.4640256Z,FlyBall,v3,6099,6096,,"Rogers, Drew",811441,Right,BRE_WHI,6bc32f5a-67f7-4f16-bade-d1b7682d445d,54.06529,-131.94302,13.95275,5.20616,-3.32953,-10.75663,-2.74309,8.10904,-7.20382,156.574302,1.61892,120.60183,-21.51013,5.12913,-1.28257,0.33098,-0.0693,0.00879,-0.00047,1.9556,61.02615,-15.76583,0.49334,0.20624,-0.14729,0.04285,-0.00594,0.00032,-0.62207,-11.09618,-2.81362,0.64664,-0.16505,0.04546,-0.01009,0.00132,-7e-05,,,,,,,,,,,,,,,,,,,,,,,High,High,High,High,High,,,,90.31223,10.34528,13.86934,1965.203075,13.86934,-0.059034925468083,0.15735766770103676,0.3861465535206231,108.40584712706348,0
23,2025-06-15,18:16:12.65,4,1,"Foster, Elijah",1000302010,Right,BRE_WHI,"Harrison, Connor",1000339305.0,Right,FAL_COM,Undefined,1,Bottom,1,0,0,Slider,Slider,StrikeSwinging,Undefined,Undefined,Undefined,0,0,,82.2027,0.394501,-1.893217,2375.873098,151.325932,11:00,5.10199,2.45335,6.40167,-29.33324,11.07079,-5.39319,3.02054,0.26231,75.52649,-5.116651,-2.869426,0.457492,,,,,,,,,,,,2.29705,6.05611,-2.31539,50.0,5.1168,4.14636,-119.49192,-0.00217,3.33146,22.35546,-23.39077,FAL_COM,BRE_WHI,CCBLFalmouth,Cape Cod Baseball League,CCBL,20250615-CCBLFalmouth-2,591d57b0-4a36-11f0-bf1d-4df1f6822eb9,82.3892,,,6.67621,,,,,,,9af88363-f99a-4f69-b601-f10dcb047521,2025-06-15,22:16:12.65,2025-06-15T18:16:12.6519296-04:00,2025-06-15T22:16:12.6519296Z,,v3,6099,6096,,"Rogers, Drew",811441,Right,BRE_WHI,d67b9be5-310f-4888-bb82-d2253721e322,54.09649,-120.25588,11.17773,5.10322,0.79717,-11.69538,-2.45514,4.03252,1.66573,,,,,,,,,,,,,,,,,,,,,,,,,,,,,,,,,,,,,,,,,,,,,,,,,,,High,High,High,,,,,,82.2027,11.07079,-5.39319,2375.873098,-5.39319,0.1914348124205393,0.15996036246036463,0.40035012296546346,98.82074034121541,1
24,2025-06-15,18:16:34.21,4,2,"Foster, Elijah",1000302010,Right,BRE_WHI,"Harrison, Connor",1000339305.0,Right,FAL_COM,Undefined,1,Bottom,1,0,1,Sinker,Sinker,BallCalled,Undefined,Undefined,Undefined,0,0,,90.64832,0.111863,-3.941866,1872.712487,237.905325,2:00,5.15468,2.36941,6.66943,-23.0145,9.98229,14.29721,3.3394,-0.05132,82.94857,-4.248947,-1.345854,0.413435,,,,,,,,,,,,-8.56087,5.54709,-2.10985,50.0,5.15287,8.51039,-131.61236,-0.40865,-15.05468,27.25646,-22.41922,FAL_COM,BRE_WHI,CCBLFalmouth,Cape Cod Baseball League,CCBL,20250615-CCBLFalmouth-2,65eebec0-4a36-11f0-bf1d-4df1f6822eb9,91.16895,,,7.69975,,,,,,,9af88363-f99a-4f69-b601-f10dcb047521,2025-06-15,22:16:34.21,2025-06-15T18:16:34.2128128-04:00,2025-06-15T22:16:34.2128128Z,,v3,6099,6096,,"Rogers, Drew",811441,Right,BRE_WHI,1310f89c-8b40-461a-bb0c-84407f7aaed5,53.82971,-132.4031,13.62823,5.15529,0.24176,-11.20961,-2.36308,8.94714,-7.52734,,,,,,,,,,,,,,,,,,,,,,,,,,,,,,,,,,,,,,,,,,,,,,,,,,,High,High,High,,,,,,90.64832,9.98229,14.29721,1872.712487,14.29721,-0.1210227809790542,0.15735766770103676,0.3861465535206231,110.81378738753484,0
25,2025-06-15,18:16:57.03,4,3,"Foster, Elijah",1000302010,Right,BRE_WHI,"Harrison, Connor",1000339305.0,Right,FAL_COM,Undefined,1,Bottom,1,1,1,ChangeUp,Changeup,StrikeSwinging,Undefined,Undefined,Undefined,0,0,,87.04734,-1.446127,-4.404433,1839.953637,253.402867,2:30,4.88172,2.51385,7.04264,-28.4521,6.87922,19.38379,1.19288,0.12027,79.90192,-6.828112,-0.857578,0.42781,,,,,,,,,,,,-11.62339,4.4063,-2.25242,50.0,4.78471,9.0748,-126.39111,-3.95852,-18.82319,25.48886,-25.03836,FAL_COM,BRE_WHI,CCBLFalmouth,Cape Cod Baseball League,CCBL,20250615-CCBLFalmouth-2,73a9c280-4a36-11f0-bf1d-4df1f6822eb9,88.10546,,,7.14543,,,,,,,9af88363-f99a-4f69-b601-f10dcb047521,2025-06-15,22:16:57.03,2025-06-15T18:16:57.0393088-04:00,2025-06-15T22:16:57.0393088Z,,v3,6099,6096,,"Rogers, Drew",811441,Right,BRE_WHI,da837208-db7b-4e95-88d5-05b2dbff9be1,53.45894,-127.08674,12.74443,4.88342,-3.27518,-12.51918,-2.5071,9.58852,-9.41159,,,,,,,,,,,,,,,,,,,,,,,,,,,,,,,,,,,,,,,,,,,,,,,,,,,High,High,High,,,,,,87.04734,6.87922,19.38379,1839.953637,19.38379,-0.1092583817213168,0.20520632251542162,0.40827392127189194,111.553445659366,1
26,2025-06-15,18:17:20.70,4,4,"Foster, Elijah",1000302010,Right,BRE_WHI,"Harrison, Connor",1000339305.0,Right,FAL_COM,Undefined,1,Bottom,1,1,2,ChangeUp,Changeup,BallCalled,Undefined,Undefined,Undefined,0,0,,88.52027,-1.364184,-5.609543,1737.410346,261.127738,2:45,4.89051,2.59019,7.0764,-30.08226,4.40402,20.76052,1.13904,-0.7885,80.60203,-7.055354,-1.818226,0.422663,,,,,,,,,,,,-12.69225,3.14138,-2.25796,50.0,4.79931,11.84105,-128.21637,-3.90336,-20.99856,28.0304,-26.97682,FAL_COM,BRE_WHI,CCBLFalmouth,Cape Cod Baseball League,CCBL,20250615-CCBLFalmouth-2,81ca65e0-4a36-11f0-bf1d-4df1f6822eb9,89.17838,,,7.91825,,,,,,,9af88363-f99a-4f69-b601-f10dcb047521,2025-06-15,22:17:20.70,2025-06-15T18:17:20.7090688-04:00,2025-06-15T22:17:20.7090688Z,,v3,6099,6096,,"Rogers, Drew",811441,Right,BRE_WHI,05ca5d2b-143e-432b-ae16-e42c5e53ec96,53.42345,-128.96263,14.0152,4.89367,-3.18515,-13.48841,-2.58065,12.4001,-10.49928,,,,,,,,,,,,,,,,,,,,,,,,,,,,,,,,,,,,,,,,,,,,,,,,,,,High,High,High,,,,,,88.52027,4.40402,20.76052,1737.410346,20.76052,-0.0862244914638994,0.20520632251542162,0.40827392127189194,110.70717962115101,0
27,2025-06-15,18:17:43.12,4,5,"Foster, Elijah",1000302010,Right,BRE_WHI,"Harrison, Connor",1000339305.0,Right,FAL_COM,Undefined,1,Bottom,1,2,2,Sinker,Changeup,BallCalled,Undefined,Undefined,Undefined,0,0,,90.26799,0.559167,-4.814551,1810.177569,239.314621,2:00,5.0705,2.67071,6.6347,-23.70175,9.85182,14.77143,3.60912,-0.51656,82.13182,-3.93459,-2.139739,0.416908,,,,,,,,,,,,-9.06504,5.35851,-2.34951,50.0,5.09874,10.43083,-130.82948,0.5927,-15.67974,28.12449,-22.90546,FAL_COM,BRE_WHI,CCBLFalmouth,Cape Cod Baseball League,CCBL,20250615-CCBLFalmouth-2,8f05b250-4a36-11f0-bf1d-4df1f6822eb9,90.4094,,,8.13617,,,,,,,9af88363-f99a-4f69-b601-f10dcb047521,2025-06-15,22:17:43.12,2025-06-15T18:17:43.1298048-04:00,2025-06-15T22:17:43.1298048Z,,v3,6099,6096,,"Rogers, Drew",811441,Right,BRE_WHI,5260484b-b769-4ee9-b074-302195b905d6,53.86328,-131.65735,14.06225,5.07137,1.26694,-11.45273,-2.66335,10.89238,-7.83987,,,,,,,,,,,,,,,,,,,,,,,,,,,,,,,,,,,,,,,,,,,,,,,,,,,High,High,High,,,,,,90.26799,9.85182,14.77143,1810.177569,14.77143,-0.1819524094209673,0.15735766770103676,0.3861465535206231,113.1806204417107,0
28,2025-06-15,18:18:06.95,4,6,"Foster, Elijah",1000302010,Right,BRE_WHI,"Harrison, Connor",1000339305.0,Right,FAL_COM,Undefined,1,Bottom,1,3,2,ChangeUp,Changeup,FoulBallNotFieldable,Undefined,Undefined,Undefined,0,0,,87.84089,0.288929,-4.143783,1654.32286,272.023866,3:00,5.08335,2.51422,7.04719,-34.45222,0.48055,19.3584,2.47547,0.35695,79.90011,-6.216008,-0.600162,0.425391,,,,,,,,,,,,-11.64186,0.49358,-2.26887,50.0,5.09001,8.56656,-127.55501,-0.32722,-19.02414,28.23268,-31.36746,FAL_COM,BRE_WHI,CCBLFalmouth,Cape Cod Baseball League,CCBL,20250615-CCBLFalmouth-2,9d5506d0-4a36-11f0-bf1d-4df1f6822eb9,88.60664,,,7.94078,,,,,,,9af88363-f99a-4f69-b601-f10dcb047521,2025-06-15,22:18:06.95,2025-06-15T18:18:06.9583360-04:00,2025-06-15T22:18:06.9583360Z,,v3,6099,6096,,"Rogers, Drew",811441,Right,BRE_WHI,dc387de8-aee5-44ac-b828-9c5bdde9780e,53.4541,-128.31725,14.11634,5.08741,0.51966,-15.68373,-2.50709,9.08019,-9.51207,,,,,,,,,,,,,,,,,,,,,,,,,,,,,,,,,,,,,,,,,,,,,,,,,,,High,High,High,,,,,,87.84089,0.48055,19.3584,1654.32286,19.3584,0.0983031912344892,0.20520632251542162,0.40827392127189194,103.92762526741475,0
29,2025-06-15,18:18:34.53,4,7,"Foster, Elijah",1000302010,Right,BRE_WHI,"Harrison, Connor",1000339305.0,Right,FAL_COM,Undefined,1,Bottom,1,3,2,Slider,Slider,StrikeSwinging,Strikeout,Undefined,Undefined,0,0,,82.97475,-0.713498,-2.360389,2425.467412,158.44137,11:15,5.10535,2.60186,6.58257,-26.7145,12.98591,-4.6215,2.22468,0.05238,75.77163,-5.77121,-3.199524,0.453491,,,,,,,,,,,,1.72937,7.42914,-2.43841,50.0,5.04518,5.13463,-120.51691,-2.21279,2.53084,24.50422,-21.30181,FAL_COM,BRE_WHI,CCBLFalmouth,Cape Cod Baseball League,CCBL,20250615-CCBLFalmouth-2,adc629e0-4a36-11f0-bf1d-4df1f6822eb9,83.11612,,,7.20312,,,,,,,9af88363-f99a-4f69-b601-f10dcb047521,2025-06-15,22:18:34.53,2025-06-15T18:18:34.5330176-04:00,2025-06-15T22:18:34.5330176Z,,v3,6099,6096,,"Rogers, Drew",811441,Right,BRE_WHI,ed8a0d96-d844-408d-a643-c67261154e91,53.91455,-121.31023,12.25211,5.10566,-1.52315,-10.65091,-2.60332,5.0527,1.26542,,,,,,,,,,,,,,,,,,,,,,,,,,,,,,,,,,,,,,,,,,,,,,,,,,,High,High,High,,,,,,82.97475,12.98591,-4.6215,2425.467412,-4.6215,0.5833227129551193,0.15996036246036463,0.40035012296546346,84.13779616106389,1
30,2025-06-15,18:19:18.14,5,1,"Foster, Elijah",1000302010,Right,BRE_WHI,"Morrison, Kyle",835275.0,Left,FAL_COM,Undefined,1,Bottom,2,0,0,Fastball,Four-Seam,StrikeCalled,Undefined,Undefined,Undefined,0,0,,92.28203,-1.476772,-2.223656,2439.607934,205.123627,12:45,5.42427,2.43774,6.77509,-12.92383,19.00647,8.40796,2.99757,1.10702,83.74812,-4.019088,-0.690684,0.406699,,,,,,,,,,,,-5.09103,10.79965,-2.29545,50.0,5.32243,4.87298,-134.04217,-3.72825,-9.19361,30.98625,-12.67156,FAL_COM,BRE_WHI,CCBLFalmouth,Cape Cod Baseball League,CCBL,20250615-CCBLFalmouth-2,c7c12a20-4a36-11f0-bf1d-4df1f6822eb9,92.67904,,,8.53391,,,,,,,9af88363-f99a-4f69-b601-f10dcb047521,2025-06-15,22:19:18.14,2025-06-15T18:19:18.1470208-04:00,2025-06-15T22:19:18.1470208Z,,v3,6099,6096,,"Rogers, Drew",811441,Right,BRE_WHI,f5a284ea-2336-4563-b417-6b544c0feda9,53.72217,-134.89987,15.49312,5.42078,-3.3775,-6.33578,-2.43385,5.12746,-4.5968,,,,,,,,,,,,,,,,,,,,,,,,,,,,,,,,,,,,,,,,,,,,,,,,,,,High,High,High,,,,,,92.28203,19.00647,8.40796,2439.607934,8.40796,-0.0818965104316081,0.18374319194258007,0.39580054955247945,110.0671804021447,0
31,2025-06-15,18:19:40.26,5,2,"Foster, Elijah",1000302010,Right,BRE_WHI,"Morrison, Kyle",835275.0,Left,FAL_COM,Undefined,1,Bottom,2,0,1,Sinker,Sinker,InPlay,Undefined,GroundBall,Out,1,0,,90.60337,-1.035401,-4.076161,1972.018684,242.826793,2:00,5.12204,2.67301,6.62838,-24.77316,8.25642,14.13776,2.10706,0.11259,83.24508,-5.698619,-1.510298,0.41364,94.01277,1.905359,-13.295967,2434.815056,,,,69.16628,63.85391,-16.057614,0.530471,-8.56918,4.9241,-2.40212,50.0,5.04149,8.84161,-131.55313,-3.12197,-15.08158,26.78265,-23.50773,FAL_COM,BRE_WHI,CCBLFalmouth,Cape Cod Baseball League,CCBL,20250615-CCBLFalmouth-2,d4f41220-4a36-11f0-bf1d-4df1f6822eb9,91.12369,2.37938,,7.35828,,,,1.13116,2.06216,-0.10927,9af88363-f99a-4f69-b601-f10dcb047521,2025-06-15,22:19:40.26,2025-06-15T18:19:40.2647040-04:00,2025-06-15T22:19:40.2647040Z,GroundBall,v3,6099,6096,,"Rogers, Drew",811441,Right,BRE_WHI,9325d31c-574d-4f92-a683-66255517a364,53.87269,-132.33921,13.39133,5.123,-2.43201,-11.75387,-2.66812,9.28427,-7.54079,90.372291,1.15181,133.59316,-19.79765,,,,,,,2.07122,4.35557,-15.60212,,,,,,,-0.09152,-32.14614,-7.12166,,,,,,,,,,,,,,,,,,,,,,,,,,,,,High,High,High,High,High,,,,90.60337,8.25642,14.13776,1972.018684,14.13776,0.1902496227274858,0.15735766770103676,0.3861465535206231,98.72230032639567,0
45,2025-06-15,18:30:22.87,1,1,"Foster, Elijah",1000302010,Right,BRE_WHI,"Niu, Maika",809569.0,Right,FAL_COM,Undefined,2,Bottom,0,0,0,Slider,Slider,BallCalled,Undefined,Undefined,Undefined,0,0,,83.76916,-1.107019,-4.155103,2497.148898,139.884921,10:45,5.18339,2.43488,6.6157,-28.80525,10.18245,-7.54272,1.76629,-2.00582,76.80007,-6.51437,-5.52045,0.449402,,,,,,,,,,,,2.7615,6.068,-2.14947,50.0,5.09618,9.09584,-121.47973,-3.14553,4.11169,24.5991,-23.13916,FAL_COM,BRE_WHI,CCBLFalmouth,Cape Cod Baseball League,CCBL,20250615-CCBLFalmouth-2,53fae160-4a38-11f0-bf1d-4df1f6822eb9,83.87238,,,6.9691,,,,,,,9af88363-f99a-4f69-b601-f10dcb047521,2025-06-15,22:30:22.87,2025-06-15T18:30:22.8780032-04:00,2025-06-15T22:30:22.8780032Z,,v3,6099,6096,,"Rogers, Drew",811441,Right,BRE_WHI,ef0acbe4-8d25-44ad-bf68-ad4d7df1b333,53.88227,-122.26334,12.29955,5.18464,-2.40842,-11.56958,-2.43714,8.96486,2.05585,,,,,,,,,,,,,,,,,,,,,,,,,,,,,,,,,,,,,,,,,,,,,,,,,,,High,High,High,,,,,,83.76916,10.18245,-7.54272,2497.148898,-7.54272,-0.0197817759115451,0.15996036246036463,0.40035012296546346,106.73443548763748,0
46,2025-06-15,18:30:44.30,1,2,"Foster, Elijah",1000302010,Right,BRE_WHI,"Niu, Maika",809569.0,Right,FAL_COM,Undefined,2,Bottom,0,1,0,Slider,Slider,StrikeSwinging,Undefined,Undefined,Undefined,0,0,,81.55353,-1.332885,-1.828605,2378.706594,145.355188,10:45,5.12107,2.4236,6.49476,-30.5851,10.13174,-6.1963,1.34793,0.22808,75.55618,-7.044606,-2.953276,0.45926,,,,,,,,,,,,2.81008,6.01012,-2.29283,50.0,5.01407,3.99781,-118.62924,-3.60743,4.03425,21.11329,-23.54575,FAL_COM,BRE_WHI,CCBLFalmouth,Cape Cod Baseball League,CCBL,20250615-CCBLFalmouth-2,60c40b10-4a38-11f0-bf1d-4df1f6822eb9,82.07217,,,5.99735,,,,,,,9af88363-f99a-4f69-b601-f10dcb047521,2025-06-15,22:30:44.30,2025-06-15T18:30:44.3051520-04:00,2025-06-15T22:30:44.3051520Z,,v3,6099,6096,,"Rogers, Drew",811441,Right,BRE_WHI,7b9ba666-c23a-4176-be73-25f92920e5b2,54.00609,-119.3401,10.55665,5.12218,-2.81467,-11.77288,-2.42515,3.86198,2.01712,,,,,,,,,,,,,,,,,,,,,,,,,,,,,,,,,,,,,,,,,,,,,,,,,,,High,High,High,,,,,,81.55353,10.13174,-6.1963,2378.706594,-6.1963,0.2124850267886716,0.15996036246036463,0.40035012296546346,98.03204765096932,1
47,2025-06-15,18:31:01.70,1,3,"Foster, Elijah",1000302010,Right,BRE_WHI,"Niu, Maika",809569.0,Right,FAL_COM,Undefined,2,Bottom,0,1,1,Slider,Slider,InPlay,Undefined,Popup,Out,1,0,,82.1781,-0.757847,-2.611055,2280.506755,148.924923,11:00,5.07652,2.48161,6.54967,-29.41163,10.50036,-5.66815,1.92984,-0.38675,76.29058,-6.258446,-3.639331,0.454698,77.58096,80.779025,-21.669178,,,,,,15.7051,,,2.36417,6.04437,-2.29876,50.0,5.01132,5.64259,-119.54166,-2.38984,3.45845,20.68362,-23.33198,FAL_COM,BRE_WHI,CCBLFalmouth,Cape Cod Baseball League,CCBL,20250615-CCBLFalmouth-2,6b2116c0-4a38-11f0-bf1d-4df1f6822eb9,82.89555,98.58738,,5.88752,,,,3.6539,1.52285,0.20384,9af88363-f99a-4f69-b601-f10dcb047521,2025-06-15,22:31:01.70,2025-06-15T18:31:01.7066496-04:00,2025-06-15T22:31:01.7066496Z,,v3,6099,6096,,"Rogers, Drew",811441,Right,BRE_WHI,a161781f-1799-4182-8f1b-1afab01ccd8b,53.95159,-120.22344,10.34181,5.07742,-1.62076,-11.66599,-2.48287,5.52859,1.72923,,3.6539,16.94298,-12.45168,3.9405,0.46931,-2.05905,1.82244,-0.80919,0.14844,1.52285,112.31498,-29.51942,3.74596,-0.82701,0.4081,-0.28779,0.12732,-0.02399,0.20385,-6.73319,-2.87168,1.12469,0.21491,-0.76325,0.67363,-0.29971,0.0551,,,,,,,,,,,,,,,,,,,,,,,High,High,High,Medium,Undefined,,,,82.1781,10.50036,-5.66815,2280.506755,-5.66815,0.1765526906975758,0.15996036246036463,0.40035012296546346,99.37833184185224,0
48,2025-06-15,18:31:47.82,2,1,"Foster, Elijah",1000302010,Right,BRE_WHI,"Newstrom, Chris",,Right,FAL_COM,Undefined,2,Bottom,1,0,0,Sinker,Sinker,BallCalled,Undefined,Undefined,Undefined,0,0,,90.95042,-1.520891,-2.582919,1850.671083,237.75955,2:00,5.29351,2.58058,6.63497,-22.50915,10.06323,14.45965,2.02361,1.41924,83.93655,-5.763837,0.048083,0.410767,,,,,,,,,,,,-8.2928,5.98784,-2.41136,50.0,5.18124,5.41659,-132.26544,-4.17633,-14.81105,26.04109,-21.47971,FAL_COM,BRE_WHI,CCBLFalmouth,Cape Cod Baseball League,CCBL,20250615-CCBLFalmouth-2,869dd500-4a38-11f0-bf1d-4df1f6822eb9,91.76101,,,7.01388,,,,,,,9af88363-f99a-4f69-b601-f10dcb047521,2025-06-15,22:31:47.82,2025-06-15T18:31:47.8257664-04:00,2025-06-15T22:31:47.8257664Z,,v3,6099,6096,,"Rogers, Drew",811441,Right,BRE_WHI,f8c1a884-4509-4d25-b05b-206f9c8d7a42,53.86596,-133.02442,13.02055,5.29384,-3.5503,-10.73986,-2.57552,5.84826,-7.40553,,,,,,,,,,,,,,,,,,,,,,,,,,,,,,,,,,,,,,,,,,,,,,,,,,,High,High,High,,,,,,90.95042,10.06323,14.45965,1850.671083,14.45965,-0.0178425232723376,0.15735766770103676,0.3861465535206231,106.8057136355103,0
49,2025-06-15,18:32:07.98,2,2,"Foster, Elijah",1000302010,Right,BRE_WHI,"Newstrom, Chris",,Right,FAL_COM,Undefined,2,Bottom,1,1,0,Sinker,Sinker,StrikeSwinging,Undefined,Undefined,Undefined,0,0,,90.57536,0.104574,-2.9696,1838.51327,240.704359,2:00,5.19829,2.47377,6.67894,-23.61682,9.24256,14.74623,3.32601,0.98374,83.22866,-4.360255,-0.28686,0.412573,,,,,,,,,,,,-8.53536,5.15347,-2.28034,50.0,5.19575,6.26558,-131.6951,-0.44943,-15.07929,26.40744,-23.06947,FAL_COM,BRE_WHI,CCBLFalmouth,Cape Cod Baseball League,CCBL,20250615-CCBLFalmouth-2,92a2eb60-4a38-11f0-bf1d-4df1f6822eb9,91.35939,,,7.3467,,,,,,,9af88363-f99a-4f69-b601-f10dcb047521,2025-06-15,22:32:07.98,2025-06-15T18:32:07.9860736-04:00,2025-06-15T22:32:07.9860736Z,,v3,6099,6096,,"Rogers, Drew",811441,Right,BRE_WHI,91dfa50a-ecf5-4784-8b44-562f140b13ae,53.8212,-132.45911,13.20372,5.1991,0.21801,-11.53473,-2.46793,6.70185,-7.53965,,,,,,,,,,,,,,,,,,,,,,,,,,,,,,,,,,,,,,,,,,,,,,,,,,,High,High,High,,,,,,90.57536,9.24256,14.74623,1838.51327,14.74623,-0.0571631400173674,0.15735766770103676,0.3861465535206231,108.33313695652137,1
50,2025-06-15,18:32:28.51,2,3,"Foster, Elijah",1000302010,Right,BRE_WHI,"Newstrom, Chris",,Right,FAL_COM,Undefined,2,Bottom,1,1,1,Sinker,Sinker,BallCalled,Undefined,Undefined,Undefined,0,0,,90.81631,-2.492045,-2.69777,1965.471805,242.417763,2:00,5.31401,2.55776,6.61325,-24.46635,8.5763,14.39733,0.98872,1.28484,83.21266,-7.094641,-0.078048,0.413722,,,,,,,,,,,,-8.413,5.53347,-2.38005,50.0,5.13417,5.67241,-131.88388,-6.47488,-14.78512,28.61966,-22.44943,FAL_COM,BRE_WHI,CCBLFalmouth,Cape Cod Baseball League,CCBL,20250615-CCBLFalmouth-2,9ed7c450-4a38-11f0-bf1d-4df1f6822eb9,91.10568,,,7.60366,,,,,,,9af88363-f99a-4f69-b601-f10dcb047521,2025-06-15,22:32:28.51,2025-06-15T18:32:28.5124096-04:00,2025-06-15T22:32:28.5124096Z,,v3,6099,6096,,"Rogers, Drew",811441,Right,BRE_WHI,8de17735-9a2d-4c57-b22e-d51c663088b5,53.88765,-132.72484,14.30983,5.31473,-5.81522,-11.22471,-2.55311,6.10686,-7.39256,,,,,,,,,,,,,,,,,,,,,,,,,,,,,,,,,,,,,,,,,,,,,,,,,,,High,High,High,,,,,,90.81631,8.5763,14.39733,1965.471805,14.39733,-0.2604884526654444,0.15735766770103676,0.3861465535206231,116.23138093128799,0
51,2025-06-15,18:32:50.42,2,4,"Foster, Elijah",1000302010,Right,BRE_WHI,"Newstrom, Chris",,Right,FAL_COM,Undefined,2,Bottom,1,2,1,Sinker,Sinker,InPlay,Undefined,GroundBall,Out,1,0,,90.75076,-0.734963,-3.366886,1942.425328,243.556097,2:00,5.28791,2.3909,6.63749,-23.86383,8.92941,16.00627,2.62522,0.63891,83.50629,-5.234214,-0.45778,0.412158,74.65755,-41.0226,-60.849571,,,,,5.10431,5.10431,-41.235601,0.037542,-9.35351,5.19166,-2.16944,50.0,5.2283,7.15717,-131.91193,-2.40137,-16.58292,26.43434,-22.96973,FAL_COM,BRE_WHI,CCBLFalmouth,Cape Cod Baseball League,CCBL,20250615-CCBLFalmouth-2,abe522f0-4a38-11f0-bf1d-4df1f6822eb9,91.45146,2.70752,,7.24447,,,,2.32252,2.70752,-0.64655,9af88363-f99a-4f69-b601-f10dcb047521,2025-06-15,22:32:50.42,2025-06-15T18:32:50.4244736-04:00,2025-06-15T22:32:50.4244736Z,GroundBall,v3,6099,6096,,"Rogers, Drew",811441,Right,BRE_WHI,1ae7b271-f69c-400a-a9d4-dc118e87767c,53.86393,-132.68398,13.21717,5.28864,-1.73051,-11.48487,-2.38555,7.64149,-8.29146,,2.32167,40.38015,,,,,,,,2.70904,-72.11989,,,,,,,,-0.64503,-72.39879,,,,,,,,,,,,,,,,,,,,,,,,,,,,,,High,High,High,Estimated,Estimated,,,,90.75076,8.92941,16.00627,1942.425328,16.00627,-0.1272940719091252,0.15735766770103676,0.3861465535206231,111.05739791077636,0
52,2025-06-15,18:33:32.57,3,1,"Foster, Elijah",1000302010,Right,BRE_WHI,"Quatrani, Mark",805544.0,Right,FAL_COM,Undefined,2,Bottom,2,0,0,Sinker,Sinker,BallCalled,Undefined,Undefined,Undefined,0,0,,90.08834,-1.36869,-2.572027,1973.651193,240.891137,2:00,5.32088,2.33362,6.58536,-23.46938,10.06162,16.17174,2.10935,1.32272,82.47696,-5.803248,0.367901,0.416768,,,,,,,,,,,,-9.21713,5.99626,-2.16362,50.0,5.21719,5.25548,-130.91303,-3.8195,-15.98691,27.77681,-21.7737,FAL_COM,BRE_WHI,CCBLFalmouth,Cape Cod Baseball League,CCBL,20250615-CCBLFalmouth-2,c50b6e10-4a38-11f0-bf1d-4df1f6822eb9,90.43975,,,7.61138,,,,,,,9af88363-f99a-4f69-b601-f10dcb047521,2025-06-15,22:33:32.57,2025-06-15T18:33:32.5790208-04:00,2025-06-15T22:33:32.5790208Z,,v3,6099,6096,,"Rogers, Drew",811441,Right,BRE_WHI,a3bea838-c6b6-412d-a501-53f3eca2954c,53.91449,-131.74098,13.88841,5.32136,-3.17049,-10.88685,-2.32737,5.73201,-7.99345,,,,,,,,,,,,,,,,,,,,,,,,,,,,,,,,,,,,,,,,,,,,,,,,,,,High,High,High,,,,,,90.08834,10.06162,16.17174,1973.651193,16.17174,-0.0807806637954785,0.15735766770103676,0.3861465535206231,109.25056805474493,0
53,2025-06-15,18:33:55.56,3,2,"Foster, Elijah",1000302010,Right,BRE_WHI,"Quatrani, Mark",805544.0,Right,FAL_COM,Undefined,2,Bottom,2,1,0,ChangeUp,Changeup,BallCalled,Undefined,Undefined,Undefined,0,0,,87.02804,1.459863,-3.464722,1815.103251,237.279885,2:00,5.1825,2.47734,6.6318,-25.79781,10.25508,14.14639,4.37203,0.48013,79.09712,-3.436715,-0.896938,0.432157,,,,,,,,,,,,-8.38886,5.32969,-2.24761,50.0,5.27089,7.10608,-126.29638,2.4999,-13.49986,26.60308,-23.5972,FAL_COM,BRE_WHI,CCBLFalmouth,Cape Cod Baseball League,CCBL,20250615-CCBLFalmouth-2,d2a75110-4a38-11f0-bf1d-4df1f6822eb9,87.21934,,,7.93092,,,,,,,9af88363-f99a-4f69-b601-f10dcb047521,2025-06-15,22:33:55.56,2025-06-15T18:33:55.5676672-04:00,2025-06-15T22:33:55.5676672Z,,v3,6099,6096,,"Rogers, Drew",811441,Right,BRE_WHI,b40bf652-58e7-4a29-8e2c-227d8d6b8b56,53.86617,-127.10814,13.30154,5.18362,3.21993,-11.7986,-2.47073,7.51802,-6.74993,,,,,,,,,,,,,,,,,,,,,,,,,,,,,,,,,,,,,,,,,,,,,,,,,,,High,High,High,,,,,,87.02804,10.25508,14.14639,1815.103251,14.14639,0.2373307222237977,0.20520632251542162,0.40827392127189194,98.81974828535586,0
54,2025-06-15,18:34:16.94,3,3,"Foster, Elijah",1000302010,Right,BRE_WHI,"Quatrani, Mark",805544.0,Right,FAL_COM,Undefined,2,Bottom,2,2,0,Slider,Slider,StrikeSwinging,Undefined,Undefined,Undefined,0,0,,82.45153,-0.609686,-2.346846,2347.441481,107.05111,9:30,5.16152,2.51667,6.50067,-35.61537,4.83764,-11.45323,1.63347,-0.59305,75.3557,-7.261684,-4.424125,0.45777,,,,,,,,,,,,5.31225,3.10673,-2.34776,50.0,5.10346,5.31422,-119.76349,-2.30233,7.64422,25.12616,-27.7035,FAL_COM,BRE_WHI,CCBLFalmouth,Cape Cod Baseball League,CCBL,20250615-CCBLFalmouth-2,df808050-4a38-11f0-bf1d-4df1f6822eb9,82.33934,,,7.09583,,,,,,,9af88363-f99a-4f69-b601-f10dcb047521,2025-06-15,22:34:16.94,2025-06-15T18:34:16.9499136-04:00,2025-06-15T22:34:16.9499136Z,,v3,6099,6096,,"Rogers, Drew",811441,Right,BRE_WHI,9e741cf7-e74a-4b58-bc9c-12c98de84f95,53.99865,-120.59949,12.56308,5.16473,-1.38059,-13.85175,-2.52034,5.05988,3.82211,,,,,,,,,,,,,,,,,,,,,,,,,,,,,,,,,,,,,,,,,,,,,,,,,,,High,High,High,,,,,,82.45153,4.83764,-11.45323,2347.441481,-11.45323,0.1602378675338337,0.15996036246036463,0.40035012296546346,99.98960266061316,1
55,2025-06-15,18:34:39.48,3,4,"Foster, Elijah",1000302010,Right,BRE_WHI,"Quatrani, Mark",805544.0,Right,FAL_COM,Undefined,2,Bottom,2,2,1,Slider,Slider,BallCalled,Undefined,Undefined,Undefined,0,0,,83.99707,-3.066584,-2.430926,2392.152152,147.853456,11:00,5.03634,2.50557,6.53505,-29.31757,9.06402,-5.01355,-0.22488,-0.14336,78.11632,-8.508057,-3.341615,0.445895,,,,,,,,,,,,2.07008,5.84886,-2.33471,50.0,4.81043,5.34869,-122.04611,-7.37142,3.14815,22.1558,-23.2791,FAL_COM,BRE_WHI,CCBLFalmouth,Cape Cod Baseball League,CCBL,20250615-CCBLFalmouth-2,eceb8f50-4a38-11f0-bf1d-4df1f6822eb9,84.53203,,,5.88075,,,,,,,9af88363-f99a-4f69-b601-f10dcb047521,2025-06-15,22:34:39.48,2025-06-15T18:34:39.4813440-04:00,2025-06-15T22:34:39.4813440Z,,v3,6099,6096,,"Rogers, Drew",811441,Right,BRE_WHI,8b7d71f8-4a83-414e-92f5-547101592f1f,53.96751,-122.76424,11.0779,5.03713,-6.61688,-11.63955,-2.50642,5.24665,1.57407,,,,,,,,,,,,,,,,,,,,,,,,,,,,,,,,,,,,,,,,,,,,,,,,,,,High,High,High,,,,,,83.99707,9.06402,-5.01355,2392.152152,-5.01355,0.2188698063236079,0.15996036246036463,0.40035012296546346,97.79282780931011,0
56,2025-06-15,18:35:11.57,3,5,"Foster, Elijah",1000302010,Right,BRE_WHI,"Quatrani, Mark",805544.0,Right,FAL_COM,Undefined,2,Bottom,2,3,1,Slider,Slider,FoulBallNotFieldable,Undefined,Undefined,Undefined,0,0,,84.11702,0.459655,-3.071558,2341.802518,162.869949,11:30,5.00189,2.85341,6.52504,-29.69352,9.00347,-2.39606,2.94975,-0.16692,76.8235,-5.130925,-3.505569,0.447724,,,,,,,,,,,,0.37551,4.94118,-2.63873,50.0,5.02097,6.63988,-122.15794,0.14407,0.56496,25.04315,-24.74013,FAL_COM,BRE_WHI,CCBLFalmouth,Cape Cod Baseball League,CCBL,20250615-CCBLFalmouth-2,000cb730-4a39-11f0-bf1d-4df1f6822eb9,84.18685,,,7.29352,,,,,,,9af88363-f99a-4f69-b601-f10dcb047521,2025-06-15,22:35:11.57,2025-06-15T18:35:11.5777024-04:00,2025-06-15T22:35:11.5777024Z,,v3,6099,6096,,"Rogers, Drew",811441,Right,BRE_WHI,f010169b-0a39-411b-bcef-0dd5956fe60d,53.97475,-122.97009,12.52157,5.00329,0.9464,-12.37006,-2.85376,6.62156,0.28248,,,,,,,,,,,,,,,,,,,,,,,,,,,,,,,,,,,,,,,,,,,,,,,,,,,High,High,High,,,,,,84.11702,9.00347,-2.39606,2341.802518,-2.39606,0.1915850713394169,0.15996036246036463,0.40035012296546346,98.81511055954714,0
57,2025-06-15,18:35:43.25,3,6,"Foster, Elijah",1000302010,Right,BRE_WHI,"Quatrani, Mark",805544.0,Right,FAL_COM,Undefined,2,Bottom,2,3,2,Sinker,Sinker,BallCalled,Walk,Undefined,Undefined,0,0,,91.36819,-2.047858,-5.649227,1832.492948,241.329358,2:00,5.17268,2.4564,6.7594,-26.46057,5.73016,8.87575,1.08731,-1.98043,84.90339,-6.983402,-4.04097,0.408354,,,,,,,,,,,,-5.97398,3.83626,-2.0883,50.0,5.02816,12.75086,-132.3829,-5.5633,-10.76679,24.13252,-25.26008,FAL_COM,BRE_WHI,CCBLFalmouth,Cape Cod Baseball League,CCBL,20250615-CCBLFalmouth-2,12d2c6c0-4a39-11f0-bf1d-4df1f6822eb9,92.30337,,,6.4648,,,,,,,9af88363-f99a-4f69-b601-f10dcb047521,2025-06-15,22:35:43.25,2025-06-15T18:35:43.2552448-04:00,2025-06-15T22:35:43.2552448Z,,v3,6099,6096,,"Rogers, Drew",811441,Right,BRE_WHI,d582ef92-6801-4369-895c-1f402fdfcd10,53.74015,-133.06296,12.06626,5.17491,-4.85147,-12.63004,-2.4519,13.05427,-5.3834,,,,,,,,,,,,,,,,,,,,,,,,,,,,,,,,,,,,,,,,,,,,,,,,,,,High,High,High,,,,,,91.36819,5.73016,8.87575,1832.492948,8.87575,0.8473978741745803,0.15735766770103676,0.3861465535206231,73.19514313222957,0
58,2025-06-15,18:36:49.58,4,1,"Foster, Elijah",1000302010,Right,BRE_WHI,"Royo, Ben",809786.0,Right,FAL_COM,Undefined,2,Bottom,2,0,0,Sinker,Changeup,StrikeCalled,Undefined,Undefined,Undefined,0,0,,89.47156,-0.582722,-4.004756,1711.422807,245.622086,2:15,5.09844,2.52703,6.52086,-26.57623,7.27437,13.90225,2.34778,0.00516,82.54828,-5.560076,-1.486734,0.41875,,,,,,,,,,,,-8.28843,4.27213,-2.25349,50.0,5.04625,8.56263,-129.95333,-2.13925,-14.30878,24.80445,-24.79886,FAL_COM,BRE_WHI,CCBLFalmouth,Cape Cod Baseball League,CCBL,20250615-CCBLFalmouth-2,3a7f06c0-4a39-11f0-bf1d-4df1f6822eb9,90.01182,,,6.92328,,,,,,,9af88363-f99a-4f69-b601-f10dcb047521,2025-06-15,22:36:49.58,2025-06-15T18:36:49.5859200-04:00,2025-06-15T22:36:49.5859200Z,,v3,6099,6096,,"Rogers, Drew",811441,Right,BRE_WHI,b062317d-14f0-42b6-a5b6-df5c6f2140d6,53.97982,-130.71076,12.40222,5.10002,-1.38199,-12.39943,-2.52163,8.99957,-7.15439,,,,,,,,,,,,,,,,,,,,,,,,,,,,,,,,,,,,,,,,,,,,,,,,,,,High,High,High,,,,,,89.47156,7.27437,13.90225,1711.422807,13.90225,-0.3727743211460139,0.15735766770103676,0.3861465535206231,120.59316536741034,0
59,2025-06-15,18:37:08.85,4,2,"Foster, Elijah",1000302010,Right,BRE_WHI,"Royo, Ben",809786.0,Right,FAL_COM,Undefined,2,Bottom,2,0,1,ChangeUp,Changeup,StrikeCalled,Undefined,Undefined,Undefined,0,0,,88.85675,-1.161189,-4.98599,1867.968314,259.348157,2:45,4.97448,2.72534,6.65851,-29.9449,4.31591,17.60284,1.41228,-0.38201,81.98861,-6.756344,-1.793231,0.421279,,,,,,,,,,,,-10.56005,2.88445,-2.39607,50.0,4.88414,10.59214,-128.91224,-3.53042,-17.91675,24.72982,-27.28014,FAL_COM,BRE_WHI,CCBLFalmouth,Cape Cod Baseball League,CCBL,20250615-CCBLFalmouth-2,45f46040-4a39-11f0-bf1d-4df1f6822eb9,89.47135,,,6.86814,,,,,,,9af88363-f99a-4f69-b601-f10dcb047521,2025-06-15,22:37:08.85,2025-06-15T18:37:08.8539136-04:00,2025-06-15T22:37:08.8539136Z,,v3,6099,6096,,"Rogers, Drew",811441,Right,BRE_WHI,6cea82c8-b58d-4c29-9fe8-76aa12bca57f,53.84325,-129.64741,12.36491,4.97704,-2.71943,-13.64007,-2.71887,11.12477,-8.95837,,,,,,,,,,,,,,,,,,,,,,,,,,,,,,,,,,,,,,,,,,,,,,,,,,,High,High,High,,,,,,88.85675,4.31591,17.60284,1867.968314,17.60284,0.2559203171368417,0.20520632251542162,0.40827392127189194,98.13676583370432,0
60,2025-06-15,18:37:50.83,4,3,"Foster, Elijah",1000302010,Right,BRE_WHI,"Royo, Ben",809786.0,Right,FAL_COM,Undefined,2,Bottom,2,0,2,Slider,Slider,InPlay,Undefined,GroundBall,Out,1,0,,81.75,-1.706422,-3.382427,2246.357491,147.202415,11:00,5.10907,2.65505,6.46333,-31.99435,8.65756,-4.83823,0.87231,-0.85855,75.89862,-7.649193,-4.258122,0.458894,60.57807,-54.283553,139.017799,,,,,3.26254,3.26254,22.406117,0.016149,1.69878,5.31422,-2.41393,50.0,4.97395,7.18338,-118.75503,-4.44501,2.44601,20.97926,-24.52226,FAL_COM,BRE_WHI,CCBLFalmouth,Cape Cod Baseball League,CCBL,20250615-CCBLFalmouth-2,5efbd8c0-4a39-11f0-bf1d-4df1f6822eb9,82.13766,1.16762,,5.85137,,,,3.65,1.16762,0.693,9af88363-f99a-4f69-b601-f10dcb047521,2025-06-15,22:37:50.83,2025-06-15T18:37:50.8391424-04:00,2025-06-15T22:37:50.8391424Z,GroundBall,v3,6099,6096,,"Rogers, Drew",811441,Right,BRE_WHI,3018d6df-0e63-4e92-b8d9-ea7da36803a3,54.03777,-119.46622,10.48963,5.11054,-3.61372,-12.26113,-2.65603,7.10046,1.22301,,3.65024,-39.24576,,,,,,,,1.16805,-72.30391,,,,,,,,0.69279,34.09442,,,,,,,,,,,,,,,,,,,,,,,,,,,,,,High,High,High,Estimated,Estimated,,,,81.75,8.65756,-4.83823,2246.357491,-4.83823,0.403343386530439,0.15996036246036463,0.40035012296546346,90.88111842202169,0
79,2025-06-15,18:51:06.99,1,1,"Foster, Elijah",1000302010,Right,BRE_WHI,"Morales, Antonio",822655.0,Left,FAL_COM,Undefined,3,Bottom,0,0,0,Sinker,Sinker,BallCalled,Undefined,Undefined,Undefined,0,0,,90.27642,-2.17467,-5.440406,1934.606474,248.051191,2:15,5.12535,2.34516,6.57179,-27.33667,6.01406,12.52446,0.84397,-1.61296,83.48245,-7.268394,-3.176348,0.415646,,,,,,,,,,,,-7.96402,4.0076,-1.97533,50.0,4.96366,11.98127,-130.78736,-5.83178,-13.92927,25.05828,-25.16463,FAL_COM,BRE_WHI,CCBLFalmouth,Cape Cod Baseball League,CCBL,20250615-CCBLFalmouth-2,39874e60-4a3b-11f0-bf1d-4df1f6822eb9,90.68389,,,6.79397,,,,,,,9af88363-f99a-4f69-b601-f10dcb047521,2025-06-15,22:51:06.99,2025-06-15T18:51:06.9967872-04:00,2025-06-15T22:51:06.9967872Z,,v3,6099,6096,,"Rogers, Drew",811441,Right,BRE_WHI,051dc2c1-94d6-4bf4-8d5d-8c188c952343,53.92944,-131.53807,12.52914,5.12707,-5.07789,-12.58231,-2.34053,12.39857,-6.96464,,,,,,,,,,,,,,,,,,,,,,,,,,,,,,,,,,,,,,,,,,,,,,,,,,,High,High,High,,,,,,90.27642,6.01406,12.52446,1934.606474,12.52446,-0.3519550010700131,0.15735766770103676,0.3861465535206231,119.78443148569428,0
80,2025-06-15,18:51:38.05,1,2,"Foster, Elijah",1000302010,Right,BRE_WHI,"Morales, Antonio",822655.0,Left,FAL_COM,Undefined,3,Bottom,0,1,0,Sinker,Changeup,BallCalled,Undefined,Undefined,Undefined,0,0,,87.53814,1.993501,-2.405159,1865.912769,247.730933,2:15,5.25646,2.31315,6.60971,-28.48289,6.74867,14.01572,4.71119,1.2768,80.44473,-3.363885,0.141202,0.427206,,,,,,,,,,,,-7.9715,3.35988,-2.15463,50.0,5.38045,4.81984,-127.26597,3.5914,-13.17337,24.25683,-26.62162,FAL_COM,BRE_WHI,CCBLFalmouth,Cape Cod Baseball League,CCBL,20250615-CCBLFalmouth-2,4beffbb0-4a3b-11f0-bf1d-4df1f6822eb9,88.23015,,,7.09341,,,,,,,9af88363-f99a-4f69-b601-f10dcb047521,2025-06-15,22:51:38.05,2025-06-15T18:51:38.0539392-04:00,2025-06-15T22:51:38.0539392Z,,v3,6099,6096,,"Rogers, Drew",811441,Right,BRE_WHI,3b651cb3-a921-4ce0-8e3e-4f15fafc5f50,53.89063,-128.00537,12.12842,5.25861,4.40289,-13.31081,-2.30767,5.2214,-6.58669,,,,,,,,,,,,,,,,,,,,,,,,,,,,,,,,,,,,,,,,,,,,,,,,,,,High,High,High,,,,,,87.53814,6.74867,14.01572,1865.912769,14.01572,0.0165481699484408,0.15735766770103676,0.3861465535206231,105.46979494451486,0
81,2025-06-15,18:51:56.91,1,3,"Foster, Elijah",1000302010,Right,BRE_WHI,"Morales, Antonio",822655.0,Left,FAL_COM,Undefined,3,Bottom,0,2,0,Sinker,Changeup,StrikeSwinging,Undefined,Undefined,Undefined,0,0,,88.76545,-2.128316,-4.344789,1761.761251,247.359526,2:15,5.13108,2.40064,6.69915,-27.27986,6.82229,14.07993,0.90513,-0.40653,82.39188,-7.226076,-1.785754,0.420303,,,,,,,,,,,,-8.57808,4.39721,-2.11682,50.0,4.97814,9.29507,-128.89298,-5.60161,-14.61305,23.61897,-24.68321,FAL_COM,BRE_WHI,CCBLFalmouth,Cape Cod Baseball League,CCBL,20250615-CCBLFalmouth-2,573cbe90-4a3b-11f0-bf1d-4df1f6822eb9,89.67928,,,6.37358,,,,,,,9af88363-f99a-4f69-b601-f10dcb047521,2025-06-15,22:51:56.91,2025-06-15T18:51:56.9108480-04:00,2025-06-15T22:51:56.9108480Z,,v3,6099,6096,,"Rogers, Drew",811441,Right,BRE_WHI,ca5e3de5-b9a1-461c-8c4a-3273ebd2b312,53.80354,-129.58808,11.80949,5.13231,-4.87519,-12.34161,-2.3967,9.72513,-7.30653,,,,,,,,,,,,,,,,,,,,,,,,,,,,,,,,,,,,,,,,,,,,,,,,,,,High,High,High,,,,,,88.76545,6.82229,14.07993,1761.761251,14.07993,-0.0543178730052099,0.15735766770103676,0.3861465535206231,108.22261154902196,1
82,2025-06-15,18:52:17.88,1,4,"Foster, Elijah",1000302010,Right,BRE_WHI,"Morales, Antonio",822655.0,Left,FAL_COM,Undefined,3,Bottom,0,2,1,Slider,Slider,StrikeSwinging,Undefined,Undefined,Undefined,0,0,,83.39396,0.171989,-1.682708,2416.776856,177.626997,12:00,5.2091,2.58409,6.37759,-25.27927,13.63079,-0.52102,3.2608,0.99212,77.2443,-4.579518,-1.777011,0.448955,,,,,,,,,,,,-0.13177,7.41406,-2.46256,50.0,5.20954,3.58378,-121.34548,-0.34245,-0.19912,20.7578,-20.97099,FAL_COM,BRE_WHI,CCBLFalmouth,Cape Cod Baseball League,CCBL,20250615-CCBLFalmouth-2,63b09c50-4a3b-11f0-bf1d-4df1f6822eb9,83.95602,,,6.14966,,,,,,,9af88363-f99a-4f69-b601-f10dcb047521,2025-06-15,22:52:17.88,2025-06-15T18:52:17.8820608-04:00,2025-06-15T22:52:17.8820608Z,,v3,6099,6096,,"Rogers, Drew",811441,Right,BRE_WHI,3b43d677-b0a8-4ef8-8857-492429693e53,54.1218,-122.04853,10.3789,5.20911,0.36782,-10.4855,-2.58406,3.59053,-0.09956,,,,,,,,,,,,,,,,,,,,,,,,,,,,,,,,,,,,,,,,,,,,,,,,,,,High,High,High,,,,,,83.39396,13.63079,-0.52102,2416.776856,-0.52102,-0.1207380541857516,0.15996036246036463,0.40035012296546346,110.5169850292639,1
83,2025-06-15,18:52:41.16,1,5,"Foster, Elijah",1000302010,Right,BRE_WHI,"Morales, Antonio",822655.0,Left,FAL_COM,Undefined,3,Bottom,0,2,2,Sinker,Sinker,InPlay,Undefined,GroundBall,Single,0,0,,89.92246,-1.217604,-4.003612,1809.90508,234.593417,1:45,5.10245,2.39325,6.48165,-23.86017,9.36075,11.97544,1.99321,-0.29088,83.86237,-5.672683,-1.836544,0.414837,91.88271,-14.874324,9.017158,,,,,8.42755,8.24991,9.565546,0.056469,-7.20524,5.44618,-2.11676,50.0,5.00587,8.70221,-130.71488,-3.51154,-12.72595,22.17305,-22.55497,FAL_COM,BRE_WHI,CCBLFalmouth,Cape Cod Baseball League,CCBL,20250615-CCBLFalmouth-2,71a61100-4a3b-11f0-bf1d-4df1f6822eb9,90.86091,1.95643,,6.06009,,,,1.0353,1.95643,0.24596,9af88363-f99a-4f69-b601-f10dcb047521,2025-06-15,22:52:41.16,2025-06-15T18:52:41.1609600-04:00,2025-06-15T22:52:41.1609600Z,GroundBall,v3,6099,6096,,"Rogers, Drew",811441,Right,BRE_WHI,c1ee712d-609b-453f-84c1-3bfce9f8b4bc,54.02086,-131.39516,11.08652,5.103,-2.81954,-11.27748,-2.38974,9.09265,-6.36298,180.0,1.03352,128.83217,,,,,,,,1.95692,-34.64595,,,,,,,,0.24568,20.44456,,,,,,,,,,,,,,,,,,,,,,,,,,,,,,High,High,High,High,High,,,,89.92246,9.36075,11.97544,1809.90508,11.97544,-0.2288008206968537,0.15735766770103676,0.3861465535206231,115.00046361454577,0
84,2025-06-15,18:54:06.14,2,1,"Foster, Elijah",1000302010,Right,BRE_WHI,"Osterhouse, Justin",835276.0,Left,FAL_COM,Undefined,3,Bottom,0,0,0,Sinker,Changeup,StrikeCalled,Undefined,Undefined,Undefined,0,0,,88.85631,0.336603,-2.856068,1698.191315,260.665671,2:45,4.93725,2.57505,6.7173,-30.00533,3.96882,18.2834,2.74488,1.48583,82.00576,-5.290242,0.474763,0.419513,,,,,,,,,,,,-10.37103,2.32236,-2.39229,50.0,4.94791,5.77062,-129.28307,-0.14232,-17.70983,24.69394,-28.20836,FAL_COM,BRE_WHI,CCBLFalmouth,Cape Cod Baseball League,CCBL,20250615-CCBLFalmouth-2,a431d320-4a3b-11f0-bf1d-4df1f6822eb9,89.84802,,,6.85055,,,,,,,9af88363-f99a-4f69-b601-f10dcb047521,2025-06-15,22:54:06.14,2025-06-15T18:54:06.1410304-04:00,2025-06-15T22:54:06.1410304Z,,v3,6099,6096,,"Rogers, Drew",811441,Right,BRE_WHI,0e8ce6be-af23-4976-98fd-cdca5bb055f9,53.78444,-130.00391,12.34697,4.94005,0.68112,-14.10418,-2.56829,6.28759,-8.85491,,,,,,,,,,,,,,,,,,,,,,,,,,,,,,,,,,,,,,,,,,,,,,,,,,,High,High,High,,,,,,88.85631,3.96882,18.2834,1698.191315,18.2834,0.0156896287214741,0.15735766770103676,0.3861465535206231,105.50314528336182,0
85,2025-06-15,18:54:44.29,2,2,"Foster, Elijah",1000302010,Right,BRE_WHI,"Osterhouse, Justin",835276.0,Left,FAL_COM,Undefined,3,Bottom,0,0,1,Sinker,Sinker,FoulBallNotFieldable,Undefined,Undefined,Undefined,0,0,,90.03144,-0.538826,-3.189038,1862.040123,242.059366,2:00,5.03595,2.5824,6.4701,-23.12344,10.3543,17.68253,2.61336,1.12412,82.91047,-4.893425,0.015089,0.416437,72.44916,17.623799,-168.891135,2301.830878,,,,129.52549,40.81099,-170.822028,1.472894,-10.11193,5.86055,-2.36505,50.0,4.9875,6.6118,-130.87914,-1.9265,-17.6758,25.61134,-21.92972,FAL_COM,BRE_WHI,CCBLFalmouth,Cape Cod Baseball League,CCBL,20250615-CCBLFalmouth-2,bb0fb4e0-4a3b-11f0-bf1d-4df1f6822eb9,90.51171,12.83006,,7.12097,,,,1.25201,2.40593,-1.0187,9af88363-f99a-4f69-b601-f10dcb047521,2025-06-15,22:54:44.29,2025-06-15T18:54:44.2948096-04:00,2025-06-15T22:54:44.2948096Z,LineDrive,v3,6099,6096,,"Rogers, Drew",811441,Right,BRE_WHI,e45e0153-4724-4e9b-9d48-248455502ddb,54.0314,-131.66567,12.80567,5.03632,-1.25303,-10.96486,-2.57643,7.15463,-8.8379,24.83585,1.24633,-99.31133,7.91074,,,,,,,2.70851,29.31036,-21.27074,,,,,,,-1.10553,-18.68098,3.70343,,,,,,,,,,,,,,,,,,,,,,,,,,,,,High,High,High,High,Medium,,,,90.03144,10.3543,17.68253,1862.040123,17.68253,-0.0902958503639847,0.15735766770103676,0.3861465535206231,109.62018885603474,0
86,2025-06-15,18:55:30.84,2,3,"Foster, Elijah",1000302010,Right,BRE_WHI,"Osterhouse, Justin",835276.0,Left,FAL_COM,Undefined,3,Bottom,0,0,2,Sinker,Changeup,InPlay,Undefined,LineDrive,Out,1,0,,89.61359,0.453455,-3.644604,1788.438235,261.942323,2:45,5.00207,2.63231,6.35262,-30.32336,3.50567,18.14013,2.89336,0.7848,82.85082,-5.185561,-0.36673,0.418616,96.32409,18.108832,-1.707742,2093.500665,109.77225,34.08912,-7.07304,351.44877,340.94167,-7.648988,3.980857,-10.38268,1.99492,-2.37607,50.0,5.02063,7.59308,-130.26022,0.04737,-18.05837,24.21333,-28.7043,FAL_COM,BRE_WHI,CCBLFalmouth,Cape Cod Baseball League,CCBL,20250615-CCBLFalmouth-2,d6c843a0-4a3b-11f0-bf1d-4df1f6822eb9,90.04052,45.46376,,6.76277,,,,1.1143,2.8861,-0.77169,9af88363-f99a-4f69-b601-f10dcb047521,2025-06-15,22:55:30.84,2025-06-15T18:55:30.8401152-04:00,2025-06-15T22:55:30.8401152Z,LineDrive,v3,6099,6096,,"Rogers, Drew",811441,Right,BRE_WHI,09fc81d3-f41f-4449-8666-81e575866cc1,54.14996,-131.02936,12.10666,5.00464,0.95916,-14.35215,-2.62637,8.16671,-9.02919,161.684296,1.11424,134.21849,-22.93006,5.14867,-1.04949,0.1898,-0.02629,0.00209,-5e-05,2.88612,43.91204,-10.82941,-0.58032,0.25004,-0.05017,0.00267,0.00107,-0.00015,-0.77171,-4.00141,-3.5439,0.73482,-0.1373,0.02252,-0.00274,0.00015,0.0,,,,,,,,,,,,,,,,,,,,,,,High,High,High,High,High,,,,89.61359,3.50567,18.14013,1788.438235,18.14013,0.1490578679148229,0.15735766770103676,0.3861465535206231,100.32240867012311,0
87,2025-06-15,18:57:22.35,3,1,"Foster, Elijah",1000302010,Right,BRE_WHI,"Moran, Landon",701335.0,Left,FAL_COM,Undefined,3,Bottom,1,0,0,Fastball,Four-Seam,BallCalled,Undefined,Undefined,Undefined,0,0,,92.14992,-0.736022,-2.45105,2298.594893,193.765012,12:30,5.44171,2.32122,6.7434,-11.41331,20.46123,4.76528,3.8175,0.47762,84.04189,-2.993251,-1.583285,0.406344,,,,,,,,,,,,-3.19386,11.30221,-2.16164,50.0,5.38812,5.5444,-133.91681,-1.93865,-5.79312,29.23784,-11.67375,FAL_COM,BRE_WHI,CCBLFalmouth,Cape Cod Baseball League,CCBL,20250615-CCBLFalmouth-2,1922ce50-4a3c-11f0-bf1d-4df1f6822eb9,92.76,,,8.10803,,,,,,,9af88363-f99a-4f69-b601-f10dcb047521,2025-06-15,22:57:22.35,2025-06-15T18:57:22.3502848-04:00,2025-06-15T22:57:22.3502848Z,,v3,6099,6096,,"Rogers, Drew",811441,Right,BRE_WHI,92910bc7-19f9-4481-87bd-7cada65283d1,53.75422,-134.73397,14.61892,5.43774,-1.61238,-5.83687,-2.31886,5.70632,-2.89656,,,,,,,,,,,,,,,,,,,,,,,,,,,,,,,,,,,,,,,,,,,,,,,,,,,High,High,High,,,,,,92.14992,20.46123,4.76528,2298.594893,4.76528,0.3613610189544944,0.18374319194258007,0.39580054955247945,93.26866168278157,0
88,2025-06-15,18:57:39.94,3,2,"Foster, Elijah",1000302010,Right,BRE_WHI,"Moran, Landon",701335.0,Left,FAL_COM,Undefined,3,Bottom,1,1,0,ChangeUp,Changeup,BallCalled,Undefined,Undefined,Undefined,0,0,,86.86763,-2.361379,-4.133773,1707.904805,259.980188,2:45,4.9706,2.46984,6.84223,-31.35088,4.26154,18.14084,0.19785,0.20544,80.30917,-8.223439,-0.822537,0.429509,,,,,,,,,,,,-10.8993,3.13969,-2.21167,50.0,4.80733,8.51318,-126.14357,-6.09536,-17.65589,24.37245,-27.08805,FAL_COM,BRE_WHI,CCBLFalmouth,Cape Cod Baseball League,CCBL,20250615-CCBLFalmouth-2,23b36d20-4a3c-11f0-bf1d-4df1f6822eb9,87.75708,,,6.55845,,,,,,,9af88363-f99a-4f69-b601-f10dcb047521,2025-06-15,22:57:39.94,2025-06-15T18:57:39.9470592-04:00,2025-06-15T22:57:39.9470592Z,,v3,6099,6096,,"Rogers, Drew",811441,Right,BRE_WHI,ef1db912-8a6c-4d93-9359-3b5c915f649c,53.66121,-126.84898,12.18623,4.9724,-5.31135,-13.54402,-2.46546,9.0242,-8.82795,,,,,,,,,,,,,,,,,,,,,,,,,,,,,,,,,,,,,,,,,,,,,,,,,,,High,High,High,,,,,,86.86763,4.26154,18.14084,1707.904805,18.14084,0.3916228555007548,0.20520632251542162,0.40827392127189194,93.15104921208567,0
89,2025-06-15,18:58:02.36,3,3,"Foster, Elijah",1000302010,Right,BRE_WHI,"Moran, Landon",701335.0,Left,FAL_COM,Undefined,3,Bottom,1,2,0,Sinker,Sinker,BallCalled,Undefined,Undefined,Undefined,0,0,,87.95758,-0.767923,-3.14125,1889.991767,248.326901,2:15,4.98874,2.73511,6.81807,-27.08927,7.54926,16.44139,2.02962,1.23653,81.07,-5.874657,-0.140985,0.423595,,,,,,,,,,,,-9.48544,4.5365,-2.53762,50.0,4.92925,6.41459,-127.89874,-2.4854,-15.8206,24.66997,-24.60768,FAL_COM,BRE_WHI,CCBLFalmouth,Cape Cod Baseball League,CCBL,20250615-CCBLFalmouth-2,30ff0d40-4a3c-11f0-bf1d-4df1f6822eb9,88.9822,,,6.88759,,,,,,,9af88363-f99a-4f69-b601-f10dcb047521,2025-06-15,22:58:02.36,2025-06-15T18:58:02.3684608-04:00,2025-06-15T22:58:02.3684608Z,,v3,6099,6096,,"Rogers, Drew",811441,Right,BRE_WHI,5b1497dd-c13a-4d47-be07-44abe59d6e63,53.6822,-128.60703,12.33498,4.99047,-1.7789,-12.30384,-2.72831,6.86881,-7.9103,,,,,,,,,,,,,,,,,,,,,,,,,,,,,,,,,,,,,,,,,,,,,,,,,,,High,High,High,,,,,,87.95758,7.54926,16.44139,1889.991767,16.44139,-0.0313950761179462,0.15735766770103676,0.3861465535206231,107.33216736358501,0
90,2025-06-15,18:58:45.09,3,4,"Foster, Elijah",1000302010,Right,BRE_WHI,"Moran, Landon",701335.0,Left,FAL_COM,Undefined,3,Bottom,1,3,0,Sinker,Changeup,BallCalled,Walk,Undefined,Undefined,0,0,,89.49911,-2.014118,-4.869885,1705.68539,254.982407,2:30,5.15325,2.52092,6.67076,-29.77632,4.36567,12.14087,0.82176,-0.93351,81.89379,-7.585961,-2.666981,0.420548,,,,,,,,,,,,-7.88256,3.18248,-2.19881,50.0,5.00586,10.60542,-129.69039,-5.47197,-13.37298,28.10915,-26.77487,FAL_COM,BRE_WHI,CCBLFalmouth,Cape Cod Baseball League,CCBL,20250615-CCBLFalmouth-2,4a870060-4a3c-11f0-bf1d-4df1f6822eb9,89.62692,,,7.60532,,,,,,,9af88363-f99a-4f69-b601-f10dcb047521,2025-06-15,22:58:45.09,2025-06-15T18:58:45.0930688-04:00,2025-06-15T22:58:45.0930688Z,,v3,6099,6096,,"Rogers, Drew",811441,Right,BRE_WHI,6986d500-821f-450f-8bc2-d56089a0df98,53.83033,-130.51794,14.05457,5.15536,-4.6837,-13.38743,-2.51683,10.99912,-6.68649,,,,,,,,,,,,,,,,,,,,,,,,,,,,,,,,,,,,,,,,,,,,,,,,,,,High,High,High,,,,,,89.49911,4.36567,12.14087,1705.68539,12.14087,-0.2238444161387994,0.15735766770103676,0.3861465535206231,114.80793031936813,0
91,2025-06-15,19:00:17.11,4,1,"Foster, Elijah",1000302010,Right,BRE_WHI,"Harrison, Connor",1000339305.0,Right,FAL_COM,Undefined,3,Bottom,1,0,0,Sinker,Changeup,InPlay,Undefined,FlyBall,Out,1,1,,89.09357,-0.04121,-3.172699,1733.47888,247.64343,2:15,5.16007,2.55324,6.55787,-27.89277,6.22481,12.70241,2.79783,0.69988,82.00165,-5.27137,-0.867305,0.420398,76.71509,33.322606,-32.845919,2342.190804,90.20878,56.08552,-62.94702,273.47287,220.57613,-39.917217,4.245129,-7.54304,3.57414,-2.33957,50.0,5.14525,6.70528,-129.51848,-0.94029,-12.8907,25.51356,-26.06598,FAL_COM,BRE_WHI,CCBLFalmouth,Cape Cod Baseball League,CCBL,20250615-CCBLFalmouth-2,816812e0-4a3c-11f0-bf1d-4df1f6822eb9,89.65897,61.1895,,7.09191,,,,2.18908,2.89634,-0.69945,9af88363-f99a-4f69-b601-f10dcb047521,2025-06-15,23:00:17.11,2025-06-15T19:00:17.1163648-04:00,2025-06-15T23:00:17.1163648Z,FlyBall,v3,6099,6096,,"Rogers, Drew",811441,Right,BRE_WHI,233992a9-6708-49b9-ab06-78fed1420dfc,53.94346,-130.29297,12.75678,5.16179,-0.14902,-13.03299,-2.54905,7.0966,-6.44535,,2.1921,78.90595,-13.9955,2.40408,0.19403,-0.33912,0.10937,-0.01523,0.00079,2.89517,61.83694,-18.20486,1.16395,-0.14305,-0.01717,0.02614,-0.00653,0.0005,-0.70027,-50.97196,6.3457,-2.10076,0.45215,-0.05345,0.00533,-0.00119,0.00012,,,,,,,,,,,,,,,,,,,,,,,High,High,High,High,Medium,,,,89.09357,6.22481,12.70241,1733.47888,12.70241,-0.3268873012544358,0.15735766770103676,0.3861465535206231,118.81066778430836,0
92,2025-06-15,19:01:28.96,5,1,"Foster, Elijah",1000302010,Right,BRE_WHI,"Morrison, Kyle",835275.0,Left,FAL_COM,Undefined,3,Bottom,2,0,0,Sinker,Changeup,InPlay,Undefined,FlyBall,Out,1,0,,89.2203,0.238109,-3.571849,1707.976521,258.2428,2:30,5.02181,2.69921,6.31405,-30.42013,3.93992,14.08859,2.70656,0.5789,82.10968,-5.424653,-1.028136,0.421889,85.77123,36.111703,-18.056386,,101.06301,70.29671,-43.43084,308.18837,242.50099,-30.776943,4.90907,-8.29741,2.2791,-2.44416,50.0,5.02461,7.54206,-129.61349,-0.447,-14.20771,25.42525,-28.27151,FAL_COM,BRE_WHI,CCBLFalmouth,Cape Cod Baseball League,CCBL,20250615-CCBLFalmouth-2,ac3edee0-4a3c-11f0-bf1d-4df1f6822eb9,89.34206,85.28571,,7.11063,,,,1.05983,2.60817,-0.54257,9af88363-f99a-4f69-b601-f10dcb047521,2025-06-15,23:01:28.96,2025-06-15T19:01:28.9695232-04:00,2025-06-15T23:01:28.9695232Z,FlyBall,v3,6099,6096,,"Rogers, Drew",811441,Right,BRE_WHI,0f0bf67f-b6f7-4355-9142-14d0eb975de8,54.18748,-130.43233,12.71263,5.02434,0.4635,-14.13576,-2.69442,7.99963,-7.10386,148.827813,1.0626,96.56478,-20.94201,4.84965,-0.75665,0.06736,-0.00353,0.00052,-6e-05,2.60825,74.13181,-18.43116,0.8871,0.08773,-0.12383,0.04235,-0.00638,0.00036,-0.54211,-31.51096,-1.4205,0.6375,-0.12035,0.00527,0.00253,-0.00048,3e-05,,,,,,,,,,,,,,,,,,,,,,,High,High,High,High,Medium,,,,89.2203,3.93992,14.08859,1707.976521,14.08859,0.0775439636734953,0.15735766770103676,0.3861465535206231,103.10039167641874,0
114,2025-06-15,19:17:11.03,1,1,"Bauer, Douglas",813843,Right,BRE_WHI,"Niu, Maika",809569.0,Right,FAL_COM,Undefined,4,Bottom,0,0,0,Fastball,Four-Seam,BallCalled,Undefined,Undefined,Undefined,0,0,,91.30129,-3.751338,-3.921675,2186.357133,214.62082,1:15,6.10147,1.68137,5.85497,-13.33127,20.72009,13.47268,1.49187,-0.84535,82.78567,-6.327655,-1.513019,0.41999,,,,,,,,,,,,-8.02741,12.04548,-1.37026,50.0,5.78803,8.45195,-131.96914,-9.02075,-14.05288,30.00592,-11.08707,FAL_COM,BRE_WHI,CCBLFalmouth,Cape Cod Baseball League,CCBL,20250615-CCBLFalmouth-2,dda548f0-4a3e-11f0-bf1d-4df1f6822eb9,89.74612,,,8.51562,,,,,,,9af88363-f99a-4f69-b601-f10dcb047521,2025-06-15,23:17:11.03,2025-06-15T19:17:11.0377984-04:00,2025-06-15T23:17:11.0377984Z,,v3,6099,6096,,"Rogers, Drew",811441,Right,BRE_WHI,cbd14dd0-35d1-401a-a226-28b3b33f495b,54.64241,-133.0205,15.00296,6.09729,-8.63227,-5.54353,-1.67503,8.94433,-7.02644,,,,,,,,,,,,,,,,,,,,,,,,,,,,,,,,,,,,,,,,,,,,,,,,,,,High,High,High,,,,,,91.30129,20.72009,13.47268,2186.357133,13.47268,0.149951861174058,0.18374319194258007,0.39580054955247945,101.28061965073302,0
115,2025-06-15,19:17:26.83,1,2,"Bauer, Douglas",813843,Right,BRE_WHI,"Niu, Maika",809569.0,Right,FAL_COM,Undefined,4,Bottom,0,1,0,Fastball,Four-Seam,FoulBallNotFieldable,Undefined,Undefined,Undefined,0,0,,92.35799,-2.587581,-3.629019,2259.201579,207.901141,1:00,6.10765,1.58361,5.73854,-11.73209,21.63962,10.83449,2.71404,-0.89724,83.55751,-4.879119,-1.695967,0.415777,73.65579,47.260439,147.568388,4654.310195,,,,,43.59379,,,-6.62532,12.14804,-1.28801,50.0,5.88486,7.99279,-133.65783,-6.35042,-11.87776,31.2126,-10.39524,FAL_COM,BRE_WHI,CCBLFalmouth,Cape Cod Baseball League,CCBL,20250615-CCBLFalmouth-2,e72ae060-4a3e-11f0-bf1d-4df1f6822eb9,90.65539,40.39472,,8.80048,,,,1.25402,2.51104,0.96083,9af88363-f99a-4f69-b601-f10dcb047521,2025-06-15,23:17:26.83,2025-06-15T19:17:26.8347904-04:00,2025-06-15T23:17:26.8347904Z,,v3,6099,6096,,"Rogers, Drew",811441,Right,BRE_WHI,22482175-b4df-46e9-8764-3eb3a29b2a15,54.75943,-134.7647,15.6063,6.10352,-5.98178,-5.19762,-1.57892,8.414,-5.93888,,1.25402,-61.88047,1.02972,1.44989,-0.42315,-0.33128,0.90875,-0.87847,0.32494,2.51104,79.34096,-34.36696,5.28542,-1.13021,-0.06076,0.5493,-0.54616,0.2002,0.96083,39.3184,-11.32685,2.72667,-0.5596,-0.17019,0.55661,-0.5374,0.19685,,,,,,,,,,,,,,,,,,,,,,,High,High,High,High,Undefined,,,,92.35799,21.63962,10.83449,2259.201579,10.83449,0.1871080031874658,0.18374319194258007,0.39580054955247945,99.87248080193332,0
116,2025-06-15,19:17:47.23,1,3,"Bauer, Douglas",813843,Right,BRE_WHI,"Niu, Maika",809569.0,Right,FAL_COM,Undefined,4,Bottom,0,1,1,Fastball,Four-Seam,StrikeCalled,Undefined,Undefined,Undefined,0,0,,92.66052,-2.884039,-3.682409,2174.555233,213.016016,1:00,6.13688,1.63472,5.85477,-12.89816,19.80466,12.183,2.37457,-0.7762,84.68243,-5.364031,-1.503677,0.411589,,,,,,,,,,,,-7.20528,11.21146,-1.34234,50.0,5.89445,8.09477,-134.20654,-7.12595,-13.16451,28.56307,-11.6899,FAL_COM,BRE_WHI,CCBLFalmouth,Cape Cod Baseball League,CCBL,20250615-CCBLFalmouth-2,f33c04b0-4a3e-11f0-bf1d-4df1f6822eb9,91.57782,,,7.97809,,,,,,,9af88363-f99a-4f69-b601-f10dcb047521,2025-06-15,23:17:47.23,2025-06-15T19:17:47.2399360-04:00,2025-06-15T23:17:47.2399360Z,,v3,6099,6096,,"Rogers, Drew",811441,Right,BRE_WHI,1f6d7695-eca4-4d80-9ac2-66b217711ee5,54.64361,-135.19122,14.28154,6.13316,-6.72295,-5.84495,-1.62922,8.5486,-6.58225,,,,,,,,,,,,,,,,,,,,,,,,,,,,,,,,,,,,,,,,,,,,,,,,,,,High,High,High,,,,,,92.66052,19.80466,12.183,2174.555233,12.183,-0.1242119186785464,0.18374319194258007,0.39580054955247945,111.67084448098882,0
117,2025-06-15,19:18:06.75,1,4,"Bauer, Douglas",813843,Right,BRE_WHI,"Niu, Maika",809569.0,Right,FAL_COM,Undefined,4,Bottom,0,1,2,Fastball,Four-Seam,InPlay,Undefined,GroundBall,Single,0,0,,93.48626,-2.469109,-2.688709,2247.379548,213.647823,1:00,6.15919,1.60534,5.73772,-12.27977,19.94273,12.58075,2.83274,0.14824,85.35032,-4.8348,-0.440321,0.408556,102.00008,2.330035,-26.190834,2633.31782,,,,68.68015,64.69571,-26.574126,0.484768,-7.19067,11.1778,-1.38941,50.0,5.94606,5.80791,-135.56826,-6.20039,-13.38202,29.63912,-11.37193,FAL_COM,BRE_WHI,CCBLFalmouth,Cape Cod Baseball League,CCBL,20250615-CCBLFalmouth-2,fef014e0-4a3e-11f0-bf1d-4df1f6822eb9,92.2578,3.0681,,8.13594,,,,1.92009,2.70792,0.22613,9af88363-f99a-4f69-b601-f10dcb047521,2025-06-15,23:18:06.75,2025-06-15T19:18:06.7592192-04:00,2025-06-15T23:18:06.7592192Z,GroundBall,v3,6099,6096,,"Rogers, Drew",811441,Right,BRE_WHI,8922398b-c9fc-4026-a30f-2bd7a3810a24,54.76218,-136.60544,14.81956,6.15607,-5.80244,-5.68597,-1.60084,6.27619,-6.69101,,1.94109,133.54631,-22.44797,,,,,,,2.72878,5.5015,-23.0438,,,,,,,0.22718,-66.00407,4.44336,,,,,,,,,,,,,,,,,,,,,,,,,,,,,High,High,High,Medium,High,,,,93.48626,19.94273,12.58075,2247.379548,12.58075,-0.084789071790811,0.18374319194258007,0.39580054955247945,110.17680233277896,0
118,2025-06-15,19:18:48.44,2,1,"Bauer, Douglas",813843,Right,BRE_WHI,"Newstrom, Chris",,Right,FAL_COM,Undefined,4,Bottom,0,0,0,Fastball,Sinker,StrikeCalled,Undefined,Undefined,Undefined,0,0,,91.78075,-2.262295,-3.474881,2144.26912,228.423338,1:30,6.07451,1.62962,5.9044,-17.8854,15.25048,16.02603,2.47908,-0.26446,84.15527,-5.633463,-0.603257,0.414306,,,,,,,,,,,,-9.13103,8.73016,-1.35932,50.0,5.88209,7.38851,-133.09457,-5.83045,-16.44488,27.4855,-16.45118,FAL_COM,BRE_WHI,CCBLFalmouth,Cape Cod Baseball League,CCBL,20250615-CCBLFalmouth-2,17b701f0-4a3f-11f0-bf1d-4df1f6822eb9,90.97737,,,7.62548,,,,,,,9af88363-f99a-4f69-b601-f10dcb047521,2025-06-15,23:18:48.44,2025-06-15T19:18:48.4492288-04:00,2025-06-15T23:18:48.4492288Z,,v3,6099,6096,,"Rogers, Drew",811441,Right,BRE_WHI,a44d1b5b-419c-4b40-843a-9361fafc2467,54.59537,-134.04021,13.74275,6.07295,-5.26445,-8.22559,-1.62325,7.9543,-8.22244,,,,,,,,,,,,,,,,,,,,,,,,,,,,,,,,,,,,,,,,,,,,,,,,,,,High,High,High,,,,,,91.78075,15.25048,16.02603,2144.26912,16.02603,0.3817329088551601,0.18374319194258007,0.39580054955247945,92.49661033304118,0
119,2025-06-15,19:19:04.20,2,2,"Bauer, Douglas",813843,Right,BRE_WHI,"Newstrom, Chris",,Right,FAL_COM,Undefined,4,Bottom,0,0,1,Splitter,Changeup,BallCalled,Undefined,Undefined,StolenBase,0,0,,84.32645,-3.485475,-3.988301,1416.91402,241.23078,2:00,6.28863,1.50974,5.31437,-30.78269,9.54308,15.0495,0.44008,-0.98547,77.68833,-9.093556,-1.319165,0.457049,,,,,,,,,,,,-8.63445,6.11146,-1.15907,50.0,5.94941,7.86749,-121.96425,-8.53095,-13.04774,23.26406,-22.93883,FAL_COM,BRE_WHI,CCBLFalmouth,Cape Cod Baseball League,CCBL,20250615-CCBLFalmouth-2,213d0e90-4a3f-11f0-bf1d-4df1f6822eb9,82.46915,,,6.63811,,,,,,,9af88363-f99a-4f69-b601-f10dcb047521,2025-06-15,23:19:04.20,2025-06-15T19:19:04.2050000-04:00,2025-06-15T23:19:04.2050000Z,,v3,6099,6096,,"Rogers, Drew",811441,Right,BRE_WHI,e51179fd-b5f3-4ea1-9fe6-73394a6d931e,55.18538,-122.94935,11.63203,6.29008,-7.55961,-11.46942,-1.50392,8.41999,-6.52387,,,,,,,,,,,,,,,,,,,,,,,,,,,,,75.67165,,,1.346997,,,,-0.70259,6.17898,1.81132,127.28751,6.82087,0.70872,-0.53606,107.76741,-9.6897,6.20643,16.94442,-12.2677,1.76187,-3.66083,2.17611,High,High,High,,,High,High,High,84.32645,9.54308,15.0495,1416.91402,15.0495,-0.3647345184378007,0.13983703456654095,0.3918903674418035,119.31298629377277,0
120,2025-06-15,19:19:31.16,2,3,"Bauer, Douglas",813843,Right,BRE_WHI,"Newstrom, Chris",,Right,FAL_COM,Undefined,4,Bottom,0,1,1,Splitter,Changeup,StrikeSwinging,Undefined,Undefined,Undefined,0,0,,84.27491,-2.74629,-3.024305,1303.321732,263.145404,2:45,6.16296,1.59762,5.49581,-36.71907,3.39709,17.51981,0.52861,0.22605,77.5042,-9.432429,0.10126,0.455859,,,,,,,,,,,,-9.82804,2.81488,-1.3455,50.0,5.89715,5.74665,-122.13015,-7.15236,-14.81071,24.55707,-27.93208,FAL_COM,BRE_WHI,CCBLFalmouth,Cape Cod Baseball League,CCBL,20250615-CCBLFalmouth-2,31514490-4a3f-11f0-bf1d-4df1f6822eb9,82.68434,,,6.77072,,,,,,,9af88363-f99a-4f69-b601-f10dcb047521,2025-06-15,23:19:31.16,2025-06-15T19:19:31.1694848-04:00,2025-06-15T23:19:31.1694848Z,,v3,6099,6096,,"Rogers, Drew",811441,Right,BRE_WHI,22ed9009-0d6d-442a-aef1-0e73ef3f42cb,55.006,-123.13261,12.27853,6.16585,-6.01213,-13.96604,-1.59243,6.35125,-7.40535,,,,,,,,,,,,,,,,,,,,,,,,,,,,,,,,,,,,,,,,,,,,,,,,,,,High,High,High,,,,,,84.27491,3.39709,17.51981,1303.321732,17.51981,-0.1037068249140715,0.13983703456654095,0.3918903674418035,109.32188743514266,1
121,2025-06-15,19:20:00.22,2,4,"Bauer, Douglas",813843,Right,BRE_WHI,"Newstrom, Chris",,Right,FAL_COM,Undefined,4,Bottom,0,1,2,Fastball,Sinker,InPlay,Undefined,GroundBall,Out,1,0,,93.38617,-2.995343,-3.301026,2145.238431,232.368234,1:45,6.10987,1.64125,5.79442,-17.87131,14.45194,17.36828,1.82719,0.01463,85.2792,-6.35635,-0.193563,0.409194,55.9961,-47.00462,-50.830649,,,,,2.92386,1.56459,-26.878604,0.03082,-9.83367,8.5441,-1.38018,50.0,5.85228,7.03644,-135.29629,-7.67914,-18.20109,29.91765,-16.35981,FAL_COM,BRE_WHI,CCBLFalmouth,Cape Cod Baseball League,CCBL,20250615-CCBLFalmouth-2,4295bd30-4a3f-11f0-bf1d-4df1f6822eb9,92.11396,1.85928,,8.10697,,,,1.51306,1.85928,0.02209,9af88363-f99a-4f69-b601-f10dcb047521,2025-06-15,23:20:00.22,2025-06-15T19:20:00.2229760-04:00,2025-06-15T23:20:00.2229760Z,GroundBall,v3,6099,6096,,"Rogers, Drew",811441,Right,BRE_WHI,b4ba05ee-d42b-40bd-86a3-8b07343ea3b6,54.70573,-136.33288,14.95883,6.10853,-7.1123,-8.1799,-1.63491,7.66707,-9.10054,,1.51231,35.52644,,,,,,,,1.86056,-60.32729,,,,,,,,0.02302,-43.60732,,,,,,,,,,,,,,,,,,,,,,,,,,,,,,High,High,High,Low,Low,,,,93.38617,14.45194,17.36828,2145.238431,17.36828,-0.2505487184062697,0.18374319194258007,0.39580054955247945,116.45874080417111,0
122,2025-06-15,19:20:39.08,3,1,"Bauer, Douglas",813843,Right,BRE_WHI,"Quatrani, Mark",805544.0,Right,FAL_COM,Undefined,4,Bottom,1,0,0,Slider,Slider,BallCalled,Undefined,Undefined,Undefined,0,0,,82.89861,3.015461,-0.508312,2102.696103,145.460451,10:45,6.15027,1.61467,5.45776,-33.76128,7.26268,-4.20516,6.16221,0.78841,76.21802,-3.19442,-1.256138,0.460988,,,,,,,,,,,,1.96394,3.30977,-1.56706,50.0,6.39332,1.24686,-120.28709,5.16732,2.90823,20.99348,-27.27291,FAL_COM,BRE_WHI,CCBLFalmouth,Cape Cod Baseball League,CCBL,20250615-CCBLFalmouth-2,59b032c0-4a3f-11f0-bf1d-4df1f6822eb9,81.76438,,,6.68059,,,,,,,9af88363-f99a-4f69-b601-f10dcb047521,2025-06-15,23:20:39.08,2025-06-15T19:20:39.0872576-04:00,2025-06-15T23:20:39.0872576Z,,v3,6099,6096,,"Rogers, Drew",811441,Right,BRE_WHI,0b59ad3d-b8a4-4d9b-bd82-646e308c1ed4,55.03927,-121.16339,10.49674,6.15387,6.30573,-13.63645,-1.61657,1.12546,1.45411,,,,,,,,,,,,,,,,,,,,,,,,,,,,,,,,,,,,,,,,,,,,,,,,,,,High,High,High,,,,,,82.89861,7.26268,-4.20516,2102.696103,-4.20516,0.4497992106623322,0.15996036246036463,0.40035012296546346,89.14054855078797,0
123,2025-06-15,19:21:08.58,3,2,"Bauer, Douglas",813843,Right,BRE_WHI,"Quatrani, Mark",805544.0,Right,FAL_COM,Undefined,4,Bottom,1,1,0,Splitter,Splitter,StrikeCalled,Undefined,Undefined,Undefined,0,0,,82.61049,-0.180585,-2.413383,1189.659416,261.543675,2:45,6.22218,1.67586,5.23245,-39.97038,2.74681,7.90319,2.72142,0.06455,74.54425,-7.501229,-1.011931,0.470406,,,,,,,,,,,,-4.72969,1.89701,-1.45969,50.0,6.17606,4.69981,-119.58923,-1.81935,-6.72972,26.82393,-29.47484,FAL_COM,BRE_WHI,CCBLFalmouth,Cape Cod Baseball League,CCBL,20250615-CCBLFalmouth-2,6b458a80-4a3f-11f0-bf1d-4df1f6822eb9,80.12751,,,8.06624,,,,,,,9af88363-f99a-4f69-b601-f10dcb047521,2025-06-15,23:21:08.58,2025-06-15T19:21:08.5803008-04:00,2025-06-15T23:21:08.5803008Z,,v3,6099,6096,,"Rogers, Drew",811441,Right,BRE_WHI,4ed91e90-3238-462d-8f34-601c3c001ba5,55.26396,-120.76417,13.41196,6.22748,-0.5283,-14.73742,-1.67201,4.99458,-3.36486,,,,,,,,,,,,,,,,,,,,,,,,,,,,,,,,,,,,,,,,,,,,,,,,,,,High,High,High,,,,,,82.61049,2.74681,7.90319,1189.659416,7.90319,-0.0510375175638449,0.13983703456654095,0.3918903674418035,107.3059164496585,0
124,2025-06-15,19:21:25.21,3,3,"Bauer, Douglas",813843,Right,BRE_WHI,"Quatrani, Mark",805544.0,Right,FAL_COM,Undefined,4,Bottom,1,1,1,Fastball,Four-Seam,InPlay,Undefined,Popup,Out,1,0,,93.63675,-2.249963,-2.567157,2277.3468,215.358845,1:15,6.14275,1.65113,5.80329,-12.54875,20.12769,13.38981,3.00131,0.37781,83.81007,-4.708375,-0.17076,0.411423,72.48496,58.411087,12.659682,,106.09944,86.37228,29.0327,142.66725,62.69057,15.695374,5.192163,-7.68296,11.3706,-1.44829,50.0,5.95059,5.46265,-135.52461,-5.65361,-13.99191,35.36357,-11.46636,FAL_COM,BRE_WHI,CCBLFalmouth,Cape Cod Baseball League,CCBL,20250615-CCBLFalmouth-2,75411540-4a3f-11f0-bf1d-4df1f6822eb9,91.61475,107.18841,,9.82668,,,,1.34474,2.76995,-0.76889,9af88363-f99a-4f69-b601-f10dcb047521,2025-06-15,23:21:25.21,2025-06-15T19:21:25.2110848-04:00,2025-06-15T23:21:25.2110848Z,Popup,v3,6099,6096,,"Rogers, Drew",811441,Right,BRE_WHI,1d458d11-04b0-4410-8391-f7007a99e6ac,54.69279,-136.74366,17.68178,6.13866,-5.25834,-5.73318,-1.64491,5.94497,-6.99595,183.945344,1.35389,54.14227,-16.37298,4.04248,-0.15077,-0.2548,0.08504,-0.01155,0.00059,2.76436,90.64923,-23.40291,2.14229,-0.22408,-0.06473,0.03846,-0.00731,0.00048,-0.76681,12.16277,-2.19941,0.34183,0.09297,-0.07043,0.01786,-0.00212,0.0001,,,,,,,,,,,,,,,,,,,,,,,High,High,High,Medium,Low,,,,93.63675,20.12769,13.38981,2277.3468,13.38981,-0.1124900621543979,0.18374319194258007,0.39580054955247945,111.22661102032023,0
125,2025-06-15,19:22:01.63,4,1,"Bauer, Douglas",813843,Right,BRE_WHI,"Royo, Ben",809786.0,Right,FAL_COM,Undefined,4,Bottom,2,0,0,Splitter,Changeup,StrikeSwinging,Undefined,Undefined,Undefined,0,0,,86.75044,-1.582631,-3.722109,1291.198102,258.289956,2:30,6.04208,1.6531,5.55838,-33.67836,4.0517,13.73331,1.75339,-0.68494,79.5503,-7.751628,-1.275225,0.442094,,,,,,,,,,,,-8.00831,2.84264,-1.34057,50.0,5.88281,7.59678,-125.71328,-4.68873,-12.81004,25.59241,-27.627,FAL_COM,BRE_WHI,CCBLFalmouth,Cape Cod Baseball League,CCBL,20250615-CCBLFalmouth-2,8af78e00-4a3f-11f0-bf1d-4df1f6822eb9,85.25879,,,7.20013,,,,,,,9af88363-f99a-4f69-b601-f10dcb047521,2025-06-15,23:22:01.63,2025-06-15T19:22:01.6392704-04:00,2025-06-15T23:22:01.6392704Z,,v3,6099,6096,,"Rogers, Drew",811441,Right,BRE_WHI,fd91e9db-5e7b-40c0-b3d2-5b061adcb5c0,54.9417,-126.71531,12.7962,6.04521,-3.60705,-13.8135,-1.64783,8.09834,-6.40502,,,,,,,,,,,,,,,,,,,,,,,,,,,,,,,,,,,,,,,,,,,,,,,,,,,High,High,High,,,,,,86.75044,4.0517,13.73331,1291.198102,13.73331,-0.1921223603875466,0.13983703456654095,0.3918903674418035,112.70608144011287,1
126,2025-06-15,19:22:18.99,4,2,"Bauer, Douglas",813843,Right,BRE_WHI,"Royo, Ben",809786.0,Right,FAL_COM,Undefined,4,Bottom,2,0,1,Splitter,Splitter,BallinDirt,Undefined,Undefined,Undefined,0,1,,87.50057,-3.300209,-3.673698,1220.425827,268.359427,3:00,6.03855,1.67679,5.44122,-35.86829,1.62669,13.46016,-0.05042,-0.64612,80.24306,-9.811727,-1.276936,0.440715,,,,,,,,,,,,-7.98552,2.06272,-1.36154,50.0,5.72074,7.56659,-126.60398,-8.63127,-12.88756,27.21409,-28.84508,FAL_COM,BRE_WHI,CCBLFalmouth,Cape Cod Baseball League,CCBL,20250615-CCBLFalmouth-2,955201a0-4a3f-11f0-bf1d-4df1f6822eb9,85.52564,,,7.25751,,,,,,,9af88363-f99a-4f69-b601-f10dcb047521,2025-06-15,23:22:18.99,2025-06-15T19:22:18.9959168-04:00,2025-06-15T23:22:18.9959168Z,,v3,6099,6096,,"Rogers, Drew",811441,Right,BRE_WHI,3fc3bc4a-66ba-447f-8ef6-115ecbc99160,55.06048,-127.68712,13.60704,6.04142,-7.48322,-14.42254,-1.67291,8.07953,-6.44378,,,,,,,,,,,,,,,,,,,,,,,,,,,,,,,,,,,,,,,,,,,,,,,,,,,High,High,High,,,,,,87.50057,1.62669,13.46016,1220.425827,13.46016,0.3386607750838317,0.13983703456654095,0.3918903674418035,92.38982032850744,0
127,2025-06-15,19:22:50.04,4,3,"Bauer, Douglas",813843,Right,BRE_WHI,"Royo, Ben",809786.0,Right,FAL_COM,Undefined,4,Bottom,2,1,1,Splitter,Splitter,HitByPitch,Undefined,Undefined,Undefined,0,0,,85.82192,0.072161,-0.156796,1189.732094,240.777644,2:00,6.08423,1.6892,5.26578,-29.8534,8.9154,13.78674,3.66424,2.6908,78.61008,-5.415482,2.289759,0.448139,,,,,,,,,,,,-7.0491,4.77032,-1.6858,50.0,6.06887,-0.24115,-124.63875,-0.91301,-11.08673,25.09092,-24.67135,FAL_COM,BRE_WHI,CCBLFalmouth,Cape Cod Baseball League,CCBL,20250615-CCBLFalmouth-2,a7d71090-4a3f-11f0-bf1d-4df1f6822eb9,84.10886,,,7.21184,,,,,,,9af88363-f99a-4f69-b601-f10dcb047521,2025-06-15,23:22:50.04,2025-06-15T19:22:50.0473344-04:00,2025-06-15T23:22:50.0473344Z,,v3,6099,6096,,"Rogers, Drew",811441,Right,BRE_WHI,3177a354-8f28-417b-b03e-af9a4cb55288,55.23535,-125.68826,12.54546,6.08548,0.11895,-12.33568,-1.68542,0.22259,-5.54336,,,,,,,,,,,,,,,,,,,,,,,,,,,,,,,,,,,,,,,,,,,,,,,,,,,High,High,High,,,,,,85.82192,8.9154,13.78674,1189.732094,13.78674,-0.1122082020906809,0.13983703456654095,0.3918903674418035,109.64728624114439,0
128,2025-06-15,19:23:37.15,5,1,"Bauer, Douglas",813843,Right,BRE_WHI,"Morales, Antonio",822655.0,Left,FAL_COM,Undefined,4,Bottom,2,0,0,Fastball,Four-Seam,BallCalled,Undefined,Undefined,Undefined,0,0,,91.83265,-1.281929,-3.656522,2090.16857,219.782273,1:15,6.05622,1.91879,5.65276,-14.53851,18.87548,14.84702,3.64644,-0.25889,83.99206,-4.052442,-1.010967,0.41604,,,,,,,,,,,,-8.48579,10.22225,-1.61812,50.0,5.93826,7.83938,-133.14432,-3.4201,-15.293,27.5281,-13.75165,FAL_COM,BRE_WHI,CCBLFalmouth,Cape Cod Baseball League,CCBL,20250615-CCBLFalmouth-2,c3cd6ba0-4a3f-11f0-bf1d-4df1f6822eb9,90.59805,,,7.84059,,,,,,,9af88363-f99a-4f69-b601-f10dcb047521,2025-06-15,23:23:37.15,2025-06-15T19:23:37.1598848-04:00,2025-06-15T23:23:37.1598848Z,,v3,6099,6096,,"Rogers, Drew",811441,Right,BRE_WHI,1e023f4d-af56-42ca-9662-dba0a03602d6,54.84626,-134.14256,13.76405,6.05324,-2.92143,-6.87582,-1.91245,8.39395,-7.6465,,,,,,,,,,,,,,,,,,,,,,,,,,,,,,,,,,,,,,,,,,,,,,,,,,,High,High,High,,,,,,91.83265,18.87548,14.84702,2090.16857,14.84702,0.2007995676209174,0.18374319194258007,0.39580054955247945,99.35359959589663,0
129,2025-06-15,19:23:53.09,5,2,"Bauer, Douglas",813843,Right,BRE_WHI,"Morales, Antonio",822655.0,Left,FAL_COM,Undefined,4,Bottom,2,1,0,Fastball,Four-Seam,StrikeCalled,Undefined,Undefined,Undefined,0,0,,92.32951,-2.376117,-3.751811,2151.463664,219.744078,1:15,6.06969,1.85288,5.62202,-14.9058,18.18304,14.26454,2.60412,-0.46459,84.65998,-5.199776,-1.211601,0.414011,,,,,,,,,,,,-8.21874,10.15461,-1.54198,50.0,5.85714,8.13225,-133.79304,-6.02782,-14.97906,27.3862,-13.66679,FAL_COM,BRE_WHI,CCBLFalmouth,Cape Cod Baseball League,CCBL,20250615-CCBLFalmouth-2,cd4a0260-4a3f-11f0-bf1d-4df1f6822eb9,91.04208,,,7.66953,,,,,,,9af88363-f99a-4f69-b601-f10dcb047521,2025-06-15,23:23:53.09,2025-06-15T19:23:53.0981376-04:00,2025-06-15T23:23:53.0981376Z,,v3,6099,6096,,"Rogers, Drew",811441,Right,BRE_WHI,a467e2c9-715d-4ec4-88e3-0350e8be1ce5,54.87768,-134.78776,13.6931,6.06706,-5.53141,-6.8334,-1.84723,8.67631,-7.48953,,,,,,,,,,,,,,,,,,,,,,,,,,,,,,,,,,,,,,,,,,,,,,,,,,,High,High,High,,,,,,92.32951,18.18304,14.26454,2151.463664,14.26454,0.2297486682140123,0.18374319194258007,0.39580054955247945,98.25649018210879,0
130,2025-06-15,19:24:10.51,5,3,"Bauer, Douglas",813843,Right,BRE_WHI,"Morales, Antonio",822655.0,Left,FAL_COM,Undefined,4,Bottom,2,1,1,Fastball,Sinker,StrikeCalled,Undefined,Undefined,Undefined,0,0,,92.50543,-1.229272,-2.928017,2109.139433,228.859333,1:45,6.04714,1.84464,6.00803,-17.78938,14.5758,15.56552,3.42415,0.42672,84.91508,-4.588766,-0.131816,0.409459,,,,,,,,,,,,-8.76626,8.11788,-1.62297,50.0,5.94064,6.20172,-134.33355,-3.44344,-16.11058,27.53494,-17.25512,FAL_COM,BRE_WHI,CCBLFalmouth,Cape Cod Baseball League,CCBL,20250615-CCBLFalmouth-2,d7ae8820-4a3f-11f0-bf1d-4df1f6822eb9,92.05426,,,7.59035,,,,,,,9af88363-f99a-4f69-b601-f10dcb047521,2025-06-15,23:24:10.51,2025-06-15T19:24:10.5115648-04:00,2025-06-15T23:24:10.5115648Z,,v3,6099,6096,,"Rogers, Drew",811441,Right,BRE_WHI,1860906c-901b-4b0b-b3f1-d28100e1abc1,54.49193,-135.25114,13.76747,6.04581,-2.86842,-8.62756,-1.83859,6.7386,-8.05529,,,,,,,,,,,,,,,,,,,,,,,,,,,,,,,,,,,,,,,,,,,,,,,,,,,High,High,High,,,,,,92.50543,14.5758,15.56552,2109.139433,15.56552,-0.1757260999361543,0.18374319194258007,0.39580054955247945,113.62312251531142,0
131,2025-06-15,19:24:47.39,5,4,"Bauer, Douglas",813843,Right,BRE_WHI,"Morales, Antonio",822655.0,Left,FAL_COM,Undefined,4,Bottom,2,1,2,Splitter,Changeup,BallinDirt,Undefined,Undefined,Undefined,0,0,,84.38532,-3.166761,-2.484753,1314.658644,244.043135,2:15,6.10244,1.94823,5.4693,-31.4373,8.13745,14.38328,0.51321,0.81999,78.43377,-8.888023,0.07946,0.452773,,,,,,,,,,,,-7.98071,5.20799,-1.74013,50.0,5.80175,4.73808,-122.42931,-7.86877,-12.2433,21.73549,-24.18442,FAL_COM,BRE_WHI,CCBLFalmouth,Cape Cod Baseball League,CCBL,20250615-CCBLFalmouth-2,edc8a4b0-4a3f-11f0-bf1d-4df1f6822eb9,83.24801,,,5.95155,,,,,,,9af88363-f99a-4f69-b601-f10dcb047521,2025-06-15,23:24:47.39,2025-06-15T19:24:47.3948160-04:00,2025-06-15T23:24:47.3948160Z,,v3,6099,6096,,"Rogers, Drew",811441,Right,BRE_WHI,97829ccf-469b-4ae1-b11a-37e62c17208e,55.03305,-123.31961,10.86775,6.10377,-6.87815,-12.09221,-1.94448,5.23957,-6.12165,,,,,,,,,,,,,,,,,,,,,,,,,,,,,,,,,,,,,,,,,,,,,,,,,,,High,High,High,,,,,,84.38532,8.13745,14.38328,1314.658644,14.38328,0.0475334606440758,0.13983703456654095,0.3918903674418035,103.5330126072634,0
132,2025-06-15,19:25:36.55,5,5,"Bauer, Douglas",813843,Right,BRE_WHI,"Morales, Antonio",822655.0,Left,FAL_COM,Undefined,4,Bottom,2,2,2,Fastball,Four-Seam,InPlay,Undefined,LineDrive,Out,1,0,,92.84836,-3.334266,-2.564657,2206.71009,213.561501,1:00,6.21217,1.94741,6.04536,-12.3739,20.21037,12.6517,2.08754,0.62575,84.19289,-5.741359,-0.28993,0.410842,86.28704,19.075708,6.548723,1410.470096,109.60814,30.78986,9.27466,261.47042,250.02765,2.533901,3.172545,-7.30363,11.75934,-1.75439,50.0,5.94537,5.47981,-134.50134,-8.15675,-13.26548,31.48799,-10.81565,FAL_COM,BRE_WHI,CCBLFalmouth,Cape Cod Baseball League,CCBL,20250615-CCBLFalmouth-2,0b0b07c0-4a40-11f0-bf1d-4df1f6822eb9,91.74427,33.60676,,8.65547,,,,1.54982,2.13616,-0.62164,9af88363-f99a-4f69-b601-f10dcb047521,2025-06-15,23:25:36.55,2025-06-15T19:25:36.5530112-04:00,2025-06-15T23:25:36.5530112Z,LineDrive,v3,6099,6096,,"Rogers, Drew",811441,Right,BRE_WHI,5f2f9358-17ac-4e82-9f1c-3fa01de52192,54.45314,-135.53985,15.744,6.20851,-7.80004,-5.40782,-1.94234,5.91732,-6.63274,165.973833,1.54976,118.82931,-21.32565,5.18411,-1.15753,0.27339,-0.06082,0.00905,-0.00059,2.1363,41.35003,-13.60073,-0.29403,0.40221,-0.21217,0.06778,-0.01133,0.00077,-0.62158,13.63775,-4.86688,0.77151,-0.03659,-0.03863,0.01735,-0.00342,0.00027,,,,,,,,,,,,,,,,,,,,,,,High,High,High,High,High,,,,92.84836,20.21037,12.6517,2206.71009,12.6517,0.0624861472557774,0.18374319194258007,0.39580054955247945,104.59538439842635,0
147,2025-06-15,19:36:11.23,1,1,"Bauer, Douglas",813843,Right,BRE_WHI,"Osterhouse, Justin",835276.0,Left,FAL_COM,Undefined,5,Bottom,0,0,0,Fastball,Four-Seam,FoulBallNotFieldable,Undefined,Undefined,Undefined,0,0,,92.48315,-1.982642,-2.660893,2112.154699,220.074506,1:15,6.08103,1.84724,5.80336,-15.05473,17.77816,14.06654,2.97982,0.54296,84.43026,-4.851322,-0.14317,0.412407,75.47063,16.16251,-169.477704,1559.118775,-108.70724,10.96352,-16.8143,149.86512,41.75925,-171.984126,1.645378,-7.93398,9.9491,-1.63721,50.0,5.90916,5.61568,-134.16113,-5.10249,-14.45681,29.09927,-14.04543,FAL_COM,BRE_WHI,CCBLFalmouth,Cape Cod Baseball League,CCBL,20250615-CCBLFalmouth-2,85612030-4a41-11f0-bf1d-4df1f6822eb9,91.39627,13.99258,,8.05289,,,,1.0717,2.82128,-0.4305,9af88363-f99a-4f69-b601-f10dcb047521,2025-06-15,23:36:11.23,2025-06-15T19:36:11.2305664-04:00,2025-06-15T23:36:11.2305664Z,LineDrive,v3,6099,6096,,"Rogers, Drew",811441,Right,BRE_WHI,85151346-1c60-458e-9ae7-c61ed9423ec4,54.696,-135.17584,14.54963,6.07855,-4.61272,-7.02272,-1.84183,6.1198,-7.22841,44.811822,0.96108,-103.57829,7.81301,,,,,,,3.12104,28.29599,-18.44728,,,,,,,-0.56461,-18.26973,3.63412,,,,,,,,,,,,,,,,,,,,,,,,,,,,,High,High,High,High,Low,,,,92.48315,17.77816,14.06654,2112.154699,14.06654,0.0560113579292576,0.18374319194258007,0.39580054955247945,104.8407651590332,0
148,2025-06-15,19:36:56.07,1,2,"Bauer, Douglas",813843,Right,BRE_WHI,"Osterhouse, Justin",835276.0,Left,FAL_COM,Undefined,5,Bottom,0,0,1,Fastball,Four-Seam,BallCalled,Undefined,Undefined,Undefined,0,0,,93.70638,-3.972868,-2.438468,2312.617096,214.578828,1:15,6.14965,1.99419,5.70052,-10.79449,21.66009,14.13993,1.53879,0.89892,84.94408,-6.080899,0.087637,0.410024,,,,,,,,,,,,-7.95,12.56355,-1.79864,50.0,5.80922,5.13481,-135.59283,-9.69959,-14.67777,31.94603,-8.97846,FAL_COM,BRE_WHI,CCBLFalmouth,Cape Cod Baseball League,CCBL,20250615-CCBLFalmouth-2,a0181d70-4a41-11f0-bf1d-4df1f6822eb9,91.92733,,,8.7623,,,,,,,9af88363-f99a-4f69-b601-f10dcb047521,2025-06-15,23:36:56.07,2025-06-15T19:36:56.0791552-04:00,2025-06-15T23:36:56.0791552Z,,v3,6099,6096,,"Rogers, Drew",811441,Right,BRE_WHI,3203a3e3-875c-475c-b919-9f379a44f236,54.79832,-136.71866,15.97302,6.14547,-9.38318,-4.48923,-1.98871,5.65207,-7.33888,,,,,,,,,,,,,,,,,,,,,,,,,,,,,,,,,,,,,,,,,,,,,,,,,,,High,High,High,,,,,,93.70638,21.66009,14.13993,2312.617096,14.13993,-0.0313831400796977,0.18374319194258007,0.39580054955247945,108.15283097505227,0
149,2025-06-15,19:37:09.47,1,3,"Bauer, Douglas",813843,Right,BRE_WHI,"Osterhouse, Justin",835276.0,Left,FAL_COM,Undefined,5,Bottom,0,1,1,Splitter,Changeup,StrikeCalled,Undefined,Undefined,Undefined,0,0,,84.7524,-0.974687,-1.975599,1269.913701,217.852918,1:15,6.19011,1.84671,5.21705,-24.53706,15.8593,11.20249,3.22826,0.92193,76.58679,-5.553517,0.009303,0.457449,,,,,,,,,,,,-6.17201,8.62835,-1.6729,50.0,6.08227,3.73493,-122.73966,-2.9089,-9.30588,26.92962,-19.16458,FAL_COM,BRE_WHI,CCBLFalmouth,Cape Cod Baseball League,CCBL,20250615-CCBLFalmouth-2,a8025460-4a41-11f0-bf1d-4df1f6822eb9,82.39705,,,8.1656,,,,,,,9af88363-f99a-4f69-b601-f10dcb047521,2025-06-15,23:37:09.47,2025-06-15T19:37:09.4798848-04:00,2025-06-15T23:37:09.4798848Z,,v3,6099,6096,,"Rogers, Drew",811441,Right,BRE_WHI,7f4e457c-072e-4fc0-808e-027d819cf60a,55.27831,-123.89233,13.46481,6.18922,-2.0886,-9.58229,-1.84129,4.13325,-4.65294,,,,,,,,,,,,,,,,,,,,,,,,,,,,,,,,,,,,,,,,,,,,,,,,,,,High,High,High,,,,,,84.7524,15.8593,11.20249,1269.913701,11.20249,0.6064425546107374,0.13983703456654095,0.3918903674418035,82.14020199998326,0
150,2025-06-15,19:37:25.53,1,4,"Bauer, Douglas",813843,Right,BRE_WHI,"Osterhouse, Justin",835276.0,Left,FAL_COM,Undefined,5,Bottom,0,1,2,Splitter,Splitter,StrikeSwinging,Strikeout,Undefined,Undefined,0,0,,85.145,-3.265949,-2.298171,1284.464817,250.748916,2:15,6.1939,1.88708,5.40775,-32.77277,6.89603,15.85969,0.39707,1.05433,77.81425,-9.252392,0.527615,0.453311,,,,,,,,,,,,-8.77705,4.81599,-1.69427,50.0,5.87979,4.29033,-123.28822,-8.19453,-13.39523,26.44338,-24.82405,FAL_COM,BRE_WHI,CCBLFalmouth,Cape Cod Baseball League,CCBL,20250615-CCBLFalmouth-2,b1acd8f0-4a41-11f0-bf1d-4df1f6822eb9,83.14923,,,7.33075,,,,,,,9af88363-f99a-4f69-b601-f10dcb047521,2025-06-15,23:37:25.53,2025-06-15T19:37:25.5308288-04:00,2025-06-15T23:37:25.5308288Z,,v3,6099,6096,,"Rogers, Drew",811441,Right,BRE_WHI,c7324a05-b125-4090-a7ab-d7738383c4cd,55.09268,-124.37572,13.22169,6.1958,-7.17362,-12.41203,-1.88205,4.84122,-6.69762,,,,,,,,,,,,,,,,,,,,,,,,,,,,,,,,,,,,,,,,,,,,,,,,,,,High,High,High,,,,,,85.145,6.89603,15.85969,1284.464817,15.85969,0.0008491933224163,0.13983703456654095,0.3918903674418035,105.3199001350077,1
151,2025-06-15,19:37:57.90,2,1,"Bauer, Douglas",813843,Right,BRE_WHI,"Moran, Landon",701335.0,Left,FAL_COM,Undefined,5,Bottom,1,0,0,Slider,Slider,BallCalled,Undefined,Undefined,Undefined,0,0,,86.40621,-2.628053,-3.769196,2038.757918,171.658769,11:45,6.09457,1.9574,5.57035,-31.40809,6.59063,-0.79433,1.01532,-1.63467,79.63855,-8.361969,-3.910578,0.443666,,,,,,,,,,,,-0.62488,4.40099,-1.63165,50.0,5.84683,8.27665,-125.1313,-6.85892,-0.99259,24.81878,-25.18346,FAL_COM,BRE_WHI,CCBLFalmouth,Cape Cod Baseball League,CCBL,20250615-CCBLFalmouth-2,c4f0cb10-4a41-11f0-bf1d-4df1f6822eb9,84.95685,,,6.76766,,,,,,,9af88363-f99a-4f69-b601-f10dcb047521,2025-06-15,23:37:57.90,2025-06-15T19:37:57.9026432-04:00,2025-06-15T23:37:57.9026432Z,,v3,6099,6096,,"Rogers, Drew",811441,Right,BRE_WHI,812f1489-b080-400a-b225-60a6796d86b5,54.92927,-126.10519,12.40939,6.09658,-5.87072,-12.59173,-1.95719,8.3156,-0.49629,,,,,,,,,,,,,,,,,,,,,,,,,,,,,,,,,,,,,,,,,,,,,,,,,,,High,High,High,,,,,,86.40621,6.59063,-0.79433,2038.757918,-0.79433,0.007744236425547,0.15996036246036463,0.40035012296546346,105.70311274943515,0
152,2025-06-15,19:38:11.93,2,2,"Bauer, Douglas",813843,Right,BRE_WHI,"Moran, Landon",701335.0,Left,FAL_COM,Undefined,5,Bottom,1,1,0,Splitter,Splitter,StrikeSwinging,Undefined,Undefined,Undefined,0,0,,84.17968,-2.646965,-3.271394,1208.794687,232.221241,1:45,6.10096,1.81536,5.49266,-28.1686,11.81457,13.65166,1.27166,-0.11056,77.59035,-7.824455,-0.841109,0.455103,,,,,,,,,,,,-7.83091,7.02981,-1.53857,50.0,5.84973,6.42245,-122.01421,-6.59654,-11.86262,22.91365,-21.52496,FAL_COM,BRE_WHI,CCBLFalmouth,Cape Cod Baseball League,CCBL,20250615-CCBLFalmouth-2,cd556220-4a41-11f0-bf1d-4df1f6822eb9,82.82173,,,6.58933,,,,,,,9af88363-f99a-4f69-b601-f10dcb047521,2025-06-15,23:38:11.93,2025-06-15T19:38:11.9332864-04:00,2025-06-15T23:38:11.9332864Z,,v3,6099,6096,,"Rogers, Drew",811441,Right,BRE_WHI,66e6de1f-f236-4455-8f09-f5161b86be90,55.00829,-122.95114,11.45683,6.10146,-5.71639,-10.76248,-1.8111,6.90751,-5.93131,,,,,,,,,,,,,,,,,,,,,,,,,,,,,,,,,,,,,,,,,,,,,,,,,,,High,High,High,,,,,,84.17968,11.81457,13.65166,1208.794687,13.65166,0.3345051221707346,0.13983703456654095,0.3918903674418035,92.5488821449623,1
153,2025-06-15,19:38:28.54,2,3,"Bauer, Douglas",813843,Right,BRE_WHI,"Moran, Landon",701335.0,Left,FAL_COM,Undefined,5,Bottom,1,1,1,Fastball,Four-Seam,FoulBallNotFieldable,Undefined,Undefined,Undefined,0,0,,93.65868,-2.03422,-2.029202,2268.922153,213.604339,1:00,6.10703,1.79652,5.85682,-13.00615,19.07249,11.95709,3.13121,0.90683,85.09898,-4.544438,0.11412,0.407642,90.66011,15.115743,-56.09331,3156.368555,53.02055,21.00049,-96.3777,229.17312,166.0502,-66.007826,2.391748,-6.69717,10.65902,-1.63875,50.0,5.93425,4.27636,-135.85159,-5.18839,-12.45076,31.20718,-12.35782,FAL_COM,BRE_WHI,CCBLFalmouth,Cape Cod Baseball League,CCBL,20250615-CCBLFalmouth-2,d7372350-4a41-11f0-bf1d-4df1f6822eb9,92.46447,21.22328,,8.5597,,,,-0.19324,2.93886,-0.95461,9af88363-f99a-4f69-b601-f10dcb047521,2025-06-15,23:38:28.54,2025-06-15T19:38:28.5449216-04:00,2025-06-15T23:38:28.5449216Z,LineDrive,v3,6099,6096,,"Rogers, Drew",811441,Right,BRE_WHI,76a34551-eed9-4cb7-8ec3-02f5353a235e,54.64122,-136.91359,15.60359,6.10366,-4.76785,-6.17891,-1.79148,4.70007,-6.22538,,-0.19322,71.60768,-21.89128,5.6974,-1.38153,0.24809,-0.02745,-0.0001,0.00034,2.93885,34.67466,-17.94544,1.62357,-0.26036,0.06722,-0.02035,0.00506,-0.00058,-0.95462,-106.53749,9.2227,-0.17562,-0.35448,0.18436,-0.05815,0.01168,-0.00106,,,,,,,,,,,,,,,,,,,,,,,High,High,High,Medium,Medium,,,,93.65868,19.07249,11.95709,2268.922153,11.95709,-0.1938241927983326,0.18374319194258007,0.39580054955247945,114.30900178768641,0
154,2025-06-15,19:38:50.26,2,4,"Bauer, Douglas",813843,Right,BRE_WHI,"Moran, Landon",701335.0,Left,FAL_COM,Undefined,5,Bottom,1,1,2,Splitter,Changeup,FoulBallNotFieldable,Undefined,Undefined,Undefined,0,0,,87.34508,-2.496915,-2.788053,1383.572685,244.928412,2:15,6.13561,1.71032,5.45138,-30.07376,7.54,13.36217,1.28767,0.21167,79.59768,-8.022352,-0.408642,0.441413,,,,,,,,,,,,-7.62556,4.9102,-1.47383,50.0,5.89431,5.58725,-126.49991,-6.59758,-12.25621,27.75823,-24.28207,FAL_COM,BRE_WHI,CCBLFalmouth,Cape Cod Baseball League,CCBL,20250615-CCBLFalmouth-2,e42d7780-4a41-11f0-bf1d-4df1f6822eb9,85.39048,,,7.7474,,,,,,,9af88363-f99a-4f69-b601-f10dcb047521,2025-06-15,23:38:50.26,2025-06-15T19:38:50.2630400-04:00,2025-06-15T23:38:50.2630400Z,,v3,6099,6096,,"Rogers, Drew",811441,Right,BRE_WHI,f4fc7349-5b18-49fa-b213-6bb51f86593e,55.04808,-127.60282,13.87911,6.13729,-5.63279,-12.14104,-1.7055,6.07422,-6.1281,,,,,,,,,,,,,,,,,,,,,,,,,,,,,,,,,,,,,,,,,,,,,,,,,,,High,High,High,,,,,,87.34508,7.54,13.36217,1383.572685,13.36217,0.0528760734035948,0.13983703456654095,0.3918903674418035,103.32851870271575,0
155,2025-06-15,19:39:10.35,2,5,"Bauer, Douglas",813843,Right,BRE_WHI,"Moran, Landon",701335.0,Left,FAL_COM,Undefined,5,Bottom,1,1,2,Splitter,Splitter,InPlay,Undefined,GroundBall,Out,1,0,,86.48276,-1.177007,-1.797095,1183.783037,252.390304,2:30,6.03497,1.85943,5.48497,-34.32545,3.95878,8.33689,2.07262,0.87228,78.67276,-7.480632,-0.310564,0.445329,59.83696,-66.581877,40.449723,,,,,2.01969,1.4935,-0.988582,0.028294,-4.77268,2.72555,-1.70777,50.0,5.90851,3.57755,-125.40002,-3.81537,-7.5244,27.70312,-27.87706,FAL_COM,BRE_WHI,CCBLFalmouth,Cape Cod Baseball League,CCBL,20250615-CCBLFalmouth-2,f028f0f0-4a41-11f0-bf1d-4df1f6822eb9,84.63945,2.28921,,7.81,,,,1.26489,2.28921,-0.6781,9af88363-f99a-4f69-b601-f10dcb047521,2025-06-15,23:39:10.35,2025-06-15T19:39:10.3588352-04:00,2025-06-15T23:39:10.3588352Z,GroundBall,v3,6099,6096,,"Rogers, Drew",811441,Right,BRE_WHI,da2843c5-176b-45a5-88cb-7cd251276bf8,55.01362,-126.50277,13.85156,6.0383,-2.70569,-13.93853,-1.85614,3.87707,-3.7622,,1.26433,26.66603,,,,,,,,2.29092,-80.90683,,,,,,,,-0.67858,22.7345,,,,,,,,,,,,,,,,,,,,,,,,,,,,,,High,High,High,Low,Low,,,,86.48276,3.95878,8.33689,1183.783037,8.33689,-0.3455361534756073,0.13983703456654095,0.3918903674418035,118.5781494660325,0
156,2025-06-15,19:39:49.46,3,1,"Bauer, Douglas",813843,Right,BRE_WHI,"Harrison, Connor",1000339305.0,Right,FAL_COM,Undefined,5,Bottom,2,0,0,Fastball,Four-Seam,StrikeSwinging,Undefined,Undefined,Undefined,0,0,,95.15827,-2.629888,-3.481058,2298.662063,212.548157,1:00,6.09943,1.60354,5.84349,-10.82178,20.62489,12.428,2.74734,-0.59983,85.67995,-4.761851,-1.258388,0.403607,,,,,,,,,,,,-7.3937,11.65355,-1.32696,50.0,5.8785,7.79135,-137.66294,-6.58911,-14.00067,34.33559,-10.10698,FAL_COM,BRE_WHI,CCBLFalmouth,Cape Cod Baseball League,CCBL,20250615-CCBLFalmouth-2,075085e0-4a42-11f0-bf1d-4df1f6822eb9,93.38895,,,9.47833,,,,,,,9af88363-f99a-4f69-b601-f10dcb047521,2025-06-15,23:39:49.46,2025-06-15T19:39:49.4621184-04:00,2025-06-15T23:39:49.4621184Z,,v3,6099,6096,,"Rogers, Drew",811441,Right,BRE_WHI,dc2128e4-d379-4085-a465-9315ff403dd7,54.65239,-138.81848,17.1678,6.09453,-6.24897,-5.05349,-1.5971,8.26253,-7.00034,,,,,,,,,,,,,,,,,,,,,,,,,,,,,,,,,,,,,,,,,,,,,,,,,,,High,High,High,,,,,,95.15827,20.62489,12.428,2298.662063,12.428,-0.1064958621656945,0.18374319194258007,0.39580054955247945,110.99944357466556,1
157,2025-06-15,19:40:06.91,3,2,"Bauer, Douglas",813843,Right,BRE_WHI,"Harrison, Connor",1000339305.0,Right,FAL_COM,Undefined,5,Bottom,2,0,1,Splitter,Changeup,BallCalled,Undefined,Undefined,Undefined,0,0,,86.2352,-3.174801,-3.364071,1299.865998,254.923294,2:30,6.1809,1.61906,5.43246,-33.86514,4.34012,11.83548,0.37741,-0.54874,79.78849,-9.320544,-1.257301,0.44487,,,,,,,,,,,,-6.93811,3.31492,-1.32955,50.0,5.87517,6.85715,-124.94278,-8.16283,-11.02396,23.95798,-26.907,FAL_COM,BRE_WHI,CCBLFalmouth,Cape Cod Baseball League,CCBL,20250615-CCBLFalmouth-2,11d6c470-4a42-11f0-bf1d-4df1f6822eb9,84.72687,,,6.44672,,,,,,,9af88363-f99a-4f69-b601-f10dcb047521,2025-06-15,23:40:06.91,2025-06-15T19:40:06.9163520-04:00,2025-06-15T23:40:06.9163520Z,,v3,6099,6096,,"Rogers, Drew",811441,Right,BRE_WHI,5189dc63-abe3-458c-bcf0-d760d295b92d,55.06952,-125.91112,11.97899,6.18312,-7.07531,-13.4535,-1.6157,7.30271,-5.51198,,,,,,,,,,,,,,,,,,,,,,,,,,,,,,,,,,,,,,,,,,,,,,,,,,,High,High,High,,,,,,86.2352,4.34012,11.83548,1299.865998,11.83548,-0.1814728101802912,0.13983703456654095,0.3918903674418035,112.29845913964245,0
158,2025-06-15,19:40:27.06,3,3,"Bauer, Douglas",813843,Right,BRE_WHI,"Harrison, Connor",1000339305.0,Right,FAL_COM,Undefined,5,Bottom,2,1,1,Splitter,Splitter,FoulBallFieldable,Undefined,Undefined,Undefined,0,0,,85.98359,-1.42056,-1.877858,1160.63168,227.859913,1:30,6.20417,1.66286,5.36644,-29.14683,9.35252,9.00658,2.44229,0.65199,78.93226,-6.775196,-0.27635,0.446579,74.51164,48.089047,-40.838766,3192.813919,76.01066,91.61393,-79.5134,227.04832,109.04843,-50.091815,5.013538,-5.07981,5.43398,-1.50111,50.0,6.05598,3.71014,-124.78014,-4.12857,-8.02064,24.76515,-23.59415,FAL_COM,BRE_WHI,CCBLFalmouth,Cape Cod Baseball League,CCBL,20250615-CCBLFalmouth-2,1ddf8450-4a42-11f0-bf1d-4df1f6822eb9,84.40266,94.16973,,7.05133,,,,2.61385,2.53891,-0.84816,9af88363-f99a-4f69-b601-f10dcb047521,2025-06-15,23:40:27.06,2025-06-15T19:40:27.0623232-04:00,2025-06-15T23:40:27.0623232Z,FlyBall,v3,6099,6096,,"Rogers, Drew",811441,Right,BRE_WHI,8c8662c7-6aa3-4ac7-a36c-0db5f3e27a41,55.13364,-125.79489,12.38258,6.20534,-3.1618,-11.79708,-1.65986,4.03879,-4.01032,,2.61708,55.14619,-14.30847,3.26564,-0.11362,-0.20721,0.06879,-0.00922,0.00046,2.53582,81.38716,-20.88764,1.8782,-0.45205,0.08673,-0.00486,-0.00097,0.00011,-0.84947,-47.70706,5.5809,-0.9244,-0.01105,0.06189,-0.01734,0.0021,-0.0001,,,,,,,,,,,,,,,,,,,,,,,High,High,High,High,Low,,,,85.98359,9.35252,9.00658,1160.63168,9.00658,-0.0153565845624984,0.13983703456654095,0.3918903674418035,105.94019266697411,0
159,2025-06-15,19:41:02.85,3,4,"Bauer, Douglas",813843,Right,BRE_WHI,"Harrison, Connor",1000339305.0,Right,FAL_COM,Undefined,5,Bottom,2,1,2,Slider,Slider,BallCalled,Undefined,Undefined,Undefined,0,0,,86.93812,-0.944782,-2.603891,2147.267455,132.919123,10:30,6.1694,1.55896,5.60969,-30.05793,7.52713,-6.77792,2.78172,-1.43804,79.40048,-6.487532,-3.812188,0.441244,,,,,,,,,,,,2.66162,4.47024,-1.33184,50.0,6.06934,6.02403,-126.0518,-3.13138,4.26123,26.80313,-25.01721,FAL_COM,BRE_WHI,CCBLFalmouth,Cape Cod Baseball League,CCBL,20250615-CCBLFalmouth-2,331d71b0-4a42-11f0-bf1d-4df1f6822eb9,85.42307,,,7.53764,,,,,,,9af88363-f99a-4f69-b601-f10dcb047521,2025-06-15,23:41:02.85,2025-06-15T19:41:02.8540416-04:00,2025-06-15T23:41:02.8540416Z,,v3,6099,6096,,"Rogers, Drew",811441,Right,BRE_WHI,8b8a82d8-334e-4b70-8df7-ca5a8942c4c7,54.88764,-127.08684,13.40156,6.17161,-2.16531,-12.50861,-1.56129,5.85948,2.13061,,,,,,,,,,,,,,,,,,,,,,,,,,,,,,,,,,,,,,,,,,,,,,,,,,,High,High,High,,,,,,86.93812,7.52713,-6.77792,2147.267455,-6.77792,0.2402486310117844,0.15996036246036463,0.40035012296546346,96.99182300894363,0
160,2025-06-15,19:41:18.28,3,5,"Bauer, Douglas",813843,Right,BRE_WHI,"Harrison, Connor",1000339305.0,Right,FAL_COM,Undefined,5,Bottom,2,2,2,Splitter,Splitter,BallCalled,Undefined,Undefined,Undefined,0,0,,85.90058,-0.577094,-0.903001,1096.761936,279.356884,3:15,6.15991,1.50402,5.4994,-38.77734,-0.48953,9.99993,2.3886,1.49267,79.11444,-7.649339,0.88198,0.44535,,,,,,,,,,,,-5.2789,0.28669,-1.43194,50.0,6.08333,1.53895,-124.79095,-2.68688,-8.34602,24.49971,-31.72079,FAL_COM,BRE_WHI,CCBLFalmouth,Cape Cod Baseball League,CCBL,20250615-CCBLFalmouth-2,3c4e5970-4a42-11f0-bf1d-4df1f6822eb9,84.63551,,,6.78614,,,,,,,9af88363-f99a-4f69-b601-f10dcb047521,2025-06-15,23:41:18.28,2025-06-15T19:41:18.2840832-04:00,2025-06-15T23:41:18.2840832Z,,v3,6099,6096,,"Rogers, Drew",811441,Right,BRE_WHI,b09f939f-2b17-4493-9646-6ed4e399bd45,55.00046,-125.76884,12.24986,6.16531,-1.42076,-15.8604,-1.50001,1.87207,-4.17301,,,,,,,,,,,,,,,,,,,,,,,,,,,,,,,,,,,,,,,,,,,,,,,,,,,High,High,High,,,,,,85.90058,-0.48953,9.99993,1096.761936,9.99993,-0.1675880324208126,0.13983703456654095,0.3918903674418035,111.7670052339194,0
161,2025-06-15,19:41:39.06,3,6,"Bauer, Douglas",813843,Right,BRE_WHI,"Harrison, Connor",1000339305.0,Right,FAL_COM,Undefined,5,Bottom,2,3,2,Splitter,Splitter,BallCalled,Walk,Undefined,Undefined,0,0,,84.56204,1.170432,-2.203446,1107.368942,247.953135,2:15,6.17823,1.6015,5.43569,-33.51663,5.94288,11.8504,4.48219,0.5246,77.84,-4.980428,-0.096201,0.452113,,,,,,,,,,,,-6.50126,3.06126,-1.41473,50.0,6.25875,4.21999,-122.78609,1.31917,-10.01121,22.3373,-27.46008,FAL_COM,BRE_WHI,CCBLFalmouth,Cape Cod Baseball League,CCBL,20250615-CCBLFalmouth-2,48b65050-4a42-11f0-bf1d-4df1f6822eb9,83.36945,,,6.72203,,,,,,,9af88363-f99a-4f69-b601-f10dcb047521,2025-06-15,23:41:39.06,2025-06-15T19:41:39.0657536-04:00,2025-06-15T23:41:39.0657536Z,,v3,6099,6096,,"Rogers, Drew",811441,Right,BRE_WHI,235b72ba-57ae-470c-87cd-050d950f6967,55.06378,-123.70387,11.16865,6.18137,2.44742,-13.73004,-1.59657,4.63132,-5.00561,,,,,,,,,,,,,,,,,,,,,,,,,,,,,,,,,,,,,,,,,,,,,,,,,,,High,High,High,,,,,,84.56204,5.94288,11.8504,1107.368942,11.8504,-0.199572551989694,0.13983703456654095,0.3918903674418035,112.99124505554367,0
162,2025-06-15,19:42:22.12,4,1,"Bauer, Douglas",813843,Right,BRE_WHI,"Morrison, Kyle",835275.0,Left,FAL_COM,Undefined,5,Bottom,2,0,0,Splitter,Changeup,StrikeCalled,Undefined,Undefined,Undefined,0,0,,84.12256,0.240742,-2.306411,1186.746676,245.984597,2:15,6.10372,1.99182,5.38717,-34.34411,5.94839,10.46945,3.46755,0.70132,76.91202,-6.066301,-0.445596,0.45686,,,,,,,,,,,,-5.89426,3.31437,-1.79321,50.0,6.10119,4.46875,-122.03559,-0.70584,-8.88228,24.17892,-27.17948,FAL_COM,BRE_WHI,CCBLFalmouth,Cape Cod Baseball League,CCBL,20250615-CCBLFalmouth-2,625c2bb0-4a42-11f0-bf1d-4df1f6822eb9,82.50319,,,7.21054,,,,,,,9af88363-f99a-4f69-b601-f10dcb047521,2025-06-15,23:42:22.12,2025-06-15T19:42:22.1274112-04:00,2025-06-15T23:42:22.1274112Z,,v3,6099,6096,,"Rogers, Drew",811441,Right,BRE_WHI,a0d9dd07-f92d-45ad-bf77-ed456d3c2570,55.11129,-123.04412,12.08946,6.10699,0.42785,-13.58974,-1.98733,4.83924,-4.44114,,,,,,,,,,,,,,,,,,,,,,,,,,,,,,,,,,,,,,,,,,,,,,,,,,,High,High,High,,,,,,84.12256,5.94839,10.46945,1186.746676,10.46945,0.0021845291346947,0.13983703456654095,0.3918903674418035,105.26878880681934,0
163,2025-06-15,19:42:39.00,4,2,"Bauer, Douglas",813843,Right,BRE_WHI,"Morrison, Kyle",835275.0,Left,FAL_COM,Undefined,5,Bottom,2,0,1,Slider,Slider,StrikeCalled,Undefined,Undefined,Undefined,0,0,,85.73024,-1.509812,-1.993654,2100.569143,145.576841,10:45,6.15594,1.98922,5.47197,-33.79675,4.71138,-2.43335,1.92546,-0.08,79.06184,-7.680059,-2.427185,0.44663,,,,,,,,,,,,0.70004,3.11937,-1.81223,50.0,6.0,4.43362,-124.44079,-4.4924,1.10161,24.14047,-27.26522,FAL_COM,BRE_WHI,CCBLFalmouth,Cape Cod Baseball League,CCBL,20250615-CCBLFalmouth-2,6c7ec670-4a42-11f0-bf1d-4df1f6822eb9,84.39304,,,6.6684,,,,,,,9af88363-f99a-4f69-b601-f10dcb047521,2025-06-15,23:42:39.00,2025-06-15T19:42:39.0013952-04:00,2025-06-15T23:42:39.0013952Z,,v3,6099,6096,,"Rogers, Drew",811441,Right,BRE_WHI,fcee28b2-868f-4299-af08-67e3c6fd11b2,55.02795,-125.41238,12.07024,6.15872,-3.39505,-13.63261,-1.98977,4.38928,0.55081,,,,,,,,,,,,,,,,,,,,,,,,,,,,,,,,,,,,,,,,,,,,,,,,,,,High,High,High,,,,,,85.73024,4.71138,-2.43335,2100.569143,-2.43335,-0.0293892709176154,0.15996036246036463,0.40035012296546346,107.09440146947256,0
164,2025-06-15,19:42:59.89,4,3,"Bauer, Douglas",813843,Right,BRE_WHI,"Morrison, Kyle",835275.0,Left,FAL_COM,Undefined,5,Bottom,2,0,2,Fastball,Four-Seam,InPlay,Undefined,Popup,Out,1,0,,94.49263,-1.84305,-2.834174,2260.50271,214.898416,1:15,6.06037,1.78114,5.88323,-11.36642,20.12403,13.30107,3.39895,0.25549,85.82107,-4.060229,-0.451062,0.403888,82.35086,64.347138,-23.869282,4405.932136,76.71809,118.79942,-78.83104,153.02279,55.91453,-47.925078,5.676595,-7.65367,11.16123,-1.56007,50.0,5.905,6.19027,-137.02883,-4.71051,-14.48151,31.65632,-11.0559,FAL_COM,BRE_WHI,CCBLFalmouth,Cape Cod Baseball League,CCBL,20250615-CCBLFalmouth-2,78f22f00-4a42-11f0-bf1d-4df1f6822eb9,93.32399,133.95831,,8.67156,,,,1.70152,2.73129,0.06757,9af88363-f99a-4f69-b601-f10dcb047521,2025-06-15,23:42:59.89,2025-06-15T19:42:59.8936576-04:00,2025-06-15T23:42:59.8936576Z,Popup,v3,6099,6096,,"Rogers, Drew",811441,Right,BRE_WHI,74a97786-cc94-4546-9601-f85d3cc23ca7,54.61583,-138.09106,15.82816,6.05684,-4.33952,-5.52795,-1.77594,6.6762,-7.24076,,1.69027,47.93571,-18.69613,5.86416,-0.99852,-0.04512,0.05931,-0.01025,0.00058,2.70379,109.36256,-30.11911,5.68258,-2.15507,0.65501,-0.11972,0.01127,-0.00042,0.0584,-21.03427,-2.8704,1.97252,-0.58921,0.07129,0.00672,-0.0026,0.00018,,,,,,,,,,,,,,,,,,,,,,,High,High,High,Medium,Low,,,,94.49263,20.12403,13.30107,2260.50271,13.30107,-0.3642243357553817,0.18374319194258007,0.39580054955247945,120.76680521227927,0
182,2025-06-15,19:57:10.94,1,2,"Bauer, Douglas",813843,Right,BRE_WHI,"Niu, Maika",809569.0,Right,FAL_COM,Undefined,6,Bottom,0,0,1,Splitter,Changeup,BallCalled,Undefined,Undefined,Undefined,0,0,,84.96105,-4.31336,-3.918097,1493.306176,210.885419,1:00,6.21679,1.5387,5.42472,-22.34497,17.1021,9.50312,0.29752,-1.34494,78.49906,-8.429699,-2.231683,0.452042,,,,,,,,,,,,-5.80681,10.09579,-1.19754,50.0,5.81726,8.0183,-122.83692,-10.01674,-8.94598,22.44099,-16.62046,FAL_COM,BRE_WHI,CCBLFalmouth,Cape Cod Baseball League,CCBL,20250615-CCBLFalmouth-2,743d4790-4a44-11f0-bf1d-4df1f6822eb9,83.38261,,,6.46199,,,,,,,9af88363-f99a-4f69-b601-f10dcb047521,2025-06-15,23:57:10.94,2025-06-15T19:57:10.9452800-04:00,2025-06-15T23:57:10.9452800Z,,v3,6099,6096,,"Rogers, Drew",811441,Right,BRE_WHI,eda6cab4-dab2-47f3-9d33-07f29d2bf395,55.07508,-123.76061,11.2205,6.21548,-9.33263,-8.31023,-1.53516,8.38653,-4.47299,,,,,,,,,,,,,,,,,,,,,,,,,,,,,,,,,,,,,,,,,,,,,,,,,,,High,High,High,,,,,,84.96105,17.1021,9.50312,1493.306176,9.50312,0.1137745178426842,0.13983703456654095,0.3918903674418035,100.99756917581269,0
183,2025-06-15,19:57:28.12,1,3,"Bauer, Douglas",813843,Right,BRE_WHI,"Niu, Maika",809569.0,Right,FAL_COM,Undefined,6,Bottom,0,1,1,Splitter,Changeup,BallCalled,Undefined,Undefined,Undefined,0,0,,82.72822,0.114012,-1.964863,1312.43803,262.214729,2:45,6.38076,1.54748,5.11177,-38.54321,3.47457,15.76395,3.2763,1.00932,75.8523,-6.901574,0.825456,0.466539,,,,,,,,,,,,-8.38737,2.09142,-1.37527,50.0,6.36147,3.4414,-120.03669,-1.17727,-12.24374,23.12455,-29.12103,FAL_COM,BRE_WHI,CCBLFalmouth,Cape Cod Baseball League,CCBL,20250615-CCBLFalmouth-2,7e656090-4a44-11f0-bf1d-4df1f6822eb9,80.79164,,,6.87592,,,,,,,9af88363-f99a-4f69-b601-f10dcb047521,2025-06-15,23:57:28.12,2025-06-15T19:57:28.1272832-04:00,2025-06-15T23:57:28.1272832Z,,v3,6099,6096,,"Rogers, Drew",811441,Right,BRE_WHI,28051bbd-6754-4f5f-aa8c-391700f15e60,55.38811,-121.07024,11.56228,6.385,0.12428,-14.56052,-1.54131,3.98863,-6.12187,,,,,,,,,,,,,,,,,,,,,,,,,,,,,,,,,,,,,,,,,,,,,,,,,,,High,High,High,,,,,,82.72822,3.47457,15.76395,1312.43803,15.76395,-0.1842737170321348,0.13983703456654095,0.3918903674418035,112.4056666810064,0
184,2025-06-15,19:57:45.27,1,4,"Bauer, Douglas",813843,Right,BRE_WHI,"Niu, Maika",809569.0,Right,FAL_COM,Undefined,6,Bottom,0,2,1,Fastball,Four-Seam,InPlay,Undefined,LineDrive,Out,1,0,,91.85676,-1.592756,-3.2733,2251.440434,223.375129,1:30,6.17123,1.59511,5.68034,-15.92725,17.53804,15.5469,3.35642,-0.16393,83.78579,-4.61697,-0.49927,0.41636,80.99224,13.333913,-16.991197,1343.927716,103.62279,12.19717,-36.90852,165.56391,150.166,-21.343846,1.696867,-8.85934,9.6943,-1.32927,50.0,6.02706,6.93345,-133.19281,-4.20724,-15.90569,28.76071,-14.76934,FAL_COM,BRE_WHI,CCBLFalmouth,Cape Cod Baseball League,CCBL,20250615-CCBLFalmouth-2,88ad5da0-4a44-11f0-bf1d-4df1f6822eb9,90.52855,13.5242,,8.07098,,,,1.94413,3.39136,0.15696,9af88363-f99a-4f69-b601-f10dcb047521,2025-06-15,23:57:45.27,2025-06-15T19:57:45.2771840-04:00,2025-06-15T23:57:45.2771840Z,LineDrive,v3,6099,6096,,"Rogers, Drew",811441,Right,BRE_WHI,ace91d1d-997b-4694-9e03-07a8c4489b32,54.81967,-134.2295,14.38035,6.16911,-3.67488,-7.38467,-1.58952,7.50678,-7.95284,90.167065,1.94413,110.54081,-14.80492,2.05552,-0.4094,0.06016,-0.00953,0.0015,-0.00012,3.39136,27.39566,-19.73793,1.85894,-0.35835,0.07661,-0.01228,0.00169,-0.00015,0.15696,-33.77715,-2.36234,1.11385,-0.30224,0.07245,-0.01381,0.00216,-0.00018,,,,,,,,,,,,,,,,,,,,,,,High,High,High,High,High,,,,91.85676,17.53804,15.5469,2251.440434,15.5469,0.3413760814048596,0.18374319194258007,0.39580054955247945,94.02604836044907,0
185,2025-06-15,19:58:20.54,2,1,"Bauer, Douglas",813843,Right,BRE_WHI,"Newstrom, Chris",,Right,FAL_COM,Undefined,6,Bottom,1,0,0,Slider,Slider,BallCalled,Undefined,Undefined,Undefined,0,0,,84.71148,0.520577,-1.32642,2244.65042,173.462659,11:45,6.19031,1.7626,5.41574,-33.51018,5.67544,-0.52551,3.88561,0.476,78.36922,-5.611461,-1.419899,0.450541,,,,,,,,,,,,-0.05949,3.0754,-1.64434,50.0,6.21315,2.87274,-123.1106,-0.07952,-0.09236,21.71873,-27.39805,FAL_COM,BRE_WHI,CCBLFalmouth,Cape Cod Baseball League,CCBL,20250615-CCBLFalmouth-2,9d9ae110-4a44-11f0-bf1d-4df1f6822eb9,83.66031,,,6.34226,,,,,,,9af88363-f99a-4f69-b601-f10dcb047521,2025-06-15,23:58:20.54,2025-06-15T19:58:20.5487616-04:00,2025-06-15T23:58:20.5487616Z,,v3,6099,6096,,"Rogers, Drew",811441,Right,BRE_WHI,db41d6d3-0ffe-4de7-916c-75d60472bf14,55.08392,-124.00424,10.85937,6.19323,1.04781,-13.69903,-1.76262,2.87655,-0.04618,,,,,,,,,,,,,,,,,,,,,,,,,,,,,,,,,,,,,,,,,,,,,,,,,,,High,High,High,,,,,,84.71148,5.67544,-0.52551,2244.65042,-0.52551,0.2501946447637351,0.15996036246036463,0.40035012296546346,96.61917367596932,0
186,2025-06-15,19:58:35.80,2,2,"Bauer, Douglas",813843,Right,BRE_WHI,"Newstrom, Chris",,Right,FAL_COM,Undefined,6,Bottom,1,1,0,Splitter,Changeup,StrikeCalled,Undefined,Undefined,Undefined,0,0,,82.84816,-2.606981,-3.05277,1359.921055,213.290701,1:00,6.29127,1.54572,5.36137,-27.68001,13.68343,8.17,1.53475,-0.63888,76.57557,-7.684087,-1.602245,0.462892,,,,,,,,,,,,-4.8854,7.92245,-1.27733,50.0,6.03709,6.06716,-120.08627,-6.40406,-7.19479,21.396,-20.50657,FAL_COM,BRE_WHI,CCBLFalmouth,Cape Cod Baseball League,CCBL,20250615-CCBLFalmouth-2,a6b70850-4a44-11f0-bf1d-4df1f6822eb9,81.42814,,,6.27259,,,,,,,9af88363-f99a-4f69-b601-f10dcb047521,2025-06-15,23:58:35.80,2025-06-15T19:58:35.8071296-04:00,2025-06-15T23:58:35.8071296Z,,v3,6099,6096,,"Rogers, Drew",811441,Right,BRE_WHI,917c3b5c-a4aa-40fa-b07f-d23d02ffc273,55.13774,-120.99821,10.698,6.29141,-5.53003,-10.25328,-1.54246,6.37381,-3.5974,,,,,,,,,,,,,,,,,,,,,,,,,,,,,,,,,,,,,,,,,,,,,,,,,,,High,High,High,,,,,,82.84816,13.68343,8.17,1359.921055,8.17,0.5367776079583655,0.13983703456654095,0.3918903674418035,84.80669826169799,0
187,2025-06-15,19:58:55.32,2,3,"Bauer, Douglas",813843,Right,BRE_WHI,"Newstrom, Chris",,Right,FAL_COM,Undefined,6,Bottom,1,1,1,Fastball,Four-Seam,BallCalled,Undefined,Undefined,Undefined,0,0,,93.432,-2.100591,-4.073669,2283.559328,222.861755,1:30,6.24039,1.41256,6.20635,-13.67363,18.04119,15.79969,3.15631,-1.03714,85.34083,-4.736061,-1.230576,0.405324,,,,,,,,,,,,-9.27115,10.21461,-1.11382,50.0,6.07516,8.96964,-135.43563,-5.34467,-17.24564,29.16989,-13.1734,FAL_COM,BRE_WHI,CCBLFalmouth,Cape Cod Baseball League,CCBL,20250615-CCBLFalmouth-2,b2521240-4a44-11f0-bf1d-4df1f6822eb9,92.99333,,,8.09117,,,,,,,9af88363-f99a-4f69-b601-f10dcb047521,2025-06-15,23:58:55.32,2025-06-15T19:58:55.3226752-04:00,2025-06-15T23:58:55.3226752Z,,v3,6099,6096,,"Rogers, Drew",811441,Right,BRE_WHI,8baa865b-9734-4b50-8ff9-2236604d096c,54.29288,-136.35709,14.58494,6.23742,-4.92853,-6.5867,-1.40577,9.51442,-8.62282,,,,,,,,,,,,,,,,,,,,,,,,,,,,,,,,,,,,,,,,,,,,,,,,,,,High,High,High,,,,,,93.432,18.04119,15.79969,2283.559328,15.79969,0.1308730109522277,0.18374319194258007,0.39580054955247945,102.00366754354427,0
188,2025-06-15,19:59:16.06,2,4,"Bauer, Douglas",813843,Right,BRE_WHI,"Newstrom, Chris",,Right,FAL_COM,Undefined,6,Bottom,1,2,1,Slider,Slider,BallCalled,Undefined,Undefined,Undefined,0,0,,83.79139,1.089421,-2.746237,2063.115969,167.324948,11:30,6.16011,1.56466,5.46199,-33.13931,6.67382,-1.27055,4.41948,-1.11364,77.9253,-4.969731,-2.971948,0.454135,,,,,,,,,,,,0.02173,3.45012,-1.32177,50.0,6.23329,5.89175,-121.73739,1.15844,0.03322,19.73688,-26.90032,FAL_COM,BRE_WHI,CCBLFalmouth,Cape Cod Baseball League,CCBL,20250615-CCBLFalmouth-2,beb61180-4a44-11f0-bf1d-4df1f6822eb9,82.99837,,,5.86609,,,,,,,9af88363-f99a-4f69-b601-f10dcb047521,2025-06-15,23:59:16.06,2025-06-15T19:59:16.0677376-04:00,2025-06-15T23:59:16.0677376Z,,v3,6099,6096,,"Rogers, Drew",811441,Right,BRE_WHI,850db72c-368f-4cd8-9341-d00c798c4800,55.03836,-122.55152,9.86844,6.16262,2.26806,-13.45016,-1.56477,5.89038,0.01661,,,,,,,,,,,,,,,,,,,,,,,,,,,,,,,,,,,,,,,,,,,,,,,,,,,High,High,High,,,,,,83.79139,6.67382,-1.27055,2063.115969,-1.27055,0.181310591736938,0.15996036246036463,0.40035012296546346,99.2000665897729,0
189,2025-06-15,19:59:35.47,2,5,"Bauer, Douglas",813843,Right,BRE_WHI,"Newstrom, Chris",,Right,FAL_COM,Undefined,6,Bottom,1,3,1,Fastball,Sinker,StrikeCalled,Undefined,Undefined,Undefined,0,0,,91.30325,-1.447078,-3.724526,2217.048884,230.050843,1:45,6.21049,1.45326,5.79231,-17.46619,16.25662,18.11324,3.40573,-0.50683,83.33782,-4.752767,-0.487374,0.417959,,,,,,,,,,,,-10.228,9.00493,-1.15719,50.0,6.0807,7.81462,-132.35822,-3.89475,-18.1588,28.03304,-16.18669,FAL_COM,BRE_WHI,CCBLFalmouth,Cape Cod Baseball League,CCBL,20250615-CCBLFalmouth-2,ca449850-4a44-11f0-bf1d-4df1f6822eb9,90.1822,,,7.96543,,,,,,,9af88363-f99a-4f69-b601-f10dcb047521,2025-06-15,23:59:35.47,2025-06-15T19:59:35.4757632-04:00,2025-06-15T23:59:35.4757632Z,,v3,6099,6096,,"Rogers, Drew",811441,Right,BRE_WHI,8804272e-6a22-49e2-ab5a-ef8aa3217ce2,54.70678,-133.35138,14.01652,6.20853,-3.32129,-8.09334,-1.44545,8.45795,-9.0794,,,,,,,,,,,,,,,,,,,,,,,,,,,,,,,,,,,,,,,,,,,,,,,,,,,High,High,High,,,,,,91.30325,16.25662,18.11324,2217.048884,18.11324,0.3189227167372465,0.18374319194258007,0.39580054955247945,94.87698318202779,0
190,2025-06-15,19:59:58.02,2,6,"Bauer, Douglas",813843,Right,BRE_WHI,"Newstrom, Chris",,Right,FAL_COM,Undefined,6,Bottom,1,3,2,Fastball,Four-Seam,BallCalled,Walk,Undefined,Undefined,0,0,,90.73963,0.065908,-1.930755,2287.452399,211.743307,1:00,6.19722,1.50242,5.64155,-13.28438,21.0834,12.34977,5.15171,0.72977,82.41705,-2.503105,0.27375,0.421936,,,,,,,,,,,,-6.76992,10.9678,-1.34622,50.0,6.19448,3.87784,-131.65983,-0.20359,-11.84536,28.78231,-12.98369,FAL_COM,BRE_WHI,CCBLFalmouth,Cape Cod Baseball League,CCBL,20250615-CCBLFalmouth-2,d7b6d340-4a44-11f0-bf1d-4df1f6822eb9,89.33202,,,8.32257,,,,,,,9af88363-f99a-4f69-b601-f10dcb047521,2025-06-15,23:59:58.02,2025-06-15T19:59:58.0297216-04:00,2025-06-15T23:59:58.0297216Z,,v3,6099,6096,,"Rogers, Drew",811441,Right,BRE_WHI,6a882c87-8972-42f6-bfa3-23a85c384c00,54.85538,-132.71703,14.39116,6.1932,0.27331,-6.49185,-1.49665,4.31293,-5.92268,,,,,,,,,,,,,,,,,,,,,,,,,,,,,,,,,,,,,,,,,,,,,,,,,,,High,High,High,,,,,,90.73963,21.0834,12.34977,2287.452399,12.34977,0.1887840809328825,0.18374319194258007,0.39580054955247945,99.80896101599649,0
191,2025-06-15,20:00:39.40,3,1,"Bauer, Douglas",813843,Right,BRE_WHI,"Quatrani, Mark",805544.0,Right,FAL_COM,Undefined,6,Bottom,1,0,0,Splitter,Changeup,BallCalled,Undefined,Undefined,Undefined,0,0,,82.36685,-1.126646,-3.773781,1297.332033,239.684601,2:00,6.21126,1.65968,5.52717,-34.16951,7.45835,10.61997,2.30813,-0.98835,75.99384,-7.386152,-1.884219,0.464369,,,,,,,,,,,,-6.34,4.44918,-1.33848,50.0,6.09029,7.447,-119.42588,-3.51143,-9.21952,21.51531,-25.70415,FAL_COM,BRE_WHI,CCBLFalmouth,Cape Cod Baseball League,CCBL,20250615-CCBLFalmouth-2,f065cb80-4a44-11f0-bf1d-4df1f6822eb9,81.16912,,,6.37302,,,,,,,9af88363-f99a-4f69-b601-f10dcb047521,2025-06-16,00:00:39.40,2025-06-15T20:00:39.4017792-04:00,2025-06-16T00:00:39.4017792Z,,v3,6099,6096,,"Rogers, Drew",811441,Right,BRE_WHI,6df78f6a-58de-4772-a31e-276c2df45413,54.97234,-120.31835,10.75766,6.21384,-2.44521,-12.85208,-1.65532,7.82943,-4.60976,,,,,,,,,,,,,,,,,,,,,,,,,,,,,,,,,,,,,,,,,,,,,,,,,,,High,High,High,,,,,,82.36685,7.45835,10.61997,1297.332033,10.61997,0.000722853923864,0.13983703456654095,0.3918903674418035,105.32473590321159,0
192,2025-06-15,20:00:56.04,3,2,"Bauer, Douglas",813843,Right,BRE_WHI,"Quatrani, Mark",805544.0,Right,FAL_COM,Undefined,6,Bottom,1,1,0,Fastball,Four-Seam,StrikeSwinging,Undefined,Undefined,StolenBase,0,0,,90.87407,-2.888,-3.203405,2176.066301,214.390297,1:15,6.27238,1.58391,5.83577,-15.41005,18.38879,11.8841,2.29744,-0.40631,83.61011,-5.806004,-1.076702,0.418429,,,,,,,,,,,,-6.9276,10.47528,-1.32968,50.0,6.02735,6.87139,-131.77879,-7.12002,-12.27108,26.08236,-13.61882,FAL_COM,BRE_WHI,CCBLFalmouth,Cape Cod Baseball League,CCBL,20250615-CCBLFalmouth-2,fa6240a0-4a44-11f0-bf1d-4df1f6822eb9,90.08078,,,7.26396,,,,,,,9af88363-f99a-4f69-b601-f10dcb047521,2025-06-16,00:00:56.04,2025-06-15T20:00:56.0420000-04:00,2025-06-16T00:00:56.0420000Z,,v3,6099,6096,,"Rogers, Drew",811441,Right,BRE_WHI,135b9317-7978-4572-ac0b-dfb5ec85dcab,54.66458,-132.69881,13.04118,6.27003,-6.63964,-6.80941,-1.5797,7.30424,-6.13554,,,,,,,,,,,,,,,,,,,,,,,,,,,,,76.97843,2.083839,0.722022,1.361816,0.7703,2.23147,0.41831,-1.7292,5.94831,2.05948,127.2854,5.36542,5.95768,-1.32853,108.39724,-10.17555,5.99991,15.46202,-11.68295,1.90053,-0.81036,2.75551,High,High,High,,,High,Medium,Medium,90.87407,18.38879,11.8841,2176.066301,11.8841,0.0389986133201284,0.18374319194258007,0.39580054955247945,105.48551203830226,1
193,2025-06-15,20:01:34.03,3,3,"Bauer, Douglas",813843,Right,BRE_WHI,"Quatrani, Mark",805544.0,Right,FAL_COM,Undefined,6,Bottom,1,1,1,Splitter,Changeup,StrikeCalled,Undefined,Undefined,Undefined,0,0,,82.90497,-1.281397,-3.266847,1233.621472,273.606968,3:00,6.32193,1.57136,5.41737,-40.98589,0.46248,13.2982,1.70391,-0.38405,76.28718,-8.735085,-0.900246,0.463367,,,,,,,,,,,,-7.63201,0.95126,-1.29055,50.0,6.17914,6.31772,-120.21523,-4.15065,-11.17122,23.25201,-30.78168,FAL_COM,BRE_WHI,CCBLFalmouth,Cape Cod Baseball League,CCBL,20250615-CCBLFalmouth-2,111282b0-4a45-11f0-bf1d-4df1f6822eb9,81.34467,,,6.61779,,,,,,,9af88363-f99a-4f69-b601-f10dcb047521,2025-06-16,00:01:34.03,2025-06-15T20:01:34.0344832-04:00,2025-06-16T00:01:34.0344832Z,,v3,6099,6096,,"Rogers, Drew",811441,Right,BRE_WHI,acc0de53-d3e3-4483-b2ca-ce508c68126b,55.08351,-121.1945,11.626,6.32665,-2.85428,-15.39084,-1.56653,6.7882,-5.58561,,,,,,,,,,,,,,,,,,,,,,,,,,,,,,,,,,,,,,,,,,,,,,,,,,,High,High,High,,,,,,82.90497,0.46248,13.2982,1233.621472,13.2982,0.440075152586883,0.13983703456654095,0.3918903674418035,88.50808250352334,0
194,2025-06-15,20:01:57.26,3,4,"Bauer, Douglas",813843,Right,BRE_WHI,"Quatrani, Mark",805544.0,Right,FAL_COM,Undefined,6,Bottom,1,1,2,Splitter,Changeup,StrikeSwinging,Strikeout,Undefined,Undefined,0,0,,82.08003,-1.593442,-2.392991,1231.320136,268.296099,3:00,6.34102,1.45191,5.4279,-40.49699,1.58516,10.54162,1.4722,0.08783,75.86432,-8.951176,-0.514306,0.466896,,,,,,,,,,,,-6.00611,1.55256,-1.2474,50.0,6.17116,4.55955,-119.1358,-4.72928,-8.66233,22.13777,-29.93487,FAL_COM,BRE_WHI,CCBLFalmouth,Cape Cod Baseball League,CCBL,20250615-CCBLFalmouth-2,1ee63e90-4a45-11f0-bf1d-4df1f6822eb9,80.72982,,,6.21571,,,,,,,9af88363-f99a-4f69-b601-f10dcb047521,2025-06-16,00:01:57.26,2025-06-15T20:01:57.2655104-04:00,2025-06-16T00:01:57.2655104Z,,v3,6099,6096,,"Rogers, Drew",811441,Right,BRE_WHI,2e3185e5-3431-4a81-a069-abfd6475eab4,55.0736,-120.07488,11.06889,6.34484,-3.45945,-14.96743,-1.44861,4.927,-4.33116,,,,,,,,,,,,,,,,,,,,,,,,,,,,,,,,,,,,,,,,,,,,,,,,,,,High,High,High,,,,,,82.08003,1.58516,10.54162,1231.320136,10.54162,0.3896100900662384,0.13983703456654095,0.3918903674418035,90.43968378974806,1
195,2025-06-15,20:02:32.69,4,1,"Bauer, Douglas",813843,Right,BRE_WHI,"Royo, Ben",809786.0,Right,FAL_COM,Undefined,6,Bottom,2,0,0,Fastball,Four-Seam,InPlay,Undefined,FlyBall,Out,1,0,,93.56947,-2.393652,-3.50861,2278.501184,225.218594,1:30,6.1923,1.66596,5.89892,-16.62686,15.34477,14.43418,2.57909,-0.39254,85.58125,-5.537873,-0.923081,0.406962,99.91679,-2.761343,28.963031,2682.024516,,,,38.91191,35.79582,30.552531,0.276625,-8.34804,8.82119,-1.39172,50.0,5.98979,7.67793,-135.63299,-6.20466,-15.57541,29.22736,-15.71593,FAL_COM,BRE_WHI,CCBLFalmouth,Cape Cod Baseball League,CCBL,20250615-CCBLFalmouth-2,33ff65e0-4a45-11f0-bf1d-4df1f6822eb9,92.61908,2.5067,,7.98822,,,,0.01908,2.5067,0.42426,9af88363-f99a-4f69-b601-f10dcb047521,2025-06-16,00:02:32.69,2025-06-15T20:02:32.6996992-04:00,2025-06-16T00:02:32.6996992Z,GroundBall,v3,6099,6096,,"Rogers, Drew",811441,Right,BRE_WHI,2ce33f5d-f495-4273-a6c3-c8b1e0a52324,54.60043,-136.62074,14.61368,6.1905,-5.67354,-7.85797,-1.66009,8.2043,-7.78771,,0.02459,127.80226,-24.48633,,,,,,,2.50584,-7.0181,-7.3673,,,,,,,0.42402,70.89296,-3.32694,,,,,,,,,,,,,,,,,,,,,,,,,,,,,High,High,High,High,High,,,,93.56947,15.34477,14.43418,2278.501184,14.43418,0.0046910107729915,0.18374319194258007,0.39580054955247945,106.7856972926909,0
218,2025-06-15,20:19:26.86,1,1,"Bates, Zach",831337,Left,BRE_WHI,"Morales, Antonio",822655.0,Left,FAL_COM,Undefined,7,Bottom,0,0,0,Fastball,Sinker,BallCalled,Undefined,Undefined,Undefined,0,0,,91.34378,-1.217024,3.437206,2125.51548,135.292945,10:30,5.50264,-3.0677,6.06869,-15.9058,17.93568,-16.51824,3.04872,-1.25961,82.09333,-4.292869,0.469023,0.418693,,,,,,,,,,,,9.52607,9.95138,2.80933,50.0,5.39962,-7.21623,-132.28713,-3.2435,16.61844,32.30973,-14.81365,FAL_COM,BRE_WHI,CCBLFalmouth,Cape Cod Baseball League,CCBL,20250615-CCBLFalmouth-2,90669220-4a47-11f0-bf1d-4df1f6822eb9,90.02395,,,9.25045,,,,,,,9af88363-f99a-4f69-b601-f10dcb047521,2025-06-16,00:19:26.86,2025-06-15T20:19:26.8607488-04:00,2025-06-16T00:19:26.8607488Z,,v3,6099,6096,,"Rogers, Drew",811441,Right,BRE_WHI,b6eb9629-e8a7-42e7-805f-3b47dd6521f0,54.42695,-133.36398,16.15487,5.4995,-2.74977,-7.40682,3.05907,-7.77011,8.30922,,,,,,,,,,,,,,,,,,,,,,,,,,,,,,,,,,,,,,,,,,,,,,,,,,,High,High,High,,,,,,91.34378,17.93568,-16.51824,2125.51548,16.51824,0.4233529194882905,0.18374319194258007,0.39580054955247945,90.91930034647639,0
219,2025-06-15,20:19:44.01,1,2,"Bates, Zach",831337,Left,BRE_WHI,"Morales, Antonio",822655.0,Left,FAL_COM,Undefined,7,Bottom,0,1,0,Fastball,Four-Seam,BallCalled,Undefined,Undefined,Undefined,0,0,,91.59913,-1.044641,5.272195,2066.1936,141.279638,10:45,5.55558,-2.94092,6.13715,-15.74493,17.84312,-13.33989,3.27384,0.83382,82.55328,-4.084011,2.88269,0.417123,,,,,,,,,,,,8.4528,9.84863,2.54404,50.0,5.46725,-11.6347,-132.4018,-2.84412,14.83696,31.21899,-14.887,FAL_COM,BRE_WHI,CCBLFalmouth,Cape Cod Baseball League,CCBL,20250615-CCBLFalmouth-2,9a9d0300-4a47-11f0-bf1d-4df1f6822eb9,90.36298,,,9.04585,,,,,,,9af88363-f99a-4f69-b601-f10dcb047521,2025-06-16,00:19:44.01,2025-06-15T20:19:44.0143360-04:00,2025-06-16T00:19:44.0143360Z,,v3,6099,6096,,"Rogers, Drew",811441,Right,BRE_WHI,038df947-abb7-4953-b9a9-ad946214cf92,54.35869,-133.42557,15.6095,5.55251,-2.35593,-7.4435,2.93356,-12.12125,7.41848,,,,,,,,,,,,,,,,,,,,,,,,,,,,,,,,,,,,,,,,,,,,,,,,,,,High,High,High,,,,,,91.59913,17.84312,-13.33989,2066.1936,13.33989,-0.0010777445899663,0.18374319194258007,0.39580054955247945,107.0043208659583,0
220,2025-06-15,20:20:03.38,1,3,"Bates, Zach",831337,Left,BRE_WHI,"Morales, Antonio",822655.0,Left,FAL_COM,Undefined,7,Bottom,0,2,0,Fastball,Four-Seam,StrikeCalled,Undefined,Undefined,Undefined,0,0,,90.85707,-2.202578,4.952085,2116.640728,147.22296,11:00,5.59319,-3.01575,6.16804,-15.96839,18.09611,-10.87024,2.21942,0.66389,82.12723,-5.276857,3.002332,0.420071,,,,,,,,,,,,7.13418,10.38107,2.64514,50.0,5.41747,-10.92392,-131.35772,-5.49923,12.33445,30.54672,-14.22594,FAL_COM,BRE_WHI,CCBLFalmouth,Cape Cod Baseball League,CCBL,20250615-CCBLFalmouth-2,a643f3d0-4a47-11f0-bf1d-4df1f6822eb9,89.72878,,,8.72985,,,,,,,9af88363-f99a-4f69-b601-f10dcb047521,2025-06-16,00:20:03.38,2025-06-15T20:20:03.3811456-04:00,2025-06-16T00:20:03.3811456Z,,v3,6099,6096,,"Rogers, Drew",811441,Right,BRE_WHI,de159f1a-2b9a-4a6c-b2cf-e532c6c2836a,54.3291,-132.36061,15.27336,5.59035,-5.03217,-7.11297,3.01043,-11.32888,6.16722,,,,,,,,,,,,,,,,,,,,,,,,,,,,,,,,,,,,,,,,,,,,,,,,,,,High,High,High,,,,,,90.85707,18.09611,-10.87024,2116.640728,10.87024,0.055983909225225,0.18374319194258007,0.39580054955247945,104.84180540660475,0
221,2025-06-15,20:20:22.59,1,4,"Bates, Zach",831337,Left,BRE_WHI,"Morales, Antonio",822655.0,Left,FAL_COM,Undefined,7,Bottom,0,2,1,Fastball,Sinker,BallCalled,Undefined,Undefined,Undefined,0,0,,91.55147,-3.561213,5.193463,1996.174189,137.893743,10:30,5.61899,-2.77786,6.14868,-17.75934,15.87123,-13.26072,0.83064,0.92904,82.97639,-6.93985,2.815554,0.417387,,,,,,,,,,,,8.46012,9.64949,2.38852,50.0,5.33752,-11.46172,-132.19327,-8.77839,14.82906,30.66525,-15.26028,FAL_COM,BRE_WHI,CCBLFalmouth,Cape Cod Baseball League,CCBL,20250615-CCBLFalmouth-2,b1ae50d0-4a47-11f0-bf1d-4df1f6822eb9,90.30578,,,8.57508,,,,,,,9af88363-f99a-4f69-b601-f10dcb047521,2025-06-16,00:20:22.59,2025-06-15T20:20:22.5984000-04:00,2025-06-16T00:20:22.5984000Z,,v3,6099,6096,,"Rogers, Drew",811441,Right,BRE_WHI,70947510-f3c5-4a47-9270-46885f8741d0,54.34987,-133.1985,15.33263,5.61708,-8.27815,-7.63014,2.77221,-11.94782,7.41453,,,,,,,,,,,,,,,,,,,,,,,,,,,,,,,,,,,,,,,,,,,,,,,,,,,High,High,High,,,,,,91.55147,15.87123,-13.26072,1996.174189,13.26072,0.1753872373878575,0.18374319194258007,0.39580054955247945,100.31667292645893,0
222,2025-06-15,20:20:43.53,1,5,"Bates, Zach",831337,Left,BRE_WHI,"Morales, Antonio",822655.0,Left,FAL_COM,Undefined,7,Bottom,0,3,1,Fastball,Four-Seam,BallCalled,Walk,Undefined,Undefined,0,0,,91.49386,-1.680917,6.221846,2192.900348,138.934995,10:45,5.48215,-3.12849,6.31331,-18.92096,14.40816,-11.57308,2.34744,1.66085,83.14362,-5.276204,4.147868,0.415512,,,,,,,,,,,,7.76248,8.29851,2.67624,50.0,5.34915,-13.91647,-132.12757,-4.44565,13.66917,29.17042,-17.56102,FAL_COM,BRE_WHI,CCBLFalmouth,Cape Cod Baseball League,CCBL,20250615-CCBLFalmouth-2,be17a740-4a47-11f0-bf1d-4df1f6822eb9,90.71329,,,8.35024,,,,,,,9af88363-f99a-4f69-b601-f10dcb047521,2025-06-16,00:20:43.53,2025-06-15T20:20:43.5367936-04:00,2025-06-16T00:20:43.5367936Z,,v3,6099,6096,,"Rogers, Drew",811441,Right,BRE_WHI,da278e46-22ed-4b6b-abaf-1b9ecc25994d,54.18362,-133.048,14.58521,5.48068,-3.89154,-8.78051,3.12216,-14.34778,6.83459,,,,,,,,,,,,,,,,,,,,,,,,,,,,,,,,,,,,,,,,,,,,,,,,,,,High,High,High,,,,,,91.49386,14.40816,-11.57308,2192.900348,11.57308,-0.3456417287480079,0.18374319194258007,0.39580054955247945,120.06256388309018,0
223,2025-06-15,20:21:20.84,2,1,"Bates, Zach",831337,Left,BRE_WHI,"Osterhouse, Justin",835276.0,Left,FAL_COM,Undefined,7,Bottom,0,0,0,Fastball,Sinker,FoulBallNotFieldable,Undefined,Undefined,Undefined,0,0,,91.90912,-1.197982,4.456685,2131.648523,140.642288,10:45,5.61661,-2.97764,6.13248,-14.75072,18.55981,-14.23981,3.27659,-0.03672,82.81325,-4.059746,1.900639,0.415396,71.55746,6.680084,-174.499713,2114.999859,,,,93.81013,39.43011,-176.444402,0.995261,8.72658,10.28969,2.64382,50.0,5.51716,-9.75484,-133.01933,-3.1764,15.44171,31.83528,-13.96646,FAL_COM,BRE_WHI,CCBLFalmouth,Cape Cod Baseball League,CCBL,20250615-CCBLFalmouth-2,d472c470-4a47-11f0-bf1d-4df1f6822eb9,90.7386,5.41688,,9.09587,,,,-0.23115,3.08304,-0.05192,9af88363-f99a-4f69-b601-f10dcb047521,2025-06-16,00:21:20.84,2025-06-15T20:21:20.8484864-04:00,2025-06-16T00:21:20.8484864Z,GroundBall,v3,6099,6096,,"Rogers, Drew",811441,Right,BRE_WHI,51d20c82-a53e-4a66-a1c1-9338c72ef2e9,54.3647,-134.05986,15.91764,5.61352,-2.71991,-6.98323,2.9709,-10.25955,7.72086,104.468479,-0.28824,-102.97145,9.2812,,,,,,,3.12288,11.6679,-14.91388,,,,,,,-0.08749,-9.49922,3.79144,,,,,,,,,,,,,,,,,,,,,,,,,,,,,High,High,High,High,Low,,,,91.90912,18.55981,-14.23981,2131.648523,14.23981,-0.0929548092000709,0.18374319194258007,0.39580054955247945,110.48626643351705,0
224,2025-06-15,20:22:09.19,2,2,"Bates, Zach",831337,Left,BRE_WHI,"Osterhouse, Justin",835276.0,Left,FAL_COM,Undefined,7,Bottom,0,0,1,Fastball,Four-Seam,StrikeSwinging,Undefined,Undefined,Undefined,0,0,,92.72746,-1.746161,3.553954,2103.282369,141.061747,10:45,5.62216,-2.95487,6.02734,-14.34981,18.25796,-13.85489,2.80557,-0.81382,84.12091,-4.512525,1.06724,0.410991,,,,,,,,,,,,8.10646,10.1993,2.68375,50.0,5.47739,-7.72835,-134.3605,-4.49308,14.73557,30.63971,-13.63429,FAL_COM,BRE_WHI,CCBLFalmouth,Cape Cod Baseball League,CCBL,20250615-CCBLFalmouth-2,f12088a0-4a47-11f0-bf1d-4df1f6822eb9,91.71119,,,8.60655,,,,,,,9af88363-f99a-4f69-b601-f10dcb047521,2025-06-16,00:22:09.19,2025-06-15T20:22:09.1971584-04:00,2025-06-16T00:22:09.1971584Z,,v3,6099,6096,,"Rogers, Drew",811441,Right,BRE_WHI,0d01a4c9-733e-4748-9c06-5b669baf7ebc,54.46957,-135.3759,15.31986,5.6188,-4.04124,-6.81715,2.94796,-8.2167,7.36779,,,,,,,,,,,,,,,,,,,,,,,,,,,,,,,,,,,,,,,,,,,,,,,,,,,High,High,High,,,,,,92.72746,18.25796,-13.85489,2103.282369,13.85489,-0.0202196337968795,0.18374319194258007,0.39580054955247945,107.72975780238588,1
225,2025-06-15,20:22:33.40,2,3,"Bates, Zach",831337,Left,BRE_WHI,"Osterhouse, Justin",835276.0,Left,FAL_COM,Undefined,7,Bottom,0,0,2,Fastball,Sinker,BallCalled,Undefined,Undefined,Undefined,0,0,,92.11686,-0.534851,4.923861,2160.183602,135.034496,10:30,5.56101,-2.96913,6.16714,-17.14387,15.63398,-14.55583,3.63648,0.37719,83.87984,-3.803955,2.31221,0.412061,,,,,,,,,,,,8.84662,8.53296,2.60222,50.0,5.51141,-10.86722,-133.4051,-1.74666,15.93815,28.77418,-16.80099,FAL_COM,BRE_WHI,CCBLFalmouth,Cape Cod Baseball League,CCBL,20250615-CCBLFalmouth-2,ff9343a0-4a47-11f0-bf1d-4df1f6822eb9,91.47292,,,8.23702,,,,,,,9af88363-f99a-4f69-b601-f10dcb047521,2025-06-16,00:22:33.40,2025-06-15T20:22:33.4004736-04:00,2025-06-16T00:22:33.4004736Z,,v3,6099,6096,,"Rogers, Drew",811441,Right,BRE_WHI,f61e9adc-6acf-4ed5-8853-52f82d8d6e63,54.33097,-134.336,14.38709,5.55912,-1.20312,-8.4005,2.96214,-11.38285,7.96907,,,,,,,,,,,,,,,,,,,,,,,,,,,,,,,,,,,,,,,,,,,,,,,,,,,High,High,High,,,,,,92.11686,15.63398,-14.55583,2160.183602,14.55583,0.2218219304687169,0.18374319194258007,0.39580054955247945,98.55689670330707,0
226,2025-06-15,20:22:54.86,2,4,"Bates, Zach",831337,Left,BRE_WHI,"Osterhouse, Justin",835276.0,Left,FAL_COM,Undefined,7,Bottom,0,1,2,Slider,Slider,BallCalled,Undefined,Undefined,Undefined,0,0,,80.02058,2.901076,0.251364,2531.008334,287.307822,3:30,5.17574,-3.06238,5.5907,-48.23211,-4.27012,17.81702,3.8676,-1.34292,73.60545,-5.914583,3.429637,0.477211,,,,,,,,,,,,-8.91217,-2.49717,3.02914,50.0,5.39351,-1.21728,-116.20446,4.23384,-12.23801,20.90874,-35.60311,FAL_COM,BRE_WHI,CCBLFalmouth,Cape Cod Baseball League,CCBL,20250615-CCBLFalmouth-2,0c63c050-4a48-11f0-bf1d-4df1f6822eb9,78.9849,,,6.41513,,,,,,,9af88363-f99a-4f69-b601-f10dcb047521,2025-06-16,00:22:54.86,2025-06-15T20:22:54.8669952-04:00,2025-06-16T00:22:54.8669952Z,,v3,6099,6096,,"Rogers, Drew",811441,Right,BRE_WHI,84699106-5a47-43d2-9c3d-29f2e231a074,54.91128,-117.08481,10.45437,5.18369,5.7329,-17.80155,3.06955,-0.702,-6.119,,,,,,,,,,,,,,,,,,,,,,,,,,,,,,,,,,,,,,,,,,,,,,,,,,,High,High,High,,,,,,80.02058,-4.27012,17.81702,2531.008334,-17.81702,0.2723484857537165,0.15996036246036463,0.40035012296546346,95.78913118119435,0
227,2025-06-15,20:23:17.76,2,5,"Bates, Zach",831337,Left,BRE_WHI,"Osterhouse, Justin",835276.0,Left,FAL_COM,Undefined,7,Bottom,0,2,2,Fastball,Four-Seam,BallCalled,Undefined,Undefined,Undefined,0,0,,92.85699,-3.181482,4.921883,2217.632401,142.106477,10:45,5.55678,-2.96827,6.21124,-13.22847,19.20147,-14.07532,1.50429,0.41246,84.33753,-5.747354,2.394173,0.409868,,,,,,,,,,,,8.7654,11.22701,2.60535,50.0,5.31047,-10.97372,-134.26095,-7.82994,15.91327,30.53405,-11.79177,FAL_COM,BRE_WHI,CCBLFalmouth,Cape Cod Baseball League,CCBL,20250615-CCBLFalmouth-2,1a1b1a90-4a48-11f0-bf1d-4df1f6822eb9,91.96229,,,8.51946,,,,,,,9af88363-f99a-4f69-b601-f10dcb047521,2025-06-16,00:23:17.76,2025-06-15T20:23:17.7612288-04:00,2025-06-16T00:23:17.7612288Z,,v3,6099,6096,,"Rogers, Drew",811441,Right,BRE_WHI,b794e7d6-1583-4e8e-b8ef-f26a0ecfc7db,54.28812,-135.23265,15.26702,5.55367,-7.45468,-5.89589,2.96263,-11.48014,7.95664,,,,,,,,,,,,,,,,,,,,,,,,,,,,,,,,,,,,,,,,,,,,,,,,,,,High,High,High,,,,,,92.85699,19.20147,-14.07532,2217.632401,14.07532,-0.0643639469848797,0.18374319194258007,0.39580054955247945,109.40273349321978,0
228,2025-06-15,20:23:40.52,2,6,"Bates, Zach",831337,Left,BRE_WHI,"Osterhouse, Justin",835276.0,Left,FAL_COM,Undefined,7,Bottom,0,3,2,Fastball,Four-Seam,StrikeCalled,Strikeout,Undefined,Undefined,0,0,,93.0231,-1.137668,5.2056,2132.130768,137.741147,10:30,5.56858,-2.92547,6.13409,-16.52493,15.75863,-13.34733,3.13551,0.78685,84.57936,-4.291667,2.814221,0.408942,,,,,,,,,,,,8.35256,8.77056,2.53373,50.0,5.47271,-11.68706,-134.61076,-3.16691,15.28768,29.89588,-16.12131,FAL_COM,BRE_WHI,CCBLFalmouth,Cape Cod Baseball League,CCBL,20250615-CCBLFalmouth-2,27940c40-4a48-11f0-bf1d-4df1f6822eb9,92.17055,,,8.44374,,,,,,,9af88363-f99a-4f69-b601-f10dcb047521,2025-06-16,00:23:40.52,2025-06-15T20:23:40.5258752-04:00,2025-06-16T00:23:40.5258752Z,,v3,6099,6096,,"Rogers, Drew",811441,Right,BRE_WHI,809c1bfe-5b0c-438e-833c-c23780eeaa78,54.36418,-135.57654,14.94794,5.5666,-2.64612,-8.06065,2.91926,-12.18093,7.64384,,,,,,,,,,,,,,,,,,,,,,,,,,,,,,,,,,,,,,,,,,,,,,,,,,,High,High,High,,,,,,93.0231,15.75863,-13.34733,2132.130768,13.34733,0.0363058397898736,0.18374319194258007,0.39580054955247945,105.58756243464327,0
229,2025-06-15,20:24:47.46,3,1,"Bates, Zach",831337,Left,BRE_WHI,"Moran, Landon",701335.0,Left,FAL_COM,Undefined,7,Bottom,1,0,0,Slider,Slider,StrikeCalled,Undefined,Undefined,Undefined,1,0,,80.34369,1.971526,2.375586,2586.370479,288.826262,3:45,5.18731,-3.40226,5.73484,-49.3379,-5.79996,20.74529,2.91407,0.53999,74.05875,-7.038943,6.07869,0.474903,,,,,,,,,,,,-9.90729,-3.11051,3.19143,50.0,5.32138,-5.63932,-116.66457,2.36157,-13.65124,21.99524,-36.46003,FAL_COM,BRE_WHI,CCBLFalmouth,Cape Cod Baseball League,CCBL,20250615-CCBLFalmouth-2,4f84cf50-4a48-11f0-bf1d-4df1f6822eb9,79.36866,,,6.28493,,,,,,,9af88363-f99a-4f69-b601-f10dcb047521,2025-06-16,00:24:47.46,2025-06-15T20:24:47.4640000-04:00,2025-06-16T00:24:47.4640000Z,,v3,6099,6096,,"Rogers, Drew",811441,Right,BRE_WHI,9bd4cf94-2ab5-4849-982b-995e944f0a26,54.76806,-117.56007,10.99762,5.19502,3.84599,-18.23001,3.40972,-5.08353,-6.82562,,,,,,,,,,,,,,,,,,,,,,,,,,,,,,,,,,,,,,,,,,,,,,,,,,,High,High,High,,,,,,80.34369,-5.79996,20.74529,2586.370479,-20.74529,0.921647268159398,0.15996036246036463,0.40035012296546346,71.46172080363988,0
230,2025-06-15,20:25:05.09,3,2,"Bates, Zach",831337,Left,BRE_WHI,"Moran, Landon",701335.0,Left,FAL_COM,Undefined,7,Bottom,2,0,1,Slider,Slider,BallCalled,Undefined,Undefined,Undefined,0,0,,81.67716,0.643289,5.036442,2546.841005,284.630123,3:30,5.13145,-2.9748,5.92508,-46.10081,-3.96079,19.87092,1.88897,3.36653,75.47428,-7.758973,8.573138,0.467217,,,,,,,,,,,,-8.72926,-1.79969,2.5601,50.0,5.15731,-11.18613,-118.29302,-0.18761,-12.33464,23.15112,-34.71707,FAL_COM,BRE_WHI,CCBLFalmouth,Cape Cod Baseball League,CCBL,20250615-CCBLFalmouth-2,5a031ea0-4a48-11f0-bf1d-4df1f6822eb9,80.67435,,,6.20288,,,,,,,9af88363-f99a-4f69-b601-f10dcb047521,2025-06-16,00:25:05.09,2025-06-15T20:25:05.0942976-04:00,2025-06-16T00:25:05.0942976Z,,v3,6099,6096,,"Rogers, Drew",811441,Right,BRE_WHI,3ab59537-b7d3-4474-b985-bfd288c403c0,54.57659,-119.18533,11.57556,5.13876,1.1505,-17.35853,2.98209,-10.71071,-6.16732,,,,,,,,,,,,,,,,,,,,,,,,,,,,,,,,,,,,,,,,,,,,,,,,,,,High,High,High,,,,,,81.67716,-3.96079,19.87092,2546.841005,-19.87092,0.7876784089383203,0.15996036246036463,0.40035012296546346,76.48115947255098,0
231,2025-06-15,20:25:27.52,3,3,"Bates, Zach",831337,Left,BRE_WHI,"Moran, Landon",701335.0,Left,FAL_COM,Undefined,7,Bottom,2,1,1,Slider,Slider,InPlay,Undefined,GroundBall,Error,0,0,,79.80227,0.641409,2.939515,2522.358215,301.945988,4:00,5.11366,-3.45456,6.22955,-52.86204,-9.40926,17.18481,1.30106,0.69186,73.66886,-9.056739,6.03923,0.474439,,,,,,,,,,,,-8.13981,-4.77418,3.22637,50.0,5.13527,-6.55381,-115.95647,-0.32574,-11.02603,22.71752,-38.64105,FAL_COM,BRE_WHI,CCBLFalmouth,Cape Cod Baseball League,CCBL,20250615-CCBLFalmouth-2,67792a20-4a48-11f0-bf1d-4df1f6822eb9,79.44639,,,6.13341,,,,,,,9af88363-f99a-4f69-b601-f10dcb047521,2025-06-16,00:25:27.52,2025-06-15T20:25:27.5297792-04:00,2025-06-16T00:25:27.5297792Z,,v3,6099,6096,,"Rogers, Drew",811441,Right,BRE_WHI,7311e3cd-d753-421c-89a9-dd77ab989485,54.27413,-116.79083,11.35876,5.12117,1.09345,-19.32052,3.45964,-6.14885,-5.51302,,,,,,,,,,,,,,,,,,,,,,,,,,,,,,,,,,,,,,,,,,,,,,,,,,,High,High,High,,,,,,79.80227,-9.40926,17.18481,2522.358215,-17.18481,0.7282008235732442,0.15996036246036463,0.40035012296546346,78.70961833717611,0
232,2025-06-15,20:26:19.54,4,1,"Bates, Zach",831337,Left,BRE_WHI,"Harrison, Connor",1000339305.0,Right,FAL_COM,Undefined,7,Bottom,2,0,0,Fastball,Four-Seam,BallCalled,Undefined,Undefined,Undefined,0,0,,92.52575,-0.75035,3.848259,2134.000847,145.087296,10:45,5.61036,-3.01193,6.20865,-16.86871,15.44776,-10.06776,3.51049,-0.29378,84.46251,-3.966123,2.036625,0.409151,,,,,,,,,,,,6.26115,8.5117,2.7276,50.0,5.54532,-8.60075,-134.20334,-2.25186,11.42606,28.8698,-16.64096,FAL_COM,BRE_WHI,CCBLFalmouth,Cape Cod Baseball League,CCBL,20250615-CCBLFalmouth-2,8658e980-4a48-11f0-bf1d-4df1f6822eb9,92.12362,,,8.06324,,,,,,,9af88363-f99a-4f69-b601-f10dcb047521,2025-06-16,00:26:19.54,2025-06-15T20:26:19.5430000-04:00,2025-06-16T00:26:19.5430000Z,,v3,6099,6096,,"Rogers, Drew",811441,Right,BRE_WHI,d4599804-8adb-42a1-9175-8db90b8c02eb,54.2897,-135.12299,14.4349,5.60861,-1.72176,-8.32048,3.00738,-8.96473,5.71303,,,,,,,,,,,,,,,,,,,,,,,,,,,,,78.69663,1.554609,0.711885,0.842725,-0.96726,3.34156,0.21071,-3.09303,5.95566,3.48051,62.65341,6.47888,62.12786,-3.04806,85.97526,-9.5811,5.96419,10.98861,-12.33009,3.50755,74.91348,-6.39663,High,High,High,,,High,High,High,92.52575,15.44776,-10.06776,2134.000847,10.06776,-0.1932458148518992,0.18374319194258007,0.39580054955247945,114.28708249220713,0
233,2025-06-15,20:26:41.51,4,2,"Bates, Zach",831337,Left,BRE_WHI,"Harrison, Connor",1000339305.0,Right,FAL_COM,Undefined,7,Bottom,2,1,0,Fastball,Four-Seam,StrikeCalled,Undefined,Undefined,Undefined,0,0,,92.28424,-1.105909,4.421509,2085.639858,149.257658,11:00,5.47043,-3.05384,6.24197,-17.71733,14.85918,-8.20851,2.97075,0.34852,84.09141,-4.477708,2.945533,0.410793,,,,,,,,,,,,5.50205,8.33418,2.72791,50.0,5.37898,-9.99448,-133.71609,-3.10697,9.94196,29.36441,-17.11454,FAL_COM,BRE_WHI,CCBLFalmouth,Cape Cod Baseball League,CCBL,20250615-CCBLFalmouth-2,9372f250-4a48-11f0-bf1d-4df1f6822eb9,91.75521,,,8.19283,,,,,,,9af88363-f99a-4f69-b601-f10dcb047521,2025-06-16,00:26:41.51,2025-06-15T20:26:41.5190016-04:00,2025-06-16T00:26:41.5190016Z,,v3,6099,6096,,"Rogers, Drew",811441,Right,BRE_WHI,40bd2f1c-4658-4166-9dea-f19810ffcaa1,54.25608,-134.64749,14.68221,5.46892,-2.56412,-8.55727,3.04992,-10.30983,4.97098,,,,,,,,,,,,,,,,,,,,,,,,,,,,,,,,,,,,,,,,,,,,,,,,,,,High,High,High,,,,,,92.28424,14.85918,-8.20851,2085.639858,8.20851,-0.4642535540660367,0.18374319194258007,0.39580054955247945,124.55770008687287,0
234,2025-06-15,20:27:01.53,4,3,"Bates, Zach",831337,Left,BRE_WHI,"Harrison, Connor",1000339305.0,Right,FAL_COM,Undefined,7,Bottom,2,1,1,Fastball,Four-Seam,BallCalled,Undefined,Undefined,Undefined,0,0,,91.58371,0.170855,3.540086,2122.311765,140.361403,10:45,5.55016,-2.8387,6.27998,-16.67552,16.35836,-12.64729,4.31831,-0.62554,83.10368,-3.03302,1.259789,0.413667,,,,,,,,,,,,7.53682,8.74292,2.58273,50.0,5.55443,-7.67972,-132.83058,-0.05874,13.40424,29.66148,-16.62474,FAL_COM,BRE_WHI,CCBLFalmouth,Cape Cod Baseball League,CCBL,20250615-CCBLFalmouth-2,9f640b80-4a48-11f0-bf1d-4df1f6822eb9,91.11772,,,8.48003,,,,,,,9af88363-f99a-4f69-b601-f10dcb047521,2025-06-16,00:27:01.53,2025-06-15T20:27:01.5369216-04:00,2025-06-16T00:27:01.5369216Z,,v3,6099,6096,,"Rogers, Drew",811441,Right,BRE_WHI,eeb38083-6eee-4ea2-ae35-b0a61d7445a0,54.21694,-133.76892,14.83074,5.54797,0.46718,-8.31237,2.83238,-8.10377,6.70212,,,,,,,,,,,,,,,,,,,,,,,,,,,,,,,,,,,,,,,,,,,,,,,,,,,High,High,High,,,,,,91.58371,16.35836,-12.64729,2122.311765,12.64729,-0.1578342334753501,0.18374319194258007,0.39580054955247945,112.94505878544669,0
235,2025-06-15,20:27:23.81,4,4,"Bates, Zach",831337,Left,BRE_WHI,"Harrison, Connor",1000339305.0,Right,FAL_COM,Undefined,7,Bottom,2,2,1,Slider,Slider,InPlay,Undefined,GroundBall,Error,0,0,,79.06627,1.897905,2.031518,2458.684,297.54957,4:00,5.06351,-3.29896,6.08201,-50.09641,-5.94611,13.80367,2.64644,-0.26837,73.11016,-7.30747,4.515222,0.478232,76.23599,-19.573608,-32.207732,,,,,9.4666,6.9168,-24.178524,0.074057,-6.64107,-3.26811,3.13452,50.0,5.1833,-4.56459,-114.94067,2.25724,-8.92036,20.49537,-36.56384,FAL_COM,BRE_WHI,CCBLFalmouth,Cape Cod Baseball League,CCBL,20250615-CCBLFalmouth-2,accb9810-4a48-11f0-bf1d-4df1f6822eb9,78.81628,2.78327,,5.95611,,,,2.01291,2.78327,0.29477,9af88363-f99a-4f69-b601-f10dcb047521,2025-06-16,00:27:23.81,2025-06-15T20:27:23.8114816-04:00,2025-06-16T00:27:23.8114816Z,GroundBall,v3,6099,6096,,"Rogers, Drew",811441,Right,BRE_WHI,a52b2854-ff1f-47ae-ac68-877ae0e2f115,54.42128,-115.72636,10.24769,5.06991,3.65891,-18.28192,3.30295,-4.22263,-4.46018,180.0,2.0094,89.43422,,,,,,,,2.78475,-37.58289,,,,,,,,0.29698,-56.33659,,,,,,,,,,,,,,,,,,,,,,,,,,,,,,High,High,High,High,Medium,,,,79.06627,-5.94611,13.80367,2458.684,-13.80367,0.5671486193595466,0.15996036246036463,0.40035012296546346,84.74379423628994,0
236,2025-06-15,20:28:17.01,5,1,"Bates, Zach",831337,Left,BRE_WHI,"Morrison, Kyle",835275.0,Left,FAL_COM,Undefined,7,Bottom,2,0,0,Fastball,Sinker,StrikeCalled,Undefined,Undefined,Undefined,0,0,,91.3668,-1.641114,4.357706,1996.013219,139.736861,10:45,5.63952,-2.70586,6.28982,-17.54761,15.58233,-12.28981,2.66007,0.29355,83.37492,-4.986021,2.144416,0.414268,,,,,,,,,,,,7.59725,8.87674,2.39016,50.0,5.50971,-9.5847,-132.41135,-4.30383,13.47991,28.43038,-16.42393,FAL_COM,BRE_WHI,CCBLFalmouth,Cape Cod Baseball League,CCBL,20250615-CCBLFalmouth-2,cc77cf30-4a48-11f0-bf1d-4df1f6822eb9,90.9856,,,7.99188,,,,,,,9af88363-f99a-4f69-b601-f10dcb047521,2025-06-16,00:28:17.01,2025-06-15T20:28:17.0144768-04:00,2025-06-16T00:28:17.0144768Z,,v3,6099,6096,,"Rogers, Drew",811441,Right,BRE_WHI,1ab62015-771e-4ff8-9ccb-a76f68bdc83d,54.20899,-133.31201,14.21519,5.63781,-3.78353,-8.21197,2.70056,-10.01174,6.73996,,,,,,,,,,,,,,,,,,,,,,,,,,,,,,,,,,,,,,,,,,,,,,,,,,,High,High,High,,,,,,91.3668,15.58233,-12.28981,1996.013219,12.28981,-0.38132342680516,0.18374319194258007,0.39580054955247945,121.41482443821687,0
237,2025-06-15,20:28:38.56,5,2,"Bates, Zach",831337,Left,BRE_WHI,"Morrison, Kyle",835275.0,Left,FAL_COM,Undefined,7,Bottom,2,0,1,Fastball,Four-Seam,BallCalled,Undefined,Undefined,StolenBase,0,0,,91.22018,-1.407963,5.6068,1995.095025,147.614974,11:00,5.50412,-2.76402,6.53209,-18.34907,14.64753,-8.62603,2.67702,1.67681,83.37523,-4.903196,4.052163,0.413434,,,,,,,,,,,,6.04528,8.38056,2.37709,50.0,5.39779,-12.61492,-132.01226,-3.76327,10.68007,27.80561,-17.36828,FAL_COM,BRE_WHI,CCBLFalmouth,Cape Cod Baseball League,CCBL,20250615-CCBLFalmouth-2,d93a1b10-4a48-11f0-bf1d-4df1f6822eb9,91.16922,,,7.84495,,,,,,,9af88363-f99a-4f69-b601-f10dcb047521,2025-06-16,00:28:38.56,2025-06-15T20:28:38.5694208-04:00,2025-06-16T00:28:38.5694208Z,,v3,6099,6096,,"Rogers, Drew",811441,Right,BRE_WHI,20019c7d-c29f-4587-b0d0-505a9c35179b,53.96607,-132.84501,13.90281,5.5027,-3.24312,-8.68414,2.75968,-12.93478,5.34004,,,,,,,,,,,,,,,,,,,,,,,,,,,,,,,,,,,,,,,,,,,,,,,,,,,High,High,High,,,,,,91.22018,14.64753,-8.62603,1995.095025,8.62603,0.4203941412651295,0.18374319194258007,0.39580054955247945,91.03143175558533,0
238,2025-06-15,20:29:06.53,5,3,"Bates, Zach",831337,Left,BRE_WHI,"Morrison, Kyle",835275.0,Left,FAL_COM,Undefined,7,Bottom,2,1,1,Slider,Slider,BallCalled,Undefined,Undefined,Undefined,0,0,,79.07526,1.832309,0.586416,2410.559326,297.162927,4:00,5.02966,-3.14641,6.06947,-51.13196,-7.15559,16.32123,2.46492,-1.24363,73.31322,-7.555345,3.527795,0.477288,,,,,,,,,,,,-8.27721,-3.78654,3.0924,50.0,5.14435,-1.76646,-115.06275,2.06783,-11.17694,19.90351,-37.28713,FAL_COM,BRE_WHI,CCBLFalmouth,Cape Cod Baseball League,CCBL,20250615-CCBLFalmouth-2,e9ecdb00-4a48-11f0-bf1d-4df1f6822eb9,78.97204,,,5.76204,,,,,,,9af88363-f99a-4f69-b601-f10dcb047521,2025-06-16,00:29:06.53,2025-06-15T20:29:06.5347584-04:00,2025-06-16T00:29:06.5347584Z,,v3,6099,6096,,"Rogers, Drew",811441,Right,BRE_WHI,0d645cae-9af5-4c28-9ce3-95a906c55f63,54.43423,-115.82724,9.95175,5.03742,3.50003,-18.64357,3.152,-1.33715,-5.58847,,,,,,,,,,,,,,,,,,,,,,,,,,,,,,,,,,,,,,,,,,,,,,,,,,,High,High,High,,,,,,79.07526,-7.15559,16.32123,2410.559326,-16.32123,0.6121381784459086,0.15996036246036463,0.40035012296546346,83.05816121762932,0
239,2025-06-15,20:29:30.34,5,4,"Bates, Zach",831337,Left,BRE_WHI,"Morrison, Kyle",835275.0,Left,FAL_COM,Undefined,7,Bottom,2,2,1,Slider,Slider,BallCalled,Undefined,Undefined,Undefined,0,0,,77.73808,2.388733,0.818379,2340.019667,295.661775,3:45,4.97461,-3.45786,6.16234,-52.02345,-6.20969,15.85336,2.84745,-1.38071,71.33403,-7.214569,3.678241,0.487157,,,,,,,,,,,,-7.94063,-3.43154,3.38806,50.0,5.1297,-2.18149,-112.96663,3.12047,-10.23243,21.11589,-36.59597,FAL_COM,BRE_WHI,CCBLFalmouth,Cape Cod Baseball League,CCBL,20250615-CCBLFalmouth-2,f8206a20-4a48-11f0-bf1d-4df1f6822eb9,77.37219,,,6.40405,,,,,,,9af88363-f99a-4f69-b601-f10dcb047521,2025-06-16,00:29:30.34,2025-06-15T20:29:30.3464960-04:00,2025-06-16T00:29:30.3464960Z,,v3,6099,6096,,"Rogers, Drew",811441,Right,BRE_WHI,ef82abc6-23ba-4029-94d4-cd8d375c0f1a,54.33953,-113.77489,10.55794,4.98344,4.52126,-18.29799,3.46406,-1.78982,-5.11622,,,,,,,,,,,,,,,,,,,,,,,,,,,,,,,,,,,,,,,,,,,,,,,,,,,High,High,High,,,,,,77.73808,-6.20969,15.85336,2340.019667,-15.85336,0.0496925267999187,0.15996036246036463,0.40035012296546346,104.13142756808739,0
240,2025-06-15,20:29:51.61,5,5,"Bates, Zach",831337,Left,BRE_WHI,"Morrison, Kyle",835275.0,Left,FAL_COM,Undefined,7,Bottom,2,3,1,Slider,Curveball,StrikeSwinging,Undefined,Undefined,Undefined,0,0,,77.58701,2.240479,3.23742,2462.019083,299.145557,4:00,4.9342,-3.30283,6.31016,-55.28676,-9.40855,19.31698,2.39522,1.29236,71.49376,-7.940215,6.71813,0.4875,,,,,,,,,,,,-9.10414,-5.10918,3.05677,50.0,5.07283,-7.04042,-112.6499,2.7623,-11.65,21.25977,-38.71197,FAL_COM,BRE_WHI,CCBLFalmouth,Cape Cod Baseball League,CCBL,20250615-CCBLFalmouth-2,04e4d8e0-4a49-11f0-bf1d-4df1f6822eb9,77.31783,,,6.09325,,,,,,,9af88363-f99a-4f69-b601-f10dcb047521,2025-06-16,00:29:51.61,2025-06-15T20:29:51.6144640-04:00,2025-06-16T00:29:51.6144640Z,,v3,6099,6096,,"Rogers, Drew",811441,Right,BRE_WHI,58849483-95b7-46f5-8da2-c4a1587d173a,54.19337,-113.43852,10.62989,4.94373,4.19831,-19.35599,3.30991,-6.60826,-5.825,,,,,,,,,,,,,,,,,,,,,,,,,,,,,,,,,,,,,,,,,,,,,,,,,,,High,High,High,,,,,,77.58701,-9.40855,19.31698,2462.019083,-19.31698,0.4693100579638898,0.15996036246036463,0.40035012296546346,88.40953164149977,1
241,2025-06-15,20:30:15.52,5,6,"Bates, Zach",831337,Left,BRE_WHI,"Morrison, Kyle",835275.0,Left,FAL_COM,Undefined,7,Bottom,2,3,2,Fastball,Four-Seam,FoulBallNotFieldable,Undefined,Undefined,Undefined,0,0,,92.08117,-1.989317,4.780851,2112.073754,145.629966,10:45,5.4954,-2.68744,6.30995,-18.00513,14.36249,-9.16745,2.1553,0.96292,84.79572,-5.391348,3.131286,0.409474,78.52079,16.634648,-156.432623,3858.068702,,,,,35.87947,,,5.99544,8.28264,2.34069,50.0,5.3403,-10.79078,-133.45827,-5.1846,10.90417,26.45807,-17.11005,FAL_COM,BRE_WHI,CCBLFalmouth,Cape Cod Baseball League,CCBL,20250615-CCBLFalmouth-2,131ad900-4a49-11f0-bf1d-4df1f6822eb9,92.05077,10.24134,,7.28546,,,,1.17977,2.06291,-0.92249,9af88363-f99a-4f69-b601-f10dcb047521,2025-06-16,00:30:15.52,2025-06-15T20:30:15.5291136-04:00,2025-06-16T00:30:15.5291136Z,,v3,6099,6096,,"Rogers, Drew",811441,Right,BRE_WHI,584db3f4-8b04-4f59-9990-81482bab3073,54.19012,-134.28639,13.22904,5.49419,-4.64907,-8.55502,2.68377,-11.13207,5.45208,,1.18169,-101.21743,10.44138,,,,,,,2.07311,32.57984,-26.79633,,,,,,,-0.93733,-43.55302,22.26237,,,,,,,,,,,,,,,,,,,,,,,,,,,,,High,High,High,High,Undefined,,,,92.08117,14.36249,-9.16745,2112.073754,9.16745,-0.5003350822742909,0.18374319194258007,0.39580054955247945,125.9251133553379,0
242,2025-06-15,20:30:42.28,5,7,"Bates, Zach",831337,Left,BRE_WHI,"Morrison, Kyle",835275.0,Left,FAL_COM,Undefined,7,Bottom,2,3,2,Fastball,Four-Seam,FoulBallNotFieldable,Undefined,Undefined,Undefined,0,0,,91.36643,-0.800875,4.099942,2119.801535,147.546401,11:00,5.45186,-2.85737,6.43589,-18.33186,14.69288,-8.65052,3.18627,0.19601,83.08192,-4.304771,2.537562,0.41361,78.34852,12.811905,-162.556645,3005.173994,,,,,38.13123,,,5.72134,8.23804,2.56924,50.0,5.38639,-9.14866,-132.47704,-2.36943,10.11906,29.56634,-17.60388,FAL_COM,BRE_WHI,CCBLFalmouth,Cape Cod Baseball League,CCBL,20250615-CCBLFalmouth-2,23156c80-4a49-11f0-bf1d-4df1f6822eb9,91.13036,9.71295,,8.28451,,,,0.70352,2.96537,-0.01928,9af88363-f99a-4f69-b601-f10dcb047521,2025-06-16,00:30:42.28,2025-06-15T20:30:42.2853120-04:00,2025-06-16T00:30:42.2853120Z,,v3,6099,6096,,"Rogers, Drew",811441,Right,BRE_WHI,1c5413a6-dde2-45b4-86bc-c6de7d60b516,54.06258,-133.38064,14.78317,5.45058,-1.83142,-8.80194,2.85356,-9.45792,5.05953,85.975562,0.70396,-106.91537,9.55864,,,,,,,2.96887,25.35365,-18.74669,,,,,,,-0.03035,-33.18173,19.18935,,,,,,,,,,,,,,,,,,,,,,,,,,,,,High,High,High,High,Undefined,,,,91.36643,14.69288,-8.65052,2119.801535,8.65052,-0.0643470976314223,0.18374319194258007,0.39580054955247945,109.40209493851806,0
243,2025-06-15,20:31:12.15,5,8,"Bates, Zach",831337,Left,BRE_WHI,"Morrison, Kyle",835275.0,Left,FAL_COM,Undefined,7,Bottom,2,3,2,Fastball,Four-Seam,InPlay,Undefined,GroundBall,Out,1,0,,91.77143,-2.080116,4.942656,2147.47121,138.452907,10:30,5.49443,-2.88855,6.23427,-16.59599,16.43737,-13.59469,2.18449,0.54955,83.56892,-5.252272,2.500128,0.413664,93.54242,-15.184851,-16.983548,,,,,8.9078,8.9078,-19.34842,0.059832,8.47004,9.44749,2.52564,50.0,5.33034,-10.92505,-132.83241,-5.31105,15.09499,29.12697,-15.33709,FAL_COM,BRE_WHI,CCBLFalmouth,Cape Cod Baseball League,CCBL,20250615-CCBLFalmouth-2,34da11a0-4a49-11f0-bf1d-4df1f6822eb9,91.11849,2.15361,,8.20251,,,,0.81585,2.15361,-0.6335,9af88363-f99a-4f69-b601-f10dcb047521,2025-06-16,00:31:12.15,2025-06-15T20:31:12.1573888-04:00,2025-06-16T00:31:12.1573888Z,GroundBall,v3,6099,6096,,"Rogers, Drew",811441,Right,BRE_WHI,49e30c03-8bad-4635-953e-5b595be6eb22,54.26491,-133.76433,14.56348,5.49241,-4.82033,-7.66854,2.88291,-11.40802,7.54749,180.0,0.81387,126.83626,,,,,,,,2.15417,-35.9944,,,,,,,,-0.63289,-38.73791,,,,,,,,,,,,,,,,,,,,,,,,,,,,,,High,High,High,High,High,,,,91.77143,16.43737,-13.59469,2147.47121,13.59469,0.2325772918597579,0.18374319194258007,0.39580054955247945,98.149291354987,0
266,2025-06-15,20:45:06.25,1,1,"Bates, Zach",831337,Left,BRE_WHI,"Niu, Maika",809569.0,Right,FAL_COM,Undefined,8,Bottom,0,0,0,Fastball,Sinker,BallCalled,Undefined,Undefined,Undefined,0,0,,91.61091,-0.34358,2.163138,2105.215352,132.185917,10:30,5.7862,-2.77211,5.76992,-19.54781,13.94024,-14.19658,3.83725,-1.94115,83.50229,-4.025037,-0.377567,0.416501,,,,,,,,,,,,7.80433,7.51508,2.60169,50.0,5.74601,-4.38715,-132.97606,-1.43824,13.95676,28.84364,-18.73458,FAL_COM,BRE_WHI,CCBLFalmouth,Cape Cod Baseball League,CCBL,20250615-CCBLFalmouth-2,25f23bc0-4a4b-11f0-bf1d-4df1f6822eb9,90.49776,,,8.10862,,,,,,,9af88363-f99a-4f69-b601-f10dcb047521,2025-06-16,00:45:06.25,2025-06-15T20:45:06.2593536-04:00,2025-06-16T00:45:06.2593536Z,,v3,6099,6096,,"Rogers, Drew",811441,Right,BRE_WHI,69f72b92-87a1-4332-ae4d-162f7fb06f1e,54.72806,-133.99769,14.42182,5.7852,-0.77467,-9.36729,2.76583,-4.88149,6.97838,,,,,,,,,,,,,,,,,,,,,,,,,,,,,,,,,,,,,,,,,,,,,,,,,,,High,High,High,,,,,,91.61091,13.94024,-14.19658,2105.215352,14.19658,-0.1146906863604999,0.18374319194258007,0.39580054955247945,111.31001000278464,0
267,2025-06-15,20:45:21.93,1,2,"Bates, Zach",831337,Left,BRE_WHI,"Niu, Maika",809569.0,Right,FAL_COM,Undefined,8,Bottom,0,1,0,Fastball,Four-Seam,StrikeCalled,Undefined,Undefined,Undefined,0,0,,90.77611,-1.329027,5.079265,2130.267527,149.950696,11:00,5.51338,-2.98794,6.43148,-15.13654,18.26816,-9.95024,3.0255,0.86333,82.85572,-4.247288,3.286709,0.415983,,,,,,,,,,,,6.58685,10.22288,2.62983,50.0,5.41126,-11.28508,-131.46742,-3.44265,11.53509,27.70984,-14.2714,FAL_COM,BRE_WHI,CCBLFalmouth,Cape Cod Baseball League,CCBL,20250615-CCBLFalmouth-2,2f455180-4a4b-11f0-bf1d-4df1f6822eb9,90.61059,,,7.92039,,,,,,,9af88363-f99a-4f69-b601-f10dcb047521,2025-06-16,00:45:21.93,2025-06-15T20:45:21.9381248-04:00,2025-06-16T00:45:21.9381248Z,,v3,6099,6096,,"Rogers, Drew",811441,Right,BRE_WHI,631bb62a-03d0-4833-8cdb-8de7ceeeac37,54.06696,-132.32185,13.85492,5.51063,-3.00259,-7.1357,2.98329,-11.64077,5.76754,,,,,,,,,,,,,,,,,,,,,,,,,,,,,,,,,,,,,,,,,,,,,,,,,,,High,High,High,,,,,,90.77611,18.26816,-9.95024,2130.267527,9.95024,-0.0264631287912794,0.18374319194258007,0.39580054955247945,107.96637299916084,0
268,2025-06-15,20:45:40.04,1,3,"Bates, Zach",831337,Left,BRE_WHI,"Niu, Maika",809569.0,Right,FAL_COM,Undefined,8,Bottom,0,1,1,Fastball,Sinker,StrikeCalled,Undefined,Undefined,Undefined,0,0,,92.0607,-1.909057,4.634271,2199.596108,141.390244,10:45,5.75621,-2.83525,6.07954,-15.7258,17.28107,-12.92221,2.673,0.38494,83.76486,-4.918634,2.317914,0.413498,,,,,,,,,,,,7.96119,9.76894,2.48301,50.0,5.59971,-10.2466,-133.26794,-4.90186,14.27933,29.35383,-14.65231,FAL_COM,BRE_WHI,CCBLFalmouth,Cape Cod Baseball League,CCBL,20250615-CCBLFalmouth-2,3a13bca0-4a4b-11f0-bf1d-4df1f6822eb9,91.15506,,,8.29584,,,,,,,9af88363-f99a-4f69-b601-f10dcb047521,2025-06-16,00:45:40.04,2025-06-15T20:45:40.0474112-04:00,2025-06-16T00:45:40.0474112Z,,v3,6099,6096,,"Rogers, Drew",811441,Right,BRE_WHI,592a9ab7-f813-4e84-9c95-4d8248c56523,54.41861,-134.23767,14.67691,5.75365,-4.41781,-7.32616,2.82931,-10.71833,7.13967,,,,,,,,,,,,,,,,,,,,,,,,,,,,,,,,,,,,,,,,,,,,,,,,,,,High,High,High,,,,,,92.0607,17.28107,-12.92221,2199.596108,12.92221,0.158681395217902,0.18374319194258007,0.39580054955247945,100.94978885525859,0
269,2025-06-15,20:46:02.39,1,4,"Bates, Zach",831337,Left,BRE_WHI,"Niu, Maika",809569.0,Right,FAL_COM,Undefined,8,Bottom,0,1,2,ChangeUp,Changeup,FoulBallNotFieldable,Undefined,Undefined,Undefined,0,0,,86.39177,-0.064971,4.07305,1978.461481,112.303399,9:45,5.14587,-3.24568,6.27677,-27.30671,9.66398,-20.6921,2.81027,-1.20927,78.92385,-5.191426,0.341968,0.437623,,,,,,,,,,,,11.92772,5.38339,2.95441,50.0,5.12771,-8.13274,-125.35596,-0.96915,18.97615,25.38272,-23.60945,FAL_COM,BRE_WHI,CCBLFalmouth,Cape Cod Baseball League,CCBL,20250615-CCBLFalmouth-2,4784e620-4a4b-11f0-bf1d-4df1f6822eb9,86.12993,,,7.46792,,,,,,,9af88363-f99a-4f69-b601-f10dcb047521,2025-06-16,00:46:02.39,2025-06-15T20:46:02.3907840-04:00,2025-06-16T00:46:02.3907840Z,,v3,6099,6096,,"Rogers, Drew",811441,Right,BRE_WHI,2ac52952-1e72-4537-9b94-21f5189d3cc4,54.22423,-126.20841,12.69136,5.14695,-0.17626,-11.80472,3.23824,-8.77003,9.48807,,,,,,,,,,,,,,,,,,,,,,,,,,,,,,,,,,,,,,,,,,,,,,,,,,,High,High,High,,,,,,86.39177,9.66398,-20.6921,1978.461481,20.6921,0.1974448501283656,0.20520632251542162,0.40827392127189194,100.28515680218602,0
270,2025-06-15,20:46:25.79,1,5,"Bates, Zach",831337,Left,BRE_WHI,"Niu, Maika",809569.0,Right,FAL_COM,Undefined,8,Bottom,0,1,2,Fastball,Sinker,BallCalled,Undefined,Undefined,Undefined,0,0,,91.44467,-0.278317,5.039009,2221.19774,131.966275,10:30,5.71183,-2.60144,6.31528,-18.14158,15.10139,-15.53993,3.94268,0.75698,82.85426,-3.748947,2.243522,0.414974,,,,,,,,,,,,9.47894,8.2426,2.23846,50.0,5.68252,-11.01345,-132.37533,-1.15562,16.72742,29.70245,-17.62836,FAL_COM,BRE_WHI,CCBLFalmouth,Cape Cod Baseball League,CCBL,20250615-CCBLFalmouth-2,55574270-4a4b-11f0-bf1d-4df1f6822eb9,90.83074,,,8.59041,,,,,,,9af88363-f99a-4f69-b601-f10dcb047521,2025-06-16,00:46:25.79,2025-06-15T20:46:25.7968128-04:00,2025-06-16T00:46:25.7968128Z,,v3,6099,6096,,"Rogers, Drew",811441,Right,BRE_WHI,d2868c05-bf96-4c7a-a3f6-0351fb6f6154,54.1819,-133.31037,14.85123,5.71017,-0.60067,-8.81418,2.59346,-11.54003,8.36371,,,,,,,,,,,,,,,,,,,,,,,,,,,,,,,,,,,,,,,,,,,,,,,,,,,High,High,High,,,,,,91.44467,15.10139,-15.53993,2221.19774,15.53993,0.2211488783561205,0.18374319194258007,0.39580054955247945,98.58240394856068,0
271,2025-06-15,20:46:44.63,1,6,"Bates, Zach",831337,Left,BRE_WHI,"Niu, Maika",809569.0,Right,FAL_COM,Undefined,8,Bottom,0,2,2,Fastball,Four-Seam,InPlay,Undefined,GroundBall,Out,1,0,,91.4379,-0.421714,3.688858,2209.683631,142.891364,10:45,5.71325,-2.75133,6.37168,-16.62406,16.49473,-11.62784,3.93908,-0.32146,82.81744,-3.62482,1.589269,0.414199,79.6958,-19.730315,38.271633,,,,,11.38457,11.16574,37.709371,0.097845,7.17032,9.05319,2.48985,50.0,5.67488,-8.07429,-132.60486,-1.42505,12.66531,30.47249,-16.18291,FAL_COM,BRE_WHI,CCBLFalmouth,Cape Cod Baseball League,CCBL,20250615-CCBLFalmouth-2,60ac90d0-4a4b-11f0-bf1d-4df1f6822eb9,91.0009,3.87719,,8.62046,,,,0.51944,3.87719,0.26751,9af88363-f99a-4f69-b601-f10dcb047521,2025-06-16,00:46:44.63,2025-06-15T20:46:44.6361600-04:00,2025-06-16T00:46:44.6361600Z,GroundBall,v3,6099,6096,,"Rogers, Drew",811441,Right,BRE_WHI,e6eb9a6f-ff6d-4738-a93b-137001065a8f,54.12646,-133.54975,15.23624,5.71128,-0.92324,-8.09145,2.7463,-8.46702,6.33265,180.0,0.51373,86.74078,,,,,,,,3.87979,-39.62572,,,,,,,,0.26301,68.43404,,,,,,,,,,,,,,,,,,,,,,,,,,,,,,High,High,High,High,High,,,,91.4379,16.49473,-11.62784,2209.683631,11.62784,-0.1982451041602965,0.18374319194258007,0.39580054955247945,114.47654493663967,0
272,2025-06-15,20:47:34.66,2,1,"Bates, Zach",831337,Left,BRE_WHI,"Newstrom, Chris",,Right,FAL_COM,Undefined,8,Bottom,1,0,0,Fastball,Four-Seam,BallCalled,Undefined,Undefined,Undefined,0,0,,90.2144,-2.704387,5.661722,1998.801465,150.546528,11:00,5.58369,-2.65408,6.41012,-14.8619,19.05202,-10.14552,1.84463,1.72308,82.54385,-5.563943,3.837625,0.419141,,,,,,,,,,,,6.82485,11.00497,2.25225,50.0,5.3821,-12.52788,-130.43977,-6.56148,11.7865,26.82529,-13.16846,FAL_COM,BRE_WHI,CCBLFalmouth,Cape Cod Baseball League,CCBL,20250615-CCBLFalmouth-2,7e655c60-4a4b-11f0-bf1d-4df1f6822eb9,89.92778,,,7.67055,,,,,,,9af88363-f99a-4f69-b601-f10dcb047521,2025-06-16,00:47:34.66,2025-06-15T20:47:34.6696704-04:00,2025-06-16T00:47:34.6696704Z,,v3,6099,6096,,"Rogers, Drew",811441,Right,BRE_WHI,d9a544a5-3b8d-489e-97a6-af4dc5d61e8a,54.08873,-131.27793,13.41264,5.58069,-6.15003,-6.58423,2.64944,-12.89615,5.89325,,,,,,,,,,,,,,,,,,,,,,,,,,,,,,,,,,,,,,,,,,,,,,,,,,,High,High,High,,,,,,90.2144,19.05202,-10.14552,1998.801465,10.14552,-0.2404881025673375,0.18374319194258007,0.39580054955247945,116.0774648363772,0
273,2025-06-15,20:47:54.59,2,2,"Bates, Zach",831337,Left,BRE_WHI,"Newstrom, Chris",,Right,FAL_COM,Undefined,8,Bottom,1,1,0,Slider,Slider,StrikeCalled,Undefined,Undefined,Undefined,0,0,,77.78958,2.231516,2.432994,2429.495205,290.792524,3:45,4.96874,-3.53869,6.0588,-50.46101,-4.61764,15.69127,2.83199,0.02218,71.70482,-7.049609,5.251466,0.487315,,,,,,,,,,,,-7.42162,-2.5813,3.34143,50.0,5.1153,-5.36151,-112.97891,2.8524,-9.60182,20.39595,-35.51365,FAL_COM,BRE_WHI,CCBLFalmouth,Cape Cod Baseball League,CCBL,20250615-CCBLFalmouth-2,8a511e60-4a4b-11f0-bf1d-4df1f6822eb9,77.3472,,,6.08476,,,,,,,9af88363-f99a-4f69-b601-f10dcb047521,2025-06-16,00:47:54.59,2025-06-15T20:47:54.5950208-04:00,2025-06-16T00:47:54.5950208Z,,v3,6099,6096,,"Rogers, Drew",811441,Right,BRE_WHI,3a9d5323-70b5-424b-961b-0c859e701254,54.44337,-113.77824,10.19798,4.97624,4.2442,-17.75682,3.54417,-4.98521,-4.80091,,,,,,,,,,,,,,,,,,,,,,,,,,,,,,,,,,,,,,,,,,,,,,,,,,,High,High,High,,,,,,77.78958,-4.61764,15.69127,2429.495205,-15.69127,0.2430381622837525,0.15996036246036463,0.40035012296546346,96.88730706982119,0
274,2025-06-15,20:48:15.40,2,3,"Bates, Zach",831337,Left,BRE_WHI,"Newstrom, Chris",,Right,FAL_COM,Undefined,8,Bottom,1,1,1,Slider,Curveball,BallCalled,Undefined,Undefined,Undefined,0,0,,78.21203,1.790181,0.930772,2362.959344,303.950424,4:15,5.08121,-3.58998,6.09618,-55.49381,-9.88016,16.86631,2.11326,-1.32349,71.56767,-8.422672,3.972597,0.486092,,,,,,,,,,,,-8.38024,-5.14213,3.50986,50.0,5.19054,-2.46399,-113.64052,1.80134,-10.85491,22.66817,-38.83462,FAL_COM,BRE_WHI,CCBLFalmouth,Cape Cod Baseball League,CCBL,20250615-CCBLFalmouth-2,96d17f40-4a4b-11f0-bf1d-4df1f6822eb9,77.54172,,,6.64437,,,,,,,9af88363-f99a-4f69-b601-f10dcb047521,2025-06-16,00:48:15.40,2025-06-15T20:48:15.4020864-04:00,2025-06-16T00:48:15.4020864Z,,v3,6099,6096,,"Rogers, Drew",811441,Right,BRE_WHI,bcd3a8d8-186e-477f-94ca-35b31f3ff271,54.40594,-114.516,11.33409,5.092,3.30121,-19.41731,3.59693,-2.04475,-5.42745,,,,,,,,,,,,,,,,,,,,,,,,,,,,,,,,,,,,,,,,,,,,,,,,,,,High,High,High,,,,,,78.21203,-9.88016,16.86631,2362.959344,-16.86631,0.4581495715301745,0.15996036246036463,0.40035012296546346,88.82768387101757,0
275,2025-06-15,20:48:38.18,2,4,"Bates, Zach",831337,Left,BRE_WHI,"Newstrom, Chris",,Right,FAL_COM,Undefined,8,Bottom,1,2,1,Fastball,Four-Seam,StrikeSwinging,Undefined,Undefined,Undefined,0,0,,90.01379,-0.969684,4.404819,2002.511078,159.487114,11:15,5.53717,-2.87391,6.31707,-16.41115,17.79906,-6.23638,3.2737,0.67153,81.85601,-4.123916,3.282253,0.420968,,,,,,,,,,,,4.50953,9.86438,2.55393,50.0,5.45798,-9.79137,-130.41277,-2.64415,7.73422,28.48273,-15.25585,FAL_COM,BRE_WHI,CCBLFalmouth,Cape Cod Baseball League,CCBL,20250615-CCBLFalmouth-2,a4425aa0-4a4b-11f0-bf1d-4df1f6822eb9,89.53749,,,8.15778,,,,,,,9af88363-f99a-4f69-b601-f10dcb047521,2025-06-16,00:48:38.18,2025-06-15T20:48:38.1872640-04:00,2025-06-16T00:48:38.1872640Z,,v3,6099,6096,,"Rogers, Drew",811441,Right,BRE_WHI,c2d584e2-2dfa-4800-b989-bb076d45893b,54.18026,-131.32259,14.24137,5.53465,-2.15683,-7.62792,2.87064,-10.03842,3.86711,,,,,,,,,,,,,,,,,,,,,,,,,,,,,,,,,,,,,,,,,,,,,,,,,,,High,High,High,,,,,,90.01379,17.79906,-6.23638,2002.511078,6.23638,-0.1248295186423298,0.18374319194258007,0.39580054955247945,111.69425020760346,1
276,2025-06-15,20:49:07.21,2,5,"Bates, Zach",831337,Left,BRE_WHI,"Newstrom, Chris",,Right,FAL_COM,Undefined,8,Bottom,1,2,2,Fastball,Four-Seam,StrikeCalled,Strikeout,Undefined,Undefined,0,0,,91.07363,-1.498502,4.586644,2105.924996,149.541203,11:00,5.65442,-2.70209,6.52478,-16.02702,16.988,-9.37335,2.93932,0.73378,83.21531,-4.579057,2.892727,0.413549,,,,,,,,,,,,6.17052,9.6339,2.3863,50.0,5.54265,-10.21858,-132.00945,-3.877,10.89683,27.90231,-15.1611,FAL_COM,BRE_WHI,CCBLFalmouth,Cape Cod Baseball League,CCBL,20250615-CCBLFalmouth-2,b5b0f080-4a4b-11f0-bf1d-4df1f6822eb9,91.14381,,,7.85832,,,,,,,9af88363-f99a-4f69-b601-f10dcb047521,2025-06-16,00:49:07.21,2025-06-15T20:49:07.2180000-04:00,2025-06-16T00:49:07.2180000Z,,v3,6099,6096,,"Rogers, Drew",811441,Right,BRE_WHI,f8116d7a-55eb-4566-8f4b-153a5d19d53d,53.97386,-132.84674,13.95115,5.65216,-3.42205,-7.58055,2.69784,-10.54557,5.44842,,,,,,,,,,,,,,,,,,,,,,,,,,,,,60.6861,3.090337,1.948979,1.141357,-0.84259,2.75505,-0.8465,-2.35601,4.62822,4.59879,74.38362,5.3457,50.39618,-2.25941,75.95205,-7.7425,4.68033,17.0671,-14.46037,4.58929,40.98131,-0.73965,High,High,High,,,High,High,High,91.07363,16.988,-9.37335,2105.924996,9.37335,-0.1856623405499834,0.18374319194258007,0.39580054955247945,113.9996849262933,0
277,2025-06-15,20:49:48.52,3,1,"Bates, Zach",831337,Left,BRE_WHI,"Quatrani, Mark",805544.0,Right,FAL_COM,Undefined,8,Bottom,2,0,0,Fastball,Four-Seam,BallCalled,Undefined,Undefined,Undefined,0,0,,89.96443,0.35841,3.447589,2145.103547,139.961485,10:45,5.76772,-2.77769,6.15928,-17.99099,16.52855,-12.89564,4.60018,-0.66353,81.32996,-3.091667,1.127521,0.422867,,,,,,,,,,,,7.64863,8.7563,2.52189,50.0,5.78562,-7.30836,-130.41597,0.31577,13.06148,29.59552,-17.22102,FAL_COM,BRE_WHI,CCBLFalmouth,Cape Cod Baseball League,CCBL,20250615-CCBLFalmouth-2,ce2c0780-4a4b-11f0-bf1d-4df1f6822eb9,89.1354,,,8.63447,,,,,,,9af88363-f99a-4f69-b601-f10dcb047521,2025-06-16,00:49:48.52,2025-06-15T20:49:48.5201408-04:00,2025-06-16T00:49:48.5201408Z,,v3,6099,6096,,"Rogers, Drew",811441,Right,BRE_WHI,8401a04c-95a9-4bcc-850b-8974a7c91e36,54.3371,-131.3965,14.79776,5.7657,0.88633,-8.61051,2.77119,-7.74111,6.53074,,,,,,,,,,,,,,,,,,,,,,,,,,,,,,,,,,,,,,,,,,,,,,,,,,,High,High,High,,,,,,89.96443,16.52855,-12.89564,2145.103547,12.89564,0.3339909618872771,0.18374319194258007,0.39580054955247945,94.30592870141624,0
278,2025-06-15,20:50:08.98,3,2,"Bates, Zach",831337,Left,BRE_WHI,"Quatrani, Mark",805544.0,Right,FAL_COM,Undefined,8,Bottom,2,1,0,Fastball,Four-Seam,StrikeCalled,Undefined,Undefined,Undefined,0,0,,90.96853,-2.499761,3.915994,1995.211198,157.303492,11:15,5.63209,-2.77558,6.38596,-15.05253,18.36647,-7.21367,2.07143,0.23107,82.81293,-5.402413,2.613943,0.416072,,,,,,,,,,,,4.9137,10.65217,2.49668,50.0,5.44463,-8.73384,-131.80776,-6.15261,8.60354,29.25021,-13.52286,FAL_COM,BRE_WHI,CCBLFalmouth,Cape Cod Baseball League,CCBL,20250615-CCBLFalmouth-2,da797180-4a4b-11f0-bf1d-4df1f6822eb9,90.59123,,,8.1556,,,,,,,9af88363-f99a-4f69-b601-f10dcb047521,2025-06-16,00:50:08.98,2025-06-15T20:50:08.9898496-04:00,2025-06-16T00:50:08.9898496Z,,v3,6099,6096,,"Rogers, Drew",811441,Right,BRE_WHI,a783ae5c-39e8-4bfe-84ba-1864931fc2db,54.1126,-132.71727,14.62511,5.6294,-5.73213,-6.76143,2.77241,-9.00136,4.30177,,,,,,,,,,,,,,,,,,,,,,,,,,,,,,,,,,,,,,,,,,,,,,,,,,,High,High,High,,,,,,90.96853,18.36647,-7.21367,1995.211198,7.21367,0.0592912560914629,0.18374319194258007,0.39580054955247945,104.71646398641303,0
279,2025-06-15,20:50:29.63,3,3,"Bates, Zach",831337,Left,BRE_WHI,"Quatrani, Mark",805544.0,Right,FAL_COM,Undefined,8,Bottom,2,1,1,Fastball,Sinker,BallCalled,Undefined,Undefined,Undefined,0,0,,90.42999,-0.556139,3.306275,2202.351654,135.963874,10:30,5.72432,-2.4401,6.19793,-18.59962,15.46162,-13.8293,3.66008,-0.53698,81.94637,-4.109682,0.815028,0.420051,,,,,,,,,,,,8.08122,8.49311,2.19756,50.0,5.67293,-6.98795,-131.13675,-1.80686,13.97117,29.59235,-17.49077,FAL_COM,BRE_WHI,CCBLFalmouth,Cape Cod Baseball League,CCBL,20250615-CCBLFalmouth-2,e6aebfa0-4a4b-11f0-bf1d-4df1f6822eb9,89.73307,,,8.48362,,,,,,,9af88363-f99a-4f69-b601-f10dcb047521,2025-06-16,00:50:29.63,2025-06-15T20:50:29.6337408-04:00,2025-06-16T00:50:29.6337408Z,,v3,6099,6096,,"Rogers, Drew",811441,Right,BRE_WHI,2ea9d69f-4146-4746-882d-2cfc0a433d1b,54.29879,-132.10326,14.79618,5.72261,-1.2356,-8.74538,2.43324,-7.44426,6.98559,,,,,,,,,,,,,,,,,,,,,,,,,,,,,,,,,,,,,,,,,,,,,,,,,,,High,High,High,,,,,,90.42999,15.46162,-13.8293,2202.351654,13.8293,0.14805610640814,0.18374319194258007,0.39580054955247945,101.35246472907089,0
280,2025-06-15,20:50:49.60,3,4,"Bates, Zach",831337,Left,BRE_WHI,"Quatrani, Mark",805544.0,Right,FAL_COM,Undefined,8,Bottom,2,2,1,Fastball,Sinker,BallCalled,Undefined,Undefined,Undefined,0,0,,90.14936,-0.582073,3.156408,2096.853719,142.484537,10:45,5.59161,-2.80289,6.18807,-17.0058,17.18501,-12.32249,3.63619,-0.91245,81.88838,-3.843994,0.936899,0.420849,,,,,,,,,,,,7.24859,9.3791,2.57052,50.0,5.53887,-6.6929,-130.77841,-1.79671,12.4966,28.74727,-16.00442,FAL_COM,BRE_WHI,CCBLFalmouth,Cape Cod Baseball League,CCBL,20250615-CCBLFalmouth-2,f29837b0-4a4b-11f0-bf1d-4df1f6822eb9,89.56295,,,8.26098,,,,,,,9af88363-f99a-4f69-b601-f10dcb047521,2025-06-16,00:50:49.60,2025-06-15T20:50:49.6096768-04:00,2025-06-16T00:50:49.6096768Z,,v3,6099,6096,,"Rogers, Drew",811441,Right,BRE_WHI,96b79379-5e9a-4371-92bc-b627ab47f5f0,54.30903,-131.7222,14.37364,5.58923,-1.27127,-8.00221,2.79698,-7.10317,6.2483,,,,,,,,,,,,,,,,,,,,,,,,,,,,,,,,,,,,,,,,,,,,,,,,,,,High,High,High,,,,,,90.14936,17.18501,-12.32249,2096.853719,12.32249,0.4433604066847297,0.18374319194258007,0.39580054955247945,90.16105908509887,0
281,2025-06-15,20:51:12.16,3,5,"Bates, Zach",831337,Left,BRE_WHI,"Quatrani, Mark",805544.0,Right,FAL_COM,Undefined,8,Bottom,2,3,1,Fastball,Four-Seam,BallCalled,Walk,Undefined,Undefined,0,0,,89.81108,-1.121243,4.945776,2100.24597,156.341453,11:15,5.53974,-2.85426,6.24072,-17.4328,16.83536,-6.91213,3.04879,1.14306,82.26687,-4.437738,3.704949,0.421324,,,,,,,,,,,,4.89784,9.34993,2.48832,50.0,5.4471,-10.97625,-130.09407,-3.04093,8.42576,26.31948,-16.08935,FAL_COM,BRE_WHI,CCBLFalmouth,Cape Cod Baseball League,CCBL,20250615-CCBLFalmouth-2,00073e50-4a4c-11f0-bf1d-4df1f6822eb9,89.46179,,,7.54421,,,,,,,9af88363-f99a-4f69-b601-f10dcb047521,2025-06-16,00:51:12.16,2025-06-15T20:51:12.1695232-04:00,2025-06-16T00:51:12.1695232Z,,v3,6099,6096,,"Rogers, Drew",811441,Right,BRE_WHI,7d958b79-fe50-4ad7-9c45-1f97e317adce,54.25764,-130.9526,13.15974,5.53773,-2.5161,-8.04468,2.85084,-11.25109,4.21288,,,,,,,,,,,,,,,,,,,,,,,,,,,,,,,,,,,,,,,,,,,,,,,,,,,High,High,High,,,,,,89.81108,16.83536,-6.91213,2100.24597,6.91213,0.0269938183545734,0.18374319194258007,0.39580054955247945,105.94046826483334,0
282,2025-06-15,20:52:05.99,4,1,"Bates, Zach",831337,Left,BRE_WHI,"Royo, Ben",809786.0,Right,FAL_COM,Undefined,8,Bottom,2,0,0,Fastball,Sinker,StrikeCalled,Undefined,Undefined,Undefined,0,0,,90.00326,-1.646243,4.526013,2081.617147,130.414727,10:15,5.51339,-3.05884,6.20556,-19.47182,14.76434,-16.04072,2.36606,-0.2093,82.19149,-5.336752,1.641498,0.421128,,,,,,,,,,,,9.55512,8.43552,2.72614,50.0,5.37949,-9.66643,-130.41172,-4.33287,16.45994,27.35418,-17.64275,FAL_COM,BRE_WHI,CCBLFalmouth,Cape Cod Baseball League,CCBL,20250615-CCBLFalmouth-2,203b6a20-4a4c-11f0-bf1d-4df1f6822eb9,89.50353,,,7.81177,,,,,,,9af88363-f99a-4f69-b601-f10dcb047521,2025-06-16,00:52:05.99,2025-06-15T20:52:05.9932672-04:00,2025-06-16T00:52:05.9932672Z,,v3,6099,6096,,"Rogers, Drew",811441,Right,BRE_WHI,a5a387c4-df4f-47e4-a8bd-e7a2b182ebcd,54.29381,-131.30927,13.67709,5.51217,-3.75398,-8.82137,3.05218,-10.20651,8.22997,,,,,,,,,,,,,,,,,,,,,,,,,,,,,,,,,,,,,,,,,,,,,,,,,,,High,High,High,,,,,,90.00326,14.76434,-16.04072,2081.617147,16.04072,0.3109141629724103,0.18374319194258007,0.39580054955247945,95.18049035655892,0
283,2025-06-15,20:52:29.35,4,2,"Bates, Zach",831337,Left,BRE_WHI,"Royo, Ben",809786.0,Right,FAL_COM,Undefined,8,Bottom,2,0,1,ChangeUp,Changeup,BallCalled,Undefined,Undefined,Undefined,0,0,,86.77528,-0.153894,3.268843,1997.167441,100.06166,9:15,5.11365,-3.16003,6.32747,-32.01832,4.60882,-19.28733,2.30351,-1.75382,79.20866,-6.134998,-0.218425,0.435585,,,,,,,,,,,,10.91225,2.82595,2.92968,50.0,5.08749,-6.43234,-125.98205,-1.35306,17.48039,26.37429,-27.64714,FAL_COM,BRE_WHI,CCBLFalmouth,Cape Cod Baseball League,CCBL,20250615-CCBLFalmouth-2,2e0e3ba0-4a4c-11f0-bf1d-4df1f6822eb9,86.53295,,,7.56662,,,,,,,9af88363-f99a-4f69-b601-f10dcb047521,2025-06-16,00:52:29.35,2025-06-15T20:52:29.3591552-04:00,2025-06-16T00:52:29.3591552Z,,v3,6099,6096,,"Rogers, Drew",811441,Right,BRE_WHI,b4a787f6-a546-408c-993f-6e50622d9a19,54.17208,-126.85247,13.18715,5.11709,-0.44064,-13.82357,3.15148,-7.00924,8.74019,,,,,,,,,,,,,,,,,,,,,,,,,,,,,,,,,,,,,,,,,,,,,,,,,,,High,High,High,,,,,,86.77528,4.60882,-19.28733,1997.167441,19.28733,0.1740288311029292,0.20520632251542162,0.40827392127189194,101.1454622664374,0
284,2025-06-15,20:52:48.19,4,3,"Bates, Zach",831337,Left,BRE_WHI,"Royo, Ben",809786.0,Right,FAL_COM,Undefined,8,Bottom,2,1,1,Fastball,Sinker,FoulBallNotFieldable,Undefined,Undefined,Undefined,0,0,,90.93751,-1.797643,3.435148,2090.152181,135.582959,10:30,5.55764,-2.75533,6.05047,-17.11202,16.66418,-15.22879,2.46399,-0.8406,82.7795,-5.059745,0.699291,0.41829,73.12385,37.808151,160.846462,3615.286605,,,,,37.01714,,,8.85725,9.44182,2.49605,50.0,5.40835,-7.27654,-131.85597,-4.64645,15.53591,29.00006,-15.61278,FAL_COM,BRE_WHI,CCBLFalmouth,Cape Cod Baseball League,CCBL,20250615-CCBLFalmouth-2,395dbda0-4a4c-11f0-bf1d-4df1f6822eb9,90.11089,26.05935,,8.15801,,,,1.46847,2.37928,0.91094,9af88363-f99a-4f69-b601-f10dcb047521,2025-06-16,00:52:48.19,2025-06-15T20:52:48.1937408-04:00,2025-06-16T00:52:48.1937408Z,,v3,6099,6096,,"Rogers, Drew",811441,Right,BRE_WHI,72ce5107-2bdc-48b7-a928-ce190592c577,54.44888,-132.83084,14.50003,5.55572,-4.1216,-7.80639,2.74944,-7.79879,7.76795,,1.47064,-80.10994,6.25796,,,,,,,2.40814,64.91424,-31.13187,,,,,,,0.91756,27.61101,-5.52993,,,,,,,,,,,,,,,,,,,,,,,,,,,,,High,High,High,High,Undefined,,,,90.93751,16.66418,-15.22879,2090.152181,15.22879,0.0809517799472131,0.18374319194258007,0.39580054955247945,103.89557614731423,0
285,2025-06-15,20:53:12.63,4,4,"Bates, Zach",831337,Left,BRE_WHI,"Royo, Ben",809786.0,Right,FAL_COM,Undefined,8,Bottom,2,1,2,Fastball,Four-Seam,BallCalled,Undefined,Undefined,Undefined,0,0,,90.81199,-0.606626,2.415244,2270.688269,145.18759,10:45,5.59473,-3.09195,6.38738,-15.50481,18.07962,-11.75973,3.74415,-1.84898,82.06148,-3.617587,0.287082,0.4171,,,,,,,,,,,,6.82744,9.92756,2.92301,50.0,5.5436,-5.06956,-131.7891,-1.78234,11.87885,30.81134,-14.90135,FAL_COM,BRE_WHI,CCBLFalmouth,Cape Cod Baseball League,CCBL,20250615-CCBLFalmouth-2,47d5a8c0-4a4c-11f0-bf1d-4df1f6822eb9,90.36781,,,8.75052,,,,,,,9af88363-f99a-4f69-b601-f10dcb047521,2025-06-16,00:53:12.63,2025-06-15T20:53:12.6346752-04:00,2025-06-16T00:53:12.6346752Z,,v3,6099,6096,,"Rogers, Drew",811441,Right,BRE_WHI,2013fd41-b2d7-43ac-a3e6-1ab9eb6ed260,54.10892,-132.74626,15.40567,5.59178,-1.31943,-7.45068,3.08623,-5.43858,5.93942,,,,,,,,,,,,,,,,,,,,,,,,,,,,,,,,,,,,,,,,,,,,,,,,,,,High,High,High,,,,,,90.81199,18.07962,-11.75973,2270.688269,11.75973,-0.3379211481166149,0.18374319194258007,0.39580054955247945,119.76997027855417,0
286,2025-06-15,20:53:35.03,4,5,"Bates, Zach",831337,Left,BRE_WHI,"Royo, Ben",809786.0,Right,FAL_COM,Undefined,8,Bottom,2,2,2,Fastball,Four-Seam,StrikeCalled,Strikeout,Undefined,Undefined,0,0,,90.95992,-1.201082,4.319984,2157.632944,148.323911,11:00,5.55457,-2.84668,6.45808,-14.50981,19.06139,-11.02186,3.2388,0.21072,82.02576,-4.035906,2.329368,0.417018,,,,,,,,,,,,7.0663,10.65359,2.54511,50.0,5.46256,-9.49453,-131.72021,-3.10597,12.26339,31.16234,-13.68509,FAL_COM,BRE_WHI,CCBLFalmouth,Cape Cod Baseball League,CCBL,20250615-CCBLFalmouth-2,553211c0-4a4c-11f0-bf1d-4df1f6822eb9,90.38563,,,8.93416,,,,,,,9af88363-f99a-4f69-b601-f10dcb047521,2025-06-16,00:53:35.03,2025-06-15T20:53:35.0340000-04:00,2025-06-16T00:53:35.0340000Z,,v3,6099,6096,,"Rogers, Drew",811441,Right,BRE_WHI,baebbe01-5c5c-4800-bad3-28c705d5ee55,54.03797,-132.67207,15.58117,5.55105,-2.68796,-6.84255,2.84085,-9.86912,6.1317,,,,,,,,,,,,,,,,,,,,,,,,,,,,,77.76953,2.062984,0.735078,1.327905,-0.80164,3.07929,-0.29933,-1.63247,6.2327,1.23494,127.28816,7.6591,3.09507,-1.44574,110.45098,-10.27367,6.28754,18.63413,-13.28824,1.18571,-1.01423,1.8732,High,High,High,,,High,High,High,90.95992,19.06139,-11.02186,2157.632944,11.02186,-0.1503978971493473,0.18374319194258007,0.39580054955247945,112.663237436244,0
324,2025-06-15,21:17:44.16,1,1,"Shadek, Justin",814536,Right,BRE_WHI,"Morales, Antonio",822655.0,Left,FAL_COM,Undefined,9,Bottom,0,0,0,Fastball,Four-Seam,FoulBallNotFieldable,Undefined,Undefined,Undefined,0,0,,96.12826,-2.798432,-3.050701,2629.265924,221.098908,1:15,5.86389,2.2408,5.84429,-11.84091,18.83442,15.48217,2.27076,0.69323,86.9256,-5.099383,-0.278992,0.398626,71.53202,35.361742,-139.467459,3612.623377,,,,,33.53327,,,-8.81599,10.77977,-2.00136,50.0,5.62883,6.6976,-139.19144,-7.13413,-17.12831,34.06411,-11.23036,FAL_COM,BRE_WHI,CCBLFalmouth,Cape Cod Baseball League,CCBL,20250615-CCBLFalmouth-2,b50f3570-4a4f-11f0-bf1d-4df1f6822eb9,94.5558,21.69111,,9.20266,,,,0.10085,2.1333,-0.69154,9af88363-f99a-4f69-b601-f10dcb047521,2025-06-16,01:17:44.16,2025-06-15T21:17:44.1626112-04:00,2025-06-16T01:17:44.1626112Z,,v3,6099,6096,,"Magpoc, Adam",822330,Right,BRE_WHI,1a5508a5-8b11-4b4c-9827-d77c9a59446a,54.65346,-140.32565,17.03206,5.86014,-6.7602,-5.61518,-2.23386,7.26791,-8.56416,,0.10664,-65.22281,3.06192,,,,,,,2.15403,60.03589,-30.4958,,,,,,,-0.70576,-55.13544,14.2249,,,,,,,,,,,,,,,,,,,,,,,,,,,,,High,High,High,High,Undefined,,,,96.12826,18.83442,15.48217,2629.265924,15.48217,-0.4170471017989042,0.18374319194258007,0.39580054955247945,122.76867583006572,0
325,2025-06-15,21:18:06.73,1,2,"Shadek, Justin",814536,Right,BRE_WHI,"Morales, Antonio",822655.0,Left,FAL_COM,Undefined,9,Bottom,0,0,1,Fastball,Four-Seam,StrikeCalled,Undefined,Undefined,Undefined,0,0,,97.20867,-2.589518,-4.379981,2487.540235,211.686238,1:00,5.86461,2.21426,6.12711,-7.83524,21.67765,12.77859,2.80933,-0.77753,88.45313,-4.167678,-2.086897,0.391,,,,,,,,,,,,-7.77717,12.16477,-1.88501,50.0,5.66148,10.19542,-140.73425,-6.51307,-15.58126,32.25275,-7.80235,FAL_COM,BRE_WHI,CCBLFalmouth,Cape Cod Baseball League,CCBL,20250615-CCBLFalmouth-2,c262ebe0-4a4f-11f0-bf1d-4df1f6822eb9,96.40004,,,8.75554,,,,,,,9af88363-f99a-4f69-b601-f10dcb047521,2025-06-16,01:18:06.73,2025-06-15T21:18:06.7308032-04:00,2025-06-16T01:18:06.7308032Z,,v3,6099,6096,,"Magpoc, Adam",822330,Right,BRE_WHI,4704cfff-4a49-43c6-9a8d-0ef73f961d05,54.37094,-141.73242,16.12638,5.85931,-6.27159,-3.90117,-2.20801,10.67764,-7.79063,,,,,,,,,,,,,,,,,,,,,,,,,,,,,,,,,,,,,,,,,,,,,,,,,,,High,High,High,,,,,,97.20867,21.67765,12.77859,2487.540235,12.77859,-0.1449980152819669,0.18374319194258007,0.39580054955247945,112.45859338483406,0
326,2025-06-15,21:18:22.75,1,3,"Shadek, Justin",814536,Right,BRE_WHI,"Morales, Antonio",822655.0,Left,FAL_COM,Undefined,9,Bottom,0,0,2,Fastball,Four-Seam,BallCalled,Undefined,Undefined,Undefined,0,0,,97.97238,-2.848484,-4.335409,2582.429835,213.447707,1:00,5.97914,2.09109,6.01281,-6.19646,23.08324,14.5858,2.81425,-0.71733,88.83067,-4.135851,-1.723231,0.389453,,,,,,,,,,,,-8.67898,12.91839,-1.7579,50.0,5.75113,10.0582,-141.75161,-7.1279,-17.58561,33.65834,-5.99842,FAL_COM,BRE_WHI,CCBLFalmouth,Cape Cod Baseball League,CCBL,20250615-CCBLFalmouth-2,cbee28a0-4a4f-11f0-bf1d-4df1f6822eb9,96.7831,,,9.1417,,,,,,,9af88363-f99a-4f69-b601-f10dcb047521,2025-06-16,01:18:22.75,2025-06-15T21:18:22.7572224-04:00,2025-06-16T01:18:22.7572224Z,,v3,6099,6096,,"Magpoc, Adam",822330,Right,BRE_WHI,f615fb99-c84a-43f7-84d9-3144d12d7ea5,54.4848,-142.81253,16.82917,5.97282,-6.93883,-2.99921,-2.08367,10.6125,-8.7928,,,,,,,,,,,,,,,,,,,,,,,,,,,,,,,,,,,,,,,,,,,,,,,,,,,High,High,High,,,,,,97.97238,23.08324,14.5858,2582.429835,14.5858,0.0233736862981034,0.18374319194258007,0.39580054955247945,106.0776635792624,0
327,2025-06-15,21:18:46.74,1,4,"Shadek, Justin",814536,Right,BRE_WHI,"Morales, Antonio",822655.0,Left,FAL_COM,Undefined,9,Bottom,0,1,2,Fastball,Four-Seam,FoulBallNotFieldable,Undefined,Undefined,Undefined,0,0,,98.65876,-2.982088,-4.051609,2632.072398,224.187106,1:30,5.9528,2.1059,6.07626,-9.42957,19.25808,17.79655,2.39837,-0.16613,89.83515,-4.839368,-0.856931,0.385495,74.46066,21.690444,-54.294996,3457.445043,56.74748,28.65433,-94.23222,225.67061,182.24316,-63.664747,2.977957,-10.30827,11.04568,-1.80141,50.0,5.71632,9.30731,-142.88062,-7.68686,-21.28352,33.29427,-9.36802,FAL_COM,BRE_WHI,CCBLFalmouth,Cape Cod Baseball League,CCBL,20250615-CCBLFalmouth-2,da54d5b0-4a4f-11f0-bf1d-4df1f6822eb9,97.77665,28.88337,,8.82362,,,,-0.30359,2.20979,0.12916,9af88363-f99a-4f69-b601-f10dcb047521,2025-06-16,01:18:46.74,2025-06-15T21:18:46.7462656-04:00,2025-06-16T01:18:46.7462656Z,LineDrive,v3,6099,6096,,"Magpoc, Adam",822330,Right,BRE_WHI,4a3725e5-df9f-4f5d-8e65-9c94bf5923c2,54.42362,-143.90773,16.64713,5.949,-7.39786,-4.68401,-2.09867,9.9639,-10.64176,,-0.30313,59.20441,-13.96003,3.04347,-0.35856,-0.16409,0.08564,-0.01507,0.00093,2.20951,40.37307,-16.81635,1.4085,-0.3236,0.11815,-0.01673,-0.00214,0.00054,0.12886,-82.38996,5.9554,-0.06656,-0.41583,0.25592,-0.082,0.01273,-0.00074,,,,,,,,,,,,,,,,,,,,,,,High,High,High,High,Medium,,,,98.65876,19.25808,17.79655,2632.072398,17.79655,-0.0602353387646683,0.18374319194258007,0.39580054955247945,109.24626801237801,0
328,2025-06-15,21:19:12.06,1,5,"Shadek, Justin",814536,Right,BRE_WHI,"Morales, Antonio",822655.0,Left,FAL_COM,Undefined,9,Bottom,0,1,2,Fastball,Four-Seam,StrikeSwinging,Strikeout,Undefined,Undefined,0,0,,98.90081,-3.022007,-3.103627,2510.888392,219.473653,1:15,5.96304,2.1598,6.03697,-6.56906,22.24529,17.46666,2.61067,0.73873,89.20836,-4.381412,0.033792,0.386345,,,,,,,,,,,,-9.85627,12.61638,-1.92632,50.0,5.72285,6.93095,-143.19772,-7.64065,-20.2415,36.44655,-6.26419,FAL_COM,BRE_WHI,CCBLFalmouth,Cape Cod Baseball League,CCBL,20250615-CCBLFalmouth-2,e9513310-4a4f-11f0-bf1d-4df1f6822eb9,97.56151,,,9.69245,,,,,,,9af88363-f99a-4f69-b601-f10dcb047521,2025-06-16,01:19:12.06,2025-06-15T21:19:12.0650000-04:00,2025-06-16T01:19:12.0650000Z,,v3,6099,6096,,"Magpoc, Adam",822330,Right,BRE_WHI,c7aa13d7-ed70-410b-bb22-9ef8224d2137,54.46021,-144.32847,18.22328,5.95689,-7.4463,-3.1321,-2.15109,7.55893,-10.12075,,,,,,,,,,,,,,,,,,,,,,,,,,,,,64.01062,2.536339,1.461094,1.075244,-1.7143,2.36765,-0.74563,-2.55798,7.0673,-1.68849,72.70507,10.07909,-52.06567,-2.46807,75.23359,-4.91305,7.12404,17.37771,-13.58049,-1.76643,-51.15623,4.03982,High,High,High,,,High,High,High,98.90081,22.24529,17.46666,2510.888392,17.46666,0.0213448405514766,0.18374319194258007,0.39580054955247945,106.15455252303424,1
329,2025-06-15,21:19:42.09,2,1,"Shadek, Justin",814536,Right,BRE_WHI,"Osterhouse, Justin",835276.0,Left,FAL_COM,Undefined,9,Bottom,1,0,0,Fastball,Four-Seam,BallCalled,Undefined,Undefined,Undefined,0,0,,98.2805,-3.866185,-4.623859,2574.297884,229.600061,1:45,5.84033,2.13623,6.09612,-10.52008,18.51942,20.59336,1.37061,-0.43366,89.3207,-5.924282,-0.92889,0.387852,,,,,,,,,,,,-11.96099,10.96292,-1.79028,50.0,5.53569,10.5587,-142.08559,-9.90278,-24.36521,33.63118,-9.84203,FAL_COM,BRE_WHI,CCBLFalmouth,Cape Cod Baseball League,CCBL,20250615-CCBLFalmouth-2,fb535660-4a4f-11f0-bf1d-4df1f6822eb9,97.18252,,,8.9598,,,,,,,9af88363-f99a-4f69-b601-f10dcb047521,2025-06-16,01:19:42.09,2025-06-15T21:19:42.0979712-04:00,2025-06-16T01:19:42.0979712Z,,v3,6099,6096,,"Magpoc, Adam",822330,Right,BRE_WHI,40849f0a-c329-4b7f-9df0-2b95a12367cf,54.40411,-143.12423,16.81559,5.83683,-9.59882,-4.92102,-2.12799,11.31118,-12.18261,,,,,,,,,,,,,,,,,,,,,,,,,,,,,,,,,,,,,,,,,,,,,,,,,,,High,High,High,,,,,,98.2805,18.51942,20.59336,2574.297884,20.59336,-0.0188532982997357,0.18374319194258007,0.39580054955247945,107.67797658965048,0
330,2025-06-15,21:20:03.73,2,2,"Shadek, Justin",814536,Right,BRE_WHI,"Osterhouse, Justin",835276.0,Left,FAL_COM,Undefined,9,Bottom,1,1,0,Fastball,Four-Seam,BallCalled,Undefined,Undefined,Undefined,0,0,,96.93284,-0.899864,-2.58976,2458.545713,224.310503,1:30,5.83466,2.27861,5.90553,-11.17316,18.72867,17.30277,4.06735,1.31493,87.86817,-3.080123,0.513149,0.393569,,,,,,,,,,,,-9.48823,10.08453,-2.07965,50.0,5.75565,5.5287,-140.60589,-2.49304,-18.89341,33.4684,-12.09328,FAL_COM,BRE_WHI,CCBLFalmouth,Cape Cod Baseball League,CCBL,20250615-CCBLFalmouth-2,08183a50-4a50-11f0-bf1d-4df1f6822eb9,95.77097,,,9.06468,,,,,,,9af88363-f99a-4f69-b601-f10dcb047521,2025-06-16,01:20:03.73,2025-06-15T21:20:03.7320192-04:00,2025-06-16T01:20:03.7320192Z,,v3,6099,6096,,"Magpoc, Adam",822330,Right,BRE_WHI,6728eedc-3013-486f-aba4-682f492c35a4,54.59108,-141.69449,16.7342,5.83034,-2.09969,-6.04664,-2.26948,6.14324,-9.4467,,,,,,,,,,,,,,,,,,,,,,,,,,,,,,,,,,,,,,,,,,,,,,,,,,,High,High,High,,,,,,96.93284,18.72867,17.30277,2458.545713,17.30277,-0.3387385269418514,0.18374319194258007,0.39580054955247945,119.80094719961305,0
331,2025-06-15,21:20:18.53,2,3,"Shadek, Justin",814536,Right,BRE_WHI,"Osterhouse, Justin",835276.0,Left,FAL_COM,Undefined,9,Bottom,1,2,0,Fastball,Four-Seam,StrikeSwinging,Undefined,Undefined,Undefined,0,0,,96.21834,-1.75198,-3.317792,2368.657675,224.1728,1:30,5.8194,2.28242,6.02209,-10.08595,20.29631,18.67836,3.35297,0.76253,86.88176,-3.751046,0.036138,0.396718,,,,,,,,,,,,-10.50095,11.21981,-2.03188,50.0,5.67621,7.20864,-139.41894,-4.48826,-20.47116,34.1411,-10.30153,FAL_COM,BRE_WHI,CCBLFalmouth,Cape Cod Baseball League,CCBL,20250615-CCBLFalmouth-2,10f339e0-4a50-11f0-bf1d-4df1f6822eb9,95.01072,,,9.33657,,,,,,,9af88363-f99a-4f69-b601-f10dcb047521,2025-06-16,01:20:18.53,2025-06-15T21:20:18.5396736-04:00,2025-06-16T01:20:18.5396736Z,,v3,6099,6096,,"Magpoc, Adam",822330,Right,BRE_WHI,cc1c0366-44ce-4607-b701-4793078daa72,54.47483,-140.51047,17.07055,5.81444,-4.15891,-5.15076,-2.27281,7.86313,-10.23558,,,,,,,,,,,,,,,,,,,,,,,,,,,,,,,,,,,,,,,,,,,,,,,,,,,High,High,High,,,,,,96.21834,20.29631,18.67836,2368.657675,18.67836,0.0224414709297795,0.18374319194258007,0.39580054955247945,106.11299256134863,1
332,2025-06-15,21:20:34.52,2,4,"Shadek, Justin",814536,Right,BRE_WHI,"Osterhouse, Justin",835276.0,Left,FAL_COM,Undefined,9,Bottom,1,2,1,Fastball,Four-Seam,StrikeSwinging,Undefined,Undefined,Undefined,0,0,,96.04352,-2.068733,-2.781048,2531.6914,222.700918,1:30,5.79594,2.40524,5.80184,-8.525,22.26832,19.52934,3.15838,1.44412,86.57195,-3.785628,0.7135,0.399392,,,,,,,,,,,,-10.65615,12.21635,-2.18761,50.0,5.62042,5.80874,-139.12056,-5.17576,-20.65095,34.46749,-8.49948,FAL_COM,BRE_WHI,CCBLFalmouth,Cape Cod Baseball League,CCBL,20250615-CCBLFalmouth-2,1a737a20-4a50-11f0-bf1d-4df1f6822eb9,94.37451,,,9.47157,,,,,,,9af88363-f99a-4f69-b601-f10dcb047521,2025-06-16,01:20:34.52,2025-06-15T21:20:34.5224704-04:00,2025-06-16T01:20:34.5224704Z,,v3,6099,6096,,"Magpoc, Adam",822330,Right,BRE_WHI,0a87cb6a-df40-400b-b0ed-7d01daba18cf,54.6941,-140.27872,17.23375,5.78954,-4.89017,-4.24974,-2.39445,6.50264,-10.32548,,,,,,,,,,,,,,,,,,,,,,,,,,,,,,,,,,,,,,,,,,,,,,,,,,,High,High,High,,,,,,96.04352,22.26832,19.52934,2531.6914,19.52934,-0.0057766435823186,0.18374319194258007,0.39580054955247945,107.18239915555385,1
333,2025-06-15,21:20:49.74,2,5,"Shadek, Justin",814536,Right,BRE_WHI,"Osterhouse, Justin",835276.0,Left,FAL_COM,Undefined,9,Bottom,1,2,2,Fastball,Four-Seam,StrikeCalled,Strikeout,Undefined,Undefined,0,0,,98.11463,-2.754546,-4.111821,2620.408122,225.000957,1:30,5.87923,2.17646,6.25197,-10.41756,18.32316,17.39631,2.46234,-0.17229,89.55541,-4.791819,-0.978845,0.385851,,,,,,,,,,,,-10.10808,10.52067,-1.87859,50.0,5.66853,9.43939,-142.16675,-7.11054,-20.71372,32.20278,-10.61487,FAL_COM,BRE_WHI,CCBLFalmouth,Cape Cod Baseball League,CCBL,20250615-CCBLFalmouth-2,238715e0-4a50-11f0-bf1d-4df1f6822eb9,97.6864,,,8.55922,,,,,,,9af88363-f99a-4f69-b601-f10dcb047521,2025-06-16,01:20:49.74,2025-06-15T21:20:49.7450000-04:00,2025-06-16T01:20:49.7450000Z,,v3,6099,6096,,"Magpoc, Adam",822330,Right,BRE_WHI,bcaf84a3-e36f-4667-8597-9a455db735f6,54.24751,-143.12564,16.10139,5.87555,-6.79447,-5.30743,-2.16884,10.05617,-10.35686,,,,,,,,,,,,,,,,,,,,,,,,,,,,,69.0756,2.44088,1.414195,1.026685,-1.42297,2.22087,0.21664,-3.00796,6.81852,-1.05671,74.90851,13.36231,-49.86126,-2.90269,81.17032,-5.19283,6.88405,20.08526,-13.38466,-1.221,-53.95925,6.33669,High,High,High,,,High,High,High,98.11463,18.32316,17.39631,2620.408122,17.39631,-0.0985907353263103,0.18374319194258007,0.39580054955247945,110.69985606089168,0
334,2025-06-15,21:21:17.14,3,1,"Shadek, Justin",814536,Right,BRE_WHI,"Moran, Landon",701335.0,Left,FAL_COM,Undefined,9,Bottom,2,0,0,Fastball,Four-Seam,StrikeCalled,Undefined,Undefined,Undefined,0,0,,97.10436,-2.728746,-4.389229,2414.481816,229.391425,1:45,5.8116,2.38108,5.90963,-13.28953,16.51824,18.12032,2.16201,-0.19086,88.48463,-5.274197,-1.147958,0.392949,,,,,,,,,,,,-10.50567,9.51603,-2.0386,50.0,5.58428,9.95666,-140.56393,-7.12099,-21.00417,32.07007,-13.14844,FAL_COM,BRE_WHI,CCBLFalmouth,Cape Cod Baseball League,CCBL,20250615-CCBLFalmouth-2,33f70070-4a50-11f0-bf1d-4df1f6822eb9,95.92191,,,8.61972,,,,,,,9af88363-f99a-4f69-b601-f10dcb047521,2025-06-16,01:21:17.14,2025-06-15T21:21:17.1453440-04:00,2025-06-16T01:21:17.1453440Z,,v3,6099,6096,,"Magpoc, Adam",822330,Right,BRE_WHI,a3943107-8fb4-48e2-8a56-b398cdd58cf2,54.59015,-141.60731,16.03504,5.80901,-6.69322,-6.57422,-2.37365,10.64002,-10.50208,,,,,,,,,,,,,,,,,,,,,,,,,,,,,,,,,,,,,,,,,,,,,,,,,,,High,High,High,,,,,,97.10436,16.51824,18.12032,2414.481816,18.12032,-0.4207619395936401,0.18374319194258007,0.39580054955247945,122.90946029078474,0
335,2025-06-15,21:21:33.03,3,2,"Shadek, Justin",814536,Right,BRE_WHI,"Moran, Landon",701335.0,Left,FAL_COM,Undefined,9,Bottom,2,0,1,Curveball,Curveball,HitByPitch,Undefined,Undefined,Undefined,0,0,,81.85997,0.423911,-3.579017,2298.350662,32.979346,7:00,5.93233,2.10533,5.79497,-56.85527,-14.37965,-10.25323,1.58948,-2.08256,74.82694,-9.918392,-5.413877,0.469074,,,,,,,,,,,,4.11311,-7.1593,-1.80429,50.0,5.93293,7.81773,-118.67188,-1.07228,5.77391,26.01929,-42.22412,FAL_COM,BRE_WHI,CCBLFalmouth,Cape Cod Baseball League,CCBL,20250615-CCBLFalmouth-2,3d801a50-4a50-11f0-bf1d-4df1f6822eb9,80.355,,,7.03303,,,,,,,9af88363-f99a-4f69-b601-f10dcb047521,2025-06-16,01:21:33.03,2025-06-15T21:21:33.0338304-04:00,2025-06-16T01:21:33.0338304Z,,v3,6099,6096,,"Magpoc, Adam",822330,Right,BRE_WHI,f2ecbeb1-4892-453d-bb54-bb87abde364e,54.70762,-119.6996,13.00965,5.94235,0.5955,-21.11206,-2.10857,7.58967,2.88696,,,,,,,,,,,,,,,,,,,,,,,,,,,,,,,,,,,,,,,,,,,,,,,,,,,High,High,High,,,,,,81.85997,-14.37965,-10.25323,2298.350662,-10.25323,-0.139077903953109,0.2270833393334722,0.4868695613574899,111.28108858147705,0
336,2025-06-15,21:22:08.63,4,1,"Shadek, Justin",814536,Right,BRE_WHI,"Harrison, Connor",1000339305.0,Right,FAL_COM,Undefined,9,Bottom,2,0,0,Fastball,Four-Seam,FoulBallNotFieldable,Undefined,Undefined,Undefined,0,0,,94.7131,-2.663019,-3.403725,2414.377685,219.628988,1:15,5.80122,2.33083,6.20787,-14.57233,16.54158,12.80662,2.12286,0.25281,85.89121,-5.466761,-1.096408,0.401466,91.29201,24.436916,-39.969085,2827.857571,81.63825,34.59348,-73.72288,253.28919,251.52964,-44.543008,2.852335,-7.69977,9.70792,-2.08156,50.0,5.59362,7.61712,-137.23593,-6.80652,-14.56007,32.76955,-13.81662,FAL_COM,BRE_WHI,CCBLFalmouth,Cape Cod Baseball League,CCBL,20250615-CCBLFalmouth-2,52b220d0-4a50-11f0-bf1d-4df1f6822eb9,93.88702,36.40652,,8.82189,,,,2.5598,2.26179,-0.3081,9af88363-f99a-4f69-b601-f10dcb047521,2025-06-16,01:22:08.63,2025-06-15T21:22:08.6390272-04:00,2025-06-16T01:22:08.6390272Z,LineDrive,v3,6099,6096,,"Magpoc, Adam",822330,Right,BRE_WHI,d7eefa13-e010-4be5-affa-a7af1c31b4a2,54.29131,-138.25683,16.38477,5.79896,-6.37608,-6.90831,-2.32592,8.07072,-7.28003,,2.5595,93.4373,-18.42082,5.00512,-1.70981,0.70734,-0.26272,0.05778,-0.00513,2.26188,55.38728,-26.04614,3.51457,-0.6268,0.04199,0.01985,-0.00613,0.00054,-0.30778,-78.32071,4.51144,0.87671,-0.09385,-0.23599,0.15226,-0.03669,0.00322,,,,,,,,,,,,,,,,,,,,,,,High,High,High,High,Medium,,,,94.7131,16.54158,12.80662,2414.377685,12.80662,0.4948212337774795,0.18374319194258007,0.39580054955247945,88.21080306028024,0
337,2025-06-15,21:22:33.45,4,2,"Shadek, Justin",814536,Right,BRE_WHI,"Harrison, Connor",1000339305.0,Right,FAL_COM,Undefined,9,Bottom,2,0,1,Fastball,Four-Seam,BallCalled,Undefined,Undefined,Undefined,0,0,,96.69413,-1.505628,-4.991386,2476.37555,217.609207,1:15,5.83751,2.26137,6.04505,-8.62016,21.55237,15.77828,3.71961,-1.05658,87.18333,-3.243599,-2.167631,0.395346,,,,,,,,,,,,-9.5589,11.7969,-1.87968,50.0,5.71486,11.47705,-139.8304,-3.83988,-18.74889,34.27985,-9.03555,FAL_COM,BRE_WHI,CCBLFalmouth,Cape Cod Baseball League,CCBL,20250615-CCBLFalmouth-2,615d50f0-4a50-11f0-bf1d-4df1f6822eb9,95.34036,,,9.5108,,,,,,,9af88363-f99a-4f69-b601-f10dcb047521,2025-06-16,01:22:33.45,2025-06-15T21:22:33.4521344-04:00,2025-06-16T01:22:33.4521344Z,,v3,6099,6096,,"Magpoc, Adam",822330,Right,BRE_WHI,fcb70b26-7197-46d3-a130-1ed248b45265,54.45183,-140.91755,17.13993,5.83209,-3.55333,-4.51778,-2.25309,12.07165,-9.37445,,,,,,,,,,,,,,,,,,,,,,,,,,,,,,,,,,,,,,,,,,,,,,,,,,,High,High,High,,,,,,96.69413,21.55237,15.77828,2476.37555,15.77828,0.1425546348348304,0.18374319194258007,0.39580054955247945,101.56095881452111,0
338,2025-06-15,21:22:54.06,4,3,"Shadek, Justin",814536,Right,BRE_WHI,"Harrison, Connor",1000339305.0,Right,FAL_COM,Undefined,9,Bottom,2,1,1,Fastball,Four-Seam,BallCalled,Undefined,Undefined,Undefined,0,0,,94.76132,-1.147723,-4.619511,2381.265799,219.377774,1:15,5.83834,2.21716,5.94095,-11.15812,20.25064,15.73402,3.84023,-0.76617,85.72647,-3.337839,-1.806451,0.403364,,,,,,,,,,,,-9.3593,10.98898,-1.85672,50.0,5.74013,10.35727,-137.1451,-3.02191,-17.71457,32.09427,-11.37492,FAL_COM,BRE_WHI,CCBLFalmouth,Cape Cod Baseball League,CCBL,20250615-CCBLFalmouth-2,6da11e00-4a50-11f0-bf1d-4df1f6822eb9,93.44527,,,9.03485,,,,,,,9af88363-f99a-4f69-b601-f10dcb047521,2025-06-16,01:22:54.06,2025-06-15T21:22:54.0677632-04:00,2025-06-16T01:22:54.0677632Z,,v3,6099,6096,,"Magpoc, Adam",822330,Right,BRE_WHI,0bd6aae8-8030-48d6-b50d-d3fa1144339d,54.55627,-138.20723,16.04714,5.83391,-2.64546,-5.68746,-2.20919,10.94352,-8.85729,,,,,,,,,,,,,,,,,,,,,,,,,,,,,,,,,,,,,,,,,,,,,,,,,,,High,High,High,,,,,,94.76132,20.25064,15.73402,2381.265799,15.73402,-0.0355115198568728,0.18374319194258007,0.39580054955247945,108.30928779838828,0
339,2025-06-15,21:23:14.85,4,4,"Shadek, Justin",814536,Right,BRE_WHI,"Harrison, Connor",1000339305.0,Right,FAL_COM,Undefined,9,Bottom,2,2,1,Fastball,Four-Seam,InPlay,Undefined,GroundBall,Out,1,0,,94.02475,-1.959678,-4.507275,2334.124796,222.37888,1:30,5.7337,2.35701,6.08734,-13.36265,18.30745,15.72493,2.80097,-0.51076,85.34887,-4.545208,-1.686787,0.405038,70.7756,-7.03859,-24.737594,,,,,27.13449,26.06212,-21.724879,0.242414,-9.46162,10.34438,-2.01702,50.0,5.57498,10.05555,-136.1452,-5.03758,-17.67001,31.28323,-12.85542,FAL_COM,BRE_WHI,CCBLFalmouth,Cape Cod Baseball League,CCBL,20250615-CCBLFalmouth-2,7a2109b0-4a50-11f0-bf1d-4df1f6822eb9,93.05893,3.09498,,8.67588,,,,2.44048,3.09498,0.44578,9af88363-f99a-4f69-b601-f10dcb047521,2025-06-16,01:23:14.85,2025-06-15T21:23:14.8512256-04:00,2025-06-16T01:23:14.8512256Z,GroundBall,v3,6099,6096,,"Magpoc, Adam",822330,Right,BRE_WHI,fba1bf51-8870-42d6-8f24-06dd88fe16b8,54.41229,-137.1553,15.64162,5.73094,-4.6225,-6.42771,-2.35092,10.6261,-8.83501,180.0,2.42687,93.91662,,,,,,,,3.09683,-12.76734,,,,,,,,0.45205,-43.2715,,,,,,,,,,,,,,,,,,,,,,,,,,,,,,High,High,High,Low,Medium,,,,94.02475,18.30745,15.72493,2334.124796,15.72493,-0.1272396870589477,0.18374319194258007,0.39580054955247945,111.78559047049635,0
